chain,address,name,category,secondary_category,source,source_url,tier
ethereum,0x04dba1194ee10112fe6c3207c0687def0e78bacf,Alex Adrianus Martinus Peijnenburg,sanctions,,OFAC SDN,https://sanctionslist.ofac.treas.gov/Home/SdnList,official
ethereum,0x08b2efdcdb8822efe5ad0eae55517cf5dc544251,Alex Adrianus Martinus Peijnenburg,sanctions,,OFAC SDN,https://sanctionslist.ofac.treas.gov/Home/SdnList,official
ethereum,0x0ee5067b06776a89ccc7dc8ee369984ad7db5e06,Alex Adrianus Martinus Peijnenburg,sanctions,,OFAC SDN,https://sanctionslist.ofac.treas.gov/Home/SdnList,official
ethereum,0x502371699497d08d5339c870851898d6d72521dd,Alex Adrianus Martinus Peijnenburg,sanctions,,OFAC SDN,https://sanctionslist.ofac.treas.gov/Home/SdnList,official
ethereum,0x5a14e72060c11313e38738009254a90968f58f51,Alex Adrianus Martinus Peijnenburg,sanctions,,OFAC SDN,https://sanctionslist.ofac.treas.gov/Home/SdnList,official
ethereum,0x83e5bc4ffa856bb84bb88581f5dd62a433a25e0d,Alex Adrianus Martinus Peijnenburg,sanctions,,OFAC SDN,https://sanctionslist.ofac.treas.gov/Home/SdnList,official
ethereum,0xefe301d259f525ca1ba74a7977b80d5b060b3cca,Alex Adrianus Martinus Peijnenburg,sanctions,,OFAC SDN,https://sanctionslist.ofac.treas.gov/Home/SdnList,official
ethereum,0xdb2720ebad55399117ddb4c4a4afd9a4ccada8fe,Alireza Derakhshan,sanctions,,OFAC SDN,https://sanctionslist.ofac.treas.gov/Home/SdnList,official
ethereum,0x0330070fd38ec3bb94f58fa55d40368271e9e54a,Amnokgang Technology Development Company,sanctions,,OFAC SDN,https://sanctionslist.ofac.treas.gov/Home/SdnList,official
ethereum,0x9be599d7867f5e1a2d7ec6db9710df2b98a15573,Amnokgang Technology Development Company,sanctions,,OFAC SDN,https://sanctionslist.ofac.treas.gov/Home/SdnList,official
ethereum,0xcb74874f1e06fcf80a306e06e5379a44b488ba2d,Amnokgang Technology Development Company,sanctions,,OFAC SDN,https://sanctionslist.ofac.treas.gov/Home/SdnList,official
ethereum,0x8576acc5c05d6ce88f4e49bf65bdf0c62f91353c,Anton Nikolaeyvich Andreyev,sanctions,,OFAC SDN,https://sanctionslist.ofac.treas.gov/Home/SdnList,official
ethereum,0x532b77b33a040587e9fd1800088225f99b8b0e8a,Arash Estaki Alivand,sanctions,,OFAC SDN,https://sanctionslist.ofac.treas.gov/Home/SdnList,official
ethereum,0xe3d35f68383732649669aa990832e017340dbca5,Arash Estaki Alivand,sanctions,,OFAC SDN,https://sanctionslist.ofac.treas.gov/Home/SdnList,official
ethereum,0xeb507efa9ee692a4c774ad1de9f3cb26fc459da3,Arman Kahzadian,sanctions,,OFAC SDN,https://sanctionslist.ofac.treas.gov/Home/SdnList,official
ethereum,0xef85a6fafa5942a964dc618e94e230881d29ce2a,Arman Kahzadian,sanctions,,OFAC SDN,https://sanctionslist.ofac.treas.gov/Home/SdnList,official
ethereum,0x038989cbb1710c72b9920dc4fa529158f463e72c,Armando De Jesus Ojeda Aviles,sanctions,,OFAC SDN,https://sanctionslist.ofac.treas.gov/Home/SdnList,official
ethereum,0x14779cec0b117d5194c750c55ea1f42086631964,Armando De Jesus Ojeda Aviles,sanctions,,OFAC SDN,https://sanctionslist.ofac.treas.gov/Home/SdnList,official
ethereum,0x32da24ca413f3e7b53145d4737e172c3bdf81e3e,Armando De Jesus Ojeda Aviles,sanctions,,OFAC SDN,https://sanctionslist.ofac.treas.gov/Home/SdnList,official
ethereum,0x4f428c11dc82388fa5136d636e613ad923eb700b,Armando De Jesus Ojeda Aviles,sanctions,,OFAC SDN,https://sanctionslist.ofac.treas.gov/Home/SdnList,official
ethereum,0xf2235d55b2950a0b1317469d72d07ae65b2e27cb,Armando De Jesus Ojeda Aviles,sanctions,,OFAC SDN,https://sanctionslist.ofac.treas.gov/Home/SdnList,official
ethereum,0x901bb9583b24d97e995513c6778dc6888ab6870e,Artem Mikhaylovich Lifshits,sanctions,,OFAC SDN,https://sanctionslist.ofac.treas.gov/Home/SdnList,official
ethereum,0xa7e5d5a720f06526557c513402f2e6b5fa20b008,Artem Mikhaylovich Lifshits,sanctions,,OFAC SDN,https://sanctionslist.ofac.treas.gov/Home/SdnList,official
ethereum,0x1cab8177ace78b1b6b1c393371f4f2dcae40cbeb,Behzad Mesri,sanctions,,OFAC SDN,https://sanctionslist.ofac.treas.gov/Home/SdnList,official
ethereum,0x252a8bd2319d8a555b872990601221b3a2053bce,Behzad Mesri,sanctions,,OFAC SDN,https://sanctionslist.ofac.treas.gov/Home/SdnList,official
ethereum,0x6b0736fed0634e15e19cc57fba19cd179c13abca,Behzad Mesri,sanctions,,OFAC SDN,https://sanctionslist.ofac.treas.gov/Home/SdnList,official
ethereum,0x6fac4d18c912343bf86fa7049364dd4e424ab9c0,Behzad Mesri,sanctions,,OFAC SDN,https://sanctionslist.ofac.treas.gov/Home/SdnList,official
ethereum,0x7f03679b56d8772530efa516b58bb83d4829e881,Behzad Mesri,sanctions,,OFAC SDN,https://sanctionslist.ofac.treas.gov/Home/SdnList,official
ethereum,0x8ac5381fcd9e7395d14e02986c344aada84b4bc6,Behzad Mesri,sanctions,,OFAC SDN,https://sanctionslist.ofac.treas.gov/Home/SdnList,official
ethereum,0x9697749a9e8d6c119d8eeb0d6268a1b99c40684c,Behzad Mesri,sanctions,,OFAC SDN,https://sanctionslist.ofac.treas.gov/Home/SdnList,official
ethereum,0x9dd7fa4b4950154f7e75bdd8a77266b99b94ec08,Behzad Mesri,sanctions,,OFAC SDN,https://sanctionslist.ofac.treas.gov/Home/SdnList,official
ethereum,0xa40cfbfc8534ffc84e20a7d8bbc3729b26a35f6f,Behzad Mesri,sanctions,,OFAC SDN,https://sanctionslist.ofac.treas.gov/Home/SdnList,official
ethereum,0xb5a69da691670f62510793f79a9b36c7db1a7b7c,Behzad Mesri,sanctions,,OFAC SDN,https://sanctionslist.ofac.treas.gov/Home/SdnList,official
ethereum,0xd81414abc631c6cadae1c6198b0c2b15a9b4fde5,Behzad Mesri,sanctions,,OFAC SDN,https://sanctionslist.ofac.treas.gov/Home/SdnList,official
ethereum,0xf45ecc3a59c7911181c659ce9115854c6175be91,Behzad Mesri,sanctions,,OFAC SDN,https://sanctionslist.ofac.treas.gov/Home/SdnList,official
ethereum,0x48549a34ae37b12f6a30566245176994e17c6b4a,Chatex,sanctions,,OFAC SDN,https://sanctionslist.ofac.treas.gov/Home/SdnList,official
ethereum,0x5512d943ed1f7c8a43f3435c85f7ab68b30121b0,Chatex,sanctions,,OFAC SDN,https://sanctionslist.ofac.treas.gov/Home/SdnList,official
ethereum,0x67d40ee1a85bf4a4bb7ffae16de985e8427b6b45,Chatex,sanctions,,OFAC SDN,https://sanctionslist.ofac.treas.gov/Home/SdnList,official
ethereum,0x6f1ca141a28907f78ebaa64fb83a9088b02a8352,Chatex,sanctions,,OFAC SDN,https://sanctionslist.ofac.treas.gov/Home/SdnList,official
ethereum,0xc455f7fd3e0e12afd51fba5c106909934d8a0e4a,Chatex,sanctions,,OFAC SDN,https://sanctionslist.ofac.treas.gov/Home/SdnList,official
ethereum,0x0931ca4d13bb4ba75d9b7132ab690265d749a5e7,Cryptex,sanctions,,OFAC SDN,https://sanctionslist.ofac.treas.gov/Home/SdnList,official
ethereum,0xbb69e01921b17cd22080968bcc96ba6115da6062,Crypto Home Dmcc,sanctions,,OFAC SDN,https://sanctionslist.ofac.treas.gov/Home/SdnList,official
ethereum,0x7f367cc41522ce07553e823bf3be79a889debe1b,Danil Potekhin,sanctions,,OFAC SDN,https://sanctionslist.ofac.treas.gov/Home/SdnList,official
ethereum,0xd882cfc20f52f2599d84b8e8d58c7fb62cfe344b,Dmitrii Karasavidi,sanctions,,OFAC SDN,https://sanctionslist.ofac.treas.gov/Home/SdnList,official
ethereum,0x1d19b52b54e7ef5ea1a4b40b616165e798eac9f8,Dmytro Rashevskyi,sanctions,,OFAC SDN,https://sanctionslist.ofac.treas.gov/Home/SdnList,official
ethereum,0x2c7dcd774b33e10367f7d6385479e04f97d179dc,Dmytro Rashevskyi,sanctions,,OFAC SDN,https://sanctionslist.ofac.treas.gov/Home/SdnList,official
ethereum,0x2711d73d559f62f4f855ee21f38378f528e07985,First Vpn Service,sanctions,,OFAC SDN,https://sanctionslist.ofac.treas.gov/Home/SdnList,official
ethereum,0xd5ed34b52ac4ab84d8fa8a231a3218bbf01ed510,Funnull Technology Inc,sanctions,,OFAC SDN,https://sanctionslist.ofac.treas.gov/Home/SdnList,official
ethereum,0x57ec89a0c056163a0314e413320f9b3abe761259,Garantex Europe Ou,sanctions,,OFAC SDN,https://sanctionslist.ofac.treas.gov/Home/SdnList,official
ethereum,0x7ced75026204ac29c34bea98905d4c949f27361e,Garantex Europe Ou,sanctions,,OFAC SDN,https://sanctionslist.ofac.treas.gov/Home/SdnList,official
ethereum,0x7ff9cfad3877f21d41da833e2f775db0569ee3d9,Garantex Europe Ou,sanctions,,OFAC SDN,https://sanctionslist.ofac.treas.gov/Home/SdnList,official
ethereum,0x8dce2aac0de82bdcaf6b4373b79f94331b8e4995,Garantex Europe Ou,sanctions,,OFAC SDN,https://sanctionslist.ofac.treas.gov/Home/SdnList,official
ethereum,0xb338962b92cd818d6aef0a32a9ecd01212a71f33,Garantex Europe Ou,sanctions,,OFAC SDN,https://sanctionslist.ofac.treas.gov/Home/SdnList,official
ethereum,0xd8500c631dc32fa18645b7436344a99e4825e10e,Garantex Europe Ou,sanctions,,OFAC SDN,https://sanctionslist.ofac.treas.gov/Home/SdnList,official
ethereum,0xf4377eda661e04b6dda78969796ed31658d602d4,Garantex Europe Ou,sanctions,,OFAC SDN,https://sanctionslist.ofac.treas.gov/Home/SdnList,official
ethereum,0x175d44451403edf28469df03a9280c1197adb92c,Gaza Now,sanctions,,OFAC SDN,https://sanctionslist.ofac.treas.gov/Home/SdnList,official
ethereum,0x21b8d56bda776bbe68655a16895afd96f5534fed,Gaza Now,sanctions,,OFAC SDN,https://sanctionslist.ofac.treas.gov/Home/SdnList,official
ethereum,0xe950dc316b836e4eefb8308bf32bf7c72a1358ff,Gaza Now,sanctions,,OFAC SDN,https://sanctionslist.ofac.treas.gov/Home/SdnList,official
ethereum,0x4f47bc496083c727c5fbe3ce9cdf2b0f6496270c,Hyon Sop Sim,sanctions,,OFAC SDN,https://sanctionslist.ofac.treas.gov/Home/SdnList,official
ethereum,0x747afb5c7a7fc34b547cd0fdebf9b91759c5a52b,Hyon Sop Sim,sanctions,,OFAC SDN,https://sanctionslist.ofac.treas.gov/Home/SdnList,official
ethereum,0x76ea76ca4eb727f18956ab93445a94c5280412b9,Hyon Sop Sim,sanctions,,OFAC SDN,https://sanctionslist.ofac.treas.gov/Home/SdnList,official
ethereum,0xd04e33461fea8302c5e1e13895b60cee8aefda7f,Hyon Sop Sim,sanctions,,OFAC SDN,https://sanctionslist.ofac.treas.gov/Home/SdnList,official
ethereum,0xfb3eff152ea55d1bfa04dbdd509a80fd7b72cdeb,Hyon Sop Sim,sanctions,,OFAC SDN,https://sanctionslist.ofac.treas.gov/Home/SdnList,official
ethereum,0xfda1ec4a6178d4916b001a065422d31ebe5f62ff,Hyon Sop Sim,sanctions,,OFAC SDN,https://sanctionslist.ofac.treas.gov/Home/SdnList,official
ethereum,0x11069987e8507d0669c870b578cc9f9b4017d127,Israel NBCTF sanctioned wallet,sanctions,,OpenSanctions / NBCTF,https://www.opensanctions.org/datasets/il_mod_crypto/ ; https://nbctf.mod.gov.il/en/aboutus/Pages/mandate.aspx,official
ethereum,0x7eab248c014d1043e54e96ac4f31ec7d9a97ffd3,Israel NBCTF sanctioned wallet,sanctions,,OpenSanctions / NBCTF,https://www.opensanctions.org/datasets/il_mod_crypto/ ; https://nbctf.mod.gov.il/en/aboutus/Pages/mandate.aspx,official
ethereum,0x99d29380a2e37c04e4fe75111b7d410674a6cab3,Israel NBCTF sanctioned wallet,sanctions,,OpenSanctions / NBCTF,https://www.opensanctions.org/datasets/il_mod_crypto/ ; https://nbctf.mod.gov.il/en/aboutus/Pages/mandate.aspx,official
ethereum,0xad92a818e26fc3dbce7a1972308a4a86f54dd683,Israel NBCTF sanctioned wallet,sanctions,,OpenSanctions / NBCTF,https://www.opensanctions.org/datasets/il_mod_crypto/ ; https://nbctf.mod.gov.il/en/aboutus/Pages/mandate.aspx,official
ethereum,0xc077bbfcf9b5b9eec0dd105e15b65ebc2a030600,Israel NBCTF sanctioned wallet,sanctions,,OpenSanctions / NBCTF,https://www.opensanctions.org/datasets/il_mod_crypto/ ; https://nbctf.mod.gov.il/en/aboutus/Pages/mandate.aspx,official
ethereum,0xc0d227bd0580bad9435ca0b884ebee7ff8da71c9,Israel NBCTF sanctioned wallet,sanctions,,OpenSanctions / NBCTF,https://www.opensanctions.org/datasets/il_mod_crypto/ ; https://nbctf.mod.gov.il/en/aboutus/Pages/mandate.aspx,official
ethereum,0xc3b194e0a4bfff0e986594d7768f58746e52eb53,Israel NBCTF sanctioned wallet,sanctions,,OpenSanctions / NBCTF,https://www.opensanctions.org/datasets/il_mod_crypto/ ; https://nbctf.mod.gov.il/en/aboutus/Pages/mandate.aspx,official
ethereum,0xc8fe1c81e927540fcc99ebb3c880a840082293da,Israel NBCTF sanctioned wallet,sanctions,,OpenSanctions / NBCTF,https://www.opensanctions.org/datasets/il_mod_crypto/ ; https://nbctf.mod.gov.il/en/aboutus/Pages/mandate.aspx,official
ethereum,0xddd42d46a17b9a5b0c53c5ef2b79a6acb1b50333,Israel NBCTF sanctioned wallet,sanctions,,OpenSanctions / NBCTF,https://www.opensanctions.org/datasets/il_mod_crypto/ ; https://nbctf.mod.gov.il/en/aboutus/Pages/mandate.aspx,official
ethereum,0xe090669ee62e02f4437b89058a073dc7874aed8f,Israel NBCTF sanctioned wallet,sanctions,,OpenSanctions / NBCTF,https://www.opensanctions.org/datasets/il_mod_crypto/ ; https://nbctf.mod.gov.il/en/aboutus/Pages/mandate.aspx,official
ethereum,0xebfe7a29ea17acb5f6f437e659bd2d472deedc54,Israel NBCTF sanctioned wallet,sanctions,,OpenSanctions / NBCTF,https://www.opensanctions.org/datasets/il_mod_crypto/ ; https://nbctf.mod.gov.il/en/aboutus/Pages/mandate.aspx,official
ethereum,0xf3701f445b6bdafedbca97d1e477357839e4120d,Ivan Gennadievich Kondratiev,sanctions,,OFAC SDN,https://sanctionslist.ofac.treas.gov/Home/SdnList,official
ethereum,0x38735f03b30fbc022ddd06abed01f0ca823c6a94,John Desmond Hanafin,sanctions,,OFAC SDN,https://sanctionslist.ofac.treas.gov/Home/SdnList,official
ethereum,0x39d908dac893cbcb53cc86e0ecc369aa4def1a29,Jonatan Zimenkov,sanctions,,OFAC SDN,https://sanctionslist.ofac.treas.gov/Home/SdnList,official
ethereum,0x4060cbf80734193f521a3cc6fd4e985df2825279,Keyvan Fayyaz Gareh Blagh,sanctions,,OFAC SDN,https://sanctionslist.ofac.treas.gov/Home/SdnList,official
ethereum,0x56de1527136f76a809e5b14ded6103eecd072ba7,Keyvan Fayyaz Gareh Blagh,sanctions,,OFAC SDN,https://sanctionslist.ofac.treas.gov/Home/SdnList,official
ethereum,0x8694ed130432be2cd3efff2e4d9dc52351dc7423,Keyvan Fayyaz Gareh Blagh,sanctions,,OFAC SDN,https://sanctionslist.ofac.treas.gov/Home/SdnList,official
ethereum,0xbd3276f265b83b5e828c05f46cde9d10a1521a24,Keyvan Fayyaz Gareh Blagh,sanctions,,OFAC SDN,https://sanctionslist.ofac.treas.gov/Home/SdnList,official
ethereum,0xf1c4c44d2dcbcfa704349e3b57628dbd8404e597,Keyvan Fayyaz Gareh Blagh,sanctions,,OFAC SDN,https://sanctionslist.ofac.treas.gov/Home/SdnList,official
ethereum,0x1999ef52700c34de7ec2b68a28aafb37db0c5ade,Khadzhi Murat Dalgatovich Magomedov,sanctions,,OFAC SDN,https://sanctionslist.ofac.treas.gov/Home/SdnList,official
ethereum,0x08723392ed15743cc38513c4925f5e6be5c17243,Lazarus Group,sanctions,,OFAC SDN,https://sanctionslist.ofac.treas.gov/Home/SdnList,official
ethereum,0x098b716b8aaf21512996dc57eb0615e2383e2f96,Lazarus Group,sanctions,,OFAC SDN,https://sanctionslist.ofac.treas.gov/Home/SdnList,official
ethereum,0x35fb6f6db4fb05e6a4ce86f2c93691425626d4b1,Lazarus Group,sanctions,,OFAC SDN,https://sanctionslist.ofac.treas.gov/Home/SdnList,official
ethereum,0x3cffd56b47b7b41c56258d9c7731abadc360e073,Lazarus Group,sanctions,,OFAC SDN,https://sanctionslist.ofac.treas.gov/Home/SdnList,official
ethereum,0x3e37627deaa754090fbfbb8bd226c1ce66d255e9,Lazarus Group,sanctions,,OFAC SDN,https://sanctionslist.ofac.treas.gov/Home/SdnList,official
ethereum,0x53b6936513e738f44fb50d2b9476730c0ab3bfc1,Lazarus Group,sanctions,,OFAC SDN,https://sanctionslist.ofac.treas.gov/Home/SdnList,official
ethereum,0xa0e1c89ef1a489c9c7de96311ed5ce5d32c20e4b,Lazarus Group,sanctions,,OFAC SDN,https://sanctionslist.ofac.treas.gov/Home/SdnList,official
ethereum,0xf7b31119c2682c88d88d455dbb9d5932c65cf1be,Lazarus Group,sanctions,,OFAC SDN,https://sanctionslist.ofac.treas.gov/Home/SdnList,official
ethereum,0x7d84d78bb9b6044a45fa08b7fe109f2c8648ab4e,Lazarus Group (Stake.com),sanctions,,FBI,https://www.fbi.gov/news/press-releases/fbi-identifies-lazarus-group-cyber-actors-as-responsible-for-theft-of-41-million-from-stakecom,official
ethereum,0x94f1b9b64e2932f6a2db338f616844400cd58e8a,Lazarus Group (Stake.com),sanctions,,FBI,https://www.fbi.gov/news/press-releases/fbi-identifies-lazarus-group-cyber-actors-as-responsible-for-theft-of-41-million-from-stakecom,official
ethereum,0xba36735021a9ccd7582ebc7f70164794154ff30e,Lazarus Group (Stake.com),sanctions,,FBI,https://www.fbi.gov/news/press-releases/fbi-identifies-lazarus-group-cyber-actors-as-responsible-for-theft-of-41-million-from-stakecom,official
ethereum,0xbda83686c90314cfbaaeb18db46723d83fdf0c83,Lazarus Group (Stake.com),sanctions,,FBI,https://www.fbi.gov/news/press-releases/fbi-identifies-lazarus-group-cyber-actors-as-responsible-for-theft-of-41-million-from-stakecom,official
ethereum,0x9c2bc757b66f24d60f016b6237f8cdd414a879fa,Mario Alberto Jimenez Castro,sanctions,,OFAC SDN,https://sanctionslist.ofac.treas.gov/Home/SdnList,official
ethereum,0x1967d8af5bd86a497fb3dd7899a020e47560daaf,Matthew Simon Grimm,sanctions,,OFAC SDN,https://sanctionslist.ofac.treas.gov/Home/SdnList,official
ethereum,0xd0975b32cea532eadddfc9c60481976e39db3472,Matthew Simon Grimm,sanctions,,OFAC SDN,https://sanctionslist.ofac.treas.gov/Home/SdnList,official
ethereum,0xfac583c0cf07ea434052c49115a4682172ab6b4f,Mingming Wang,sanctions,,OFAC SDN,https://sanctionslist.ofac.treas.gov/Home/SdnList,official
ethereum,0x1b8579cf6ab12ea6b74ac5fa41f3829a3cb61e6e,Mojtaba Ghal'Eh-Kuhi,sanctions,,OFAC SDN,https://sanctionslist.ofac.treas.gov/Home/SdnList,official
ethereum,0x53b9b72dc6f96eb4b54143b211b22e2548e4cf5c,NOBITEX (Israel NBCTF),sanctions,,OpenSanctions / NBCTF,https://www.opensanctions.org/datasets/il_mod_crypto/ ; https://nbctf.mod.gov.il/en/aboutus/Pages/mandate.aspx,official
ethereum,0xe3740c1b2fcda407027e2c80906306604e5260e7,NOBITEX (Israel NBCTF),sanctions,,OpenSanctions / NBCTF,https://www.opensanctions.org/datasets/il_mod_crypto/ ; https://nbctf.mod.gov.il/en/aboutus/Pages/mandate.aspx,official
ethereum,0x19f8f2b0915daa12a3f5c9cf01df9e24d53794f7,Oko Design Bureau,sanctions,,OFAC SDN,https://sanctionslist.ofac.treas.gov/Home/SdnList,official
ethereum,0x12de548f79a50d2bd05481c8515c1ef5183666a9,Old Vector Llc,sanctions,,OFAC SDN,https://sanctionslist.ofac.treas.gov/Home/SdnList,official
ethereum,0xac4cc4b68ea24bbfaac8fd127b67ed445accce22,Rodrigo Alarcon Palomares,sanctions,,OFAC SDN,https://sanctionslist.ofac.treas.gov/Home/SdnList,official
ethereum,0x5d5b5dafecbf31bdb08bfd3edad4f2694372d0ef,Rolan Sokolovski,sanctions,,OFAC SDN,https://sanctionslist.ofac.treas.gov/Home/SdnList,official
ethereum,0xc103b7dc095c904b92081eef0c1640081ec01c10,Rolan Sokolovski,sanctions,,OFAC SDN,https://sanctionslist.ofac.treas.gov/Home/SdnList,official
ethereum,0xe1e4c5e5ed8f03ae61b581e2def126025f2b9401,Rolan Sokolovski,sanctions,,OFAC SDN,https://sanctionslist.ofac.treas.gov/Home/SdnList,official
ethereum,0x43fa21d92141ba9db43052492e0deee5aa5f0a93,Roman Semenov,sanctions,,OFAC SDN,https://sanctionslist.ofac.treas.gov/Home/SdnList,official
ethereum,0x5a7a51bfb49f190e5a6060a5bc6052ac14a3b59f,Roman Semenov,sanctions,,OFAC SDN,https://sanctionslist.ofac.treas.gov/Home/SdnList,official
ethereum,0x5f48c2a71b2cc96e3f0ccae4e39318ff0dc375b2,Roman Semenov,sanctions,,OFAC SDN,https://sanctionslist.ofac.treas.gov/Home/SdnList,official
ethereum,0x6be0ae71e6c41f2f9d0d1a3b8d0f75e6f6a0b46e,Roman Semenov,sanctions,,OFAC SDN,https://sanctionslist.ofac.treas.gov/Home/SdnList,official
ethereum,0x797d7ae72ebddcdea2a346c1834e04d1f8df102b,Roman Semenov,sanctions,,OFAC SDN,https://sanctionslist.ofac.treas.gov/Home/SdnList,official
ethereum,0x931546d9e66836abf687d2bc64b30407bac8c568,Roman Semenov,sanctions,,OFAC SDN,https://sanctionslist.ofac.treas.gov/Home/SdnList,official
ethereum,0xdcbeffbecce100cce9e4b153c4e15cb885643193,Roman Semenov,sanctions,,OFAC SDN,https://sanctionslist.ofac.treas.gov/Home/SdnList,official
ethereum,0xed6e0a7e4ac94d976eebfb82ccf777a3c6bad921,Roman Semenov,sanctions,,OFAC SDN,https://sanctionslist.ofac.treas.gov/Home/SdnList,official
ethereum,0x97b1043abd9e6fc31681635166d430a458d14f9c,Sang Man Kim,sanctions,,OFAC SDN,https://sanctionslist.ofac.treas.gov/Home/SdnList,official
ethereum,0xb6f5ec1a0a9cd1526536d3f0426c429529471f40,Sang Man Kim,sanctions,,OFAC SDN,https://sanctionslist.ofac.treas.gov/Home/SdnList,official
ethereum,0x1da5821544e25c636c1417ba96ade4cf6d2f9b5a,Secondeye Solution,sanctions,,OFAC SDN,https://sanctionslist.ofac.treas.gov/Home/SdnList,official
ethereum,0x72a5843cc08275c8171e582972aa4fda8c397b2a,Secondeye Solution,sanctions,,OFAC SDN,https://sanctionslist.ofac.treas.gov/Home/SdnList,official
ethereum,0x7db418b5d567a4e0e8c59ad71be1fce48f3e6107,Secondeye Solution,sanctions,,OFAC SDN,https://sanctionslist.ofac.treas.gov/Home/SdnList,official
ethereum,0x7f19720a857f834887fc9a7bc0a0fbe7fc7f8102,Secondeye Solution,sanctions,,OFAC SDN,https://sanctionslist.ofac.treas.gov/Home/SdnList,official
ethereum,0x6b69e2a7545c166417a80c61a77562052bffa9c5,Shps Shelbit,sanctions,,OFAC SDN,https://sanctionslist.ofac.treas.gov/Home/SdnList,official
ethereum,0xe05f529f5284d75624eba386cb716928c3b54a2a,Shps Shelbit,sanctions,,OFAC SDN,https://sanctionslist.ofac.treas.gov/Home/SdnList,official
ethereum,0x8d79c73daae8630c88de372ba8f57592fa987607,Siavash Kayvanpour,sanctions,,OFAC SDN,https://sanctionslist.ofac.treas.gov/Home/SdnList,official
ethereum,0x95584c303fcd48af5c6b9873015f2ad0ca84eae3,Song Guk Yun,sanctions,,OFAC SDN,https://sanctionslist.ofac.treas.gov/Home/SdnList,official
ethereum,0xb637f84b66876ebf609c2a4208905f9ddac9d075,Song Guk Yun,sanctions,,OFAC SDN,https://sanctionslist.ofac.treas.gov/Home/SdnList,official
ethereum,0x3cbded43efdaf0fc77b9c55f6fc9988fcc9b757d,Southfront,sanctions,,OFAC SDN,https://sanctionslist.ofac.treas.gov/Home/SdnList,official
ethereum,0x9f4cda013e354b8fc285bf4b9a60460cee7f7ea9,Southfront,sanctions,,OFAC SDN,https://sanctionslist.ofac.treas.gov/Home/SdnList,official
ethereum,0x19aa5fe80d33a56d56c78e82ea5e50e5d80b4dff,"Suex Otc, S.R.O.",sanctions,,OFAC SDN,https://sanctionslist.ofac.treas.gov/Home/SdnList,official
ethereum,0x2f389ce8bd8ff92de3402ffce4691d17fc4f6535,"Suex Otc, S.R.O.",sanctions,,OFAC SDN,https://sanctionslist.ofac.treas.gov/Home/SdnList,official
ethereum,0x308ed4b7b49797e1a98d3818bff6fe5385410370,"Suex Otc, S.R.O.",sanctions,,OFAC SDN,https://sanctionslist.ofac.treas.gov/Home/SdnList,official
ethereum,0xe7aa314c77f4233c18c6cc84384a9247c0cf367b,"Suex Otc, S.R.O.",sanctions,,OFAC SDN,https://sanctionslist.ofac.treas.gov/Home/SdnList,official
ethereum,0x3ad9db589d201a710ed237c829c7860ba86510fc,Task Force Rusich,sanctions,,OFAC SDN,https://sanctionslist.ofac.treas.gov/Home/SdnList,official
ethereum,0xc2a3829f459b3edd87791c74cd45402ba0a20be3,Task Force Rusich,sanctions,,OFAC SDN,https://sanctionslist.ofac.treas.gov/Home/SdnList,official
ethereum,0x09278b36863be4ccd3d0c22d643e8062d7a11377,TraderTraitor (Bybit),sanctions,,FBI / IC3,https://www.ic3.gov/psa/2025/psa250226,official
ethereum,0x0e8c1e2881f35ef20343264862a242fb749d6b35,TraderTraitor (Bybit),sanctions,,FBI / IC3,https://www.ic3.gov/psa/2025/psa250226,official
ethereum,0x140c9ab92347734641b1a7c124ffdee58c20c3e3,TraderTraitor (Bybit),sanctions,,FBI / IC3,https://www.ic3.gov/psa/2025/psa250226,official
ethereum,0x1512fcb09463a61862b73ec09b9b354af1790268,TraderTraitor (Bybit),sanctions,,FBI / IC3,https://www.ic3.gov/psa/2025/psa250226,official
ethereum,0x1542368a03ad1f03d96d51b414f4738961cf4443,TraderTraitor (Bybit),sanctions,,FBI / IC3,https://www.ic3.gov/psa/2025/psa250226,official
ethereum,0x1bb0970508316dc735329752a4581e0a4babc6b4,TraderTraitor (Bybit),sanctions,,FBI / IC3,https://www.ic3.gov/psa/2025/psa250226,official
ethereum,0x1eb27f136bfe7947f80d6cee3cf0bfdf92b45e57,TraderTraitor (Bybit),sanctions,,FBI / IC3,https://www.ic3.gov/psa/2025/psa250226,official
ethereum,0x21032176b43d9f7e9410fb37290a78f4fed6044c,TraderTraitor (Bybit),sanctions,,FBI / IC3,https://www.ic3.gov/psa/2025/psa250226,official
ethereum,0x2290937a4498c96effb87b8371a33d108f8d433f,TraderTraitor (Bybit),sanctions,,FBI / IC3,https://www.ic3.gov/psa/2025/psa250226,official
ethereum,0x23db729908137cb60852f2936d2b5c6de0e1c887,TraderTraitor (Bybit),sanctions,,FBI / IC3,https://www.ic3.gov/psa/2025/psa250226,official
ethereum,0x30a822cdd2782d2b2a12a08526452e885978fa1d,TraderTraitor (Bybit),sanctions,,FBI / IC3,https://www.ic3.gov/psa/2025/psa250226,official
ethereum,0x3a21f4e6bbe527d347ca7c157f4233c935779847,TraderTraitor (Bybit),sanctions,,FBI / IC3,https://www.ic3.gov/psa/2025/psa250226,official
ethereum,0x40e98feeebad7ddb0f0534ccaa617427ea10187e,TraderTraitor (Bybit),sanctions,,FBI / IC3,https://www.ic3.gov/psa/2025/psa250226,official
ethereum,0x4c198b3b5f3a4b1aa706dac73d826c2b795ccd67,TraderTraitor (Bybit),sanctions,,FBI / IC3,https://www.ic3.gov/psa/2025/psa250226,official
ethereum,0x51e9d833ecae4e8d9d8be17300aee6d3398c135d,TraderTraitor (Bybit),sanctions,,FBI / IC3,https://www.ic3.gov/psa/2025/psa250226,official
ethereum,0x52207ec7b1b43aa5db116931a904371ae2c1619e,TraderTraitor (Bybit),sanctions,,FBI / IC3,https://www.ic3.gov/psa/2025/psa250226,official
ethereum,0x55cca2f5eb07907696afe4b9db5102bce5feb734,TraderTraitor (Bybit),sanctions,,FBI / IC3,https://www.ic3.gov/psa/2025/psa250226,official
ethereum,0x5af75eab6bec227657fa3e749a8bfd55f02e4b1d,TraderTraitor (Bybit),sanctions,,FBI / IC3,https://www.ic3.gov/psa/2025/psa250226,official
ethereum,0x660bfcea3a5faf823e8f8bf57dd558db034dea1d,TraderTraitor (Bybit),sanctions,,FBI / IC3,https://www.ic3.gov/psa/2025/psa250226,official
ethereum,0x684d4b58dc32af786bf6d572a792ff7a883428b9,TraderTraitor (Bybit),sanctions,,FBI / IC3,https://www.ic3.gov/psa/2025/psa250226,official
ethereum,0x6d46bd3aff100f23c194e5312f93507978a6dc91,TraderTraitor (Bybit),sanctions,,FBI / IC3,https://www.ic3.gov/psa/2025/psa250226,official
ethereum,0x723a7084028421994d4a7829108d63ab44658315,TraderTraitor (Bybit),sanctions,,FBI / IC3,https://www.ic3.gov/psa/2025/psa250226,official
ethereum,0x83c7678492d623fb98834f0fbcb2e7b7f5af8950,TraderTraitor (Bybit),sanctions,,FBI / IC3,https://www.ic3.gov/psa/2025/psa250226,official
ethereum,0x83ef5e80fad88288f770152875ab0bb16641a09e,TraderTraitor (Bybit),sanctions,,FBI / IC3,https://www.ic3.gov/psa/2025/psa250226,official
ethereum,0x8c7235e1a6eef91b980d0fca083347fbb7ee1806,TraderTraitor (Bybit),sanctions,,FBI / IC3,https://www.ic3.gov/psa/2025/psa250226,official
ethereum,0x9271eddda0f0f2bb7b1a0c712bdf8dbd0a38d1ab,TraderTraitor (Bybit),sanctions,,FBI / IC3,https://www.ic3.gov/psa/2025/psa250226,official
ethereum,0x959c4ca19c4532c97a657d82d97accbab70e6fb4,TraderTraitor (Bybit),sanctions,,FBI / IC3,https://www.ic3.gov/psa/2025/psa250226,official
ethereum,0x96244d83dc15d36847c35209bbdc5bdde9bec3d8,TraderTraitor (Bybit),sanctions,,FBI / IC3,https://www.ic3.gov/psa/2025/psa250226,official
ethereum,0x9ef42873ae015aa3da0c4354aef94a18d2b3407b,TraderTraitor (Bybit),sanctions,,FBI / IC3,https://www.ic3.gov/psa/2025/psa250226,official
ethereum,0xa4b2fd68593b6f34e51cb9edb66e71c1b4ab449e,TraderTraitor (Bybit),sanctions,,FBI / IC3,https://www.ic3.gov/psa/2025/psa250226,official
ethereum,0xa5a023e052243b7cce34cbd4ba20180e8dea6ad6,TraderTraitor (Bybit),sanctions,,FBI / IC3,https://www.ic3.gov/psa/2025/psa250226,official
ethereum,0xaf620e6d32b1c67f3396ef5d2f7d7642dc2e6ce9,TraderTraitor (Bybit),sanctions,,FBI / IC3,https://www.ic3.gov/psa/2025/psa250226,official
ethereum,0xb172f7e99452446f18ff49a71bfeecf0873003b4,TraderTraitor (Bybit),sanctions,,FBI / IC3,https://www.ic3.gov/psa/2025/psa250226,official
ethereum,0xb4a862a81abb2f952fca4c6f5510962e18c7f1a2,TraderTraitor (Bybit),sanctions,,FBI / IC3,https://www.ic3.gov/psa/2025/psa250226,official
ethereum,0xb72334cb9d0b614d30c4c60e2bd12ff5ed03c305,TraderTraitor (Bybit),sanctions,,FBI / IC3,https://www.ic3.gov/psa/2025/psa250226,official
ethereum,0xbc3e5e8c10897a81b63933348f53f2e052f89a7e,TraderTraitor (Bybit),sanctions,,FBI / IC3,https://www.ic3.gov/psa/2025/psa250226,official
ethereum,0xbca02b395747d62626a65016f2e64a20bd254a39,TraderTraitor (Bybit),sanctions,,FBI / IC3,https://www.ic3.gov/psa/2025/psa250226,official
ethereum,0xbde2cc5375fa9e0383309a2ca31213f2d6cabcbd,TraderTraitor (Bybit),sanctions,,FBI / IC3,https://www.ic3.gov/psa/2025/psa250226,official
ethereum,0xcd1a4a457ca8b0931c3bf81df3cfa227adbdb6e9,TraderTraitor (Bybit),sanctions,,FBI / IC3,https://www.ic3.gov/psa/2025/psa250226,official
ethereum,0xcd7ec020121ead6f99855cbb972df502db5bc63a,TraderTraitor (Bybit),sanctions,,FBI / IC3,https://www.ic3.gov/psa/2025/psa250226,official
ethereum,0xd3c611aed139107dec2294032da3913bc26507fb,TraderTraitor (Bybit),sanctions,,FBI / IC3,https://www.ic3.gov/psa/2025/psa250226,official
ethereum,0xd5b58cf7813c1edc412367b97876bd400ea5c489,TraderTraitor (Bybit),sanctions,,FBI / IC3,https://www.ic3.gov/psa/2025/psa250226,official
ethereum,0xdd90071d52f20e85c89802e5dc1ec0a7b6475f92,TraderTraitor (Bybit),sanctions,,FBI / IC3,https://www.ic3.gov/psa/2025/psa250226,official
ethereum,0xe69753ddfbedbd249e703eb374452e78dae1ae49,TraderTraitor (Bybit),sanctions,,FBI / IC3,https://www.ic3.gov/psa/2025/psa250226,official
ethereum,0xe9bc552fdfa54b30296d95f147e3e0280ff7f7e6,TraderTraitor (Bybit),sanctions,,FBI / IC3,https://www.ic3.gov/psa/2025/psa250226,official
ethereum,0xeb0baa3a556586192590cad296b1e48df62a8549,TraderTraitor (Bybit),sanctions,,FBI / IC3,https://www.ic3.gov/psa/2025/psa250226,official
ethereum,0xf03afb1c6a11a7e370920ad42e6ee735dbedf0b1,TraderTraitor (Bybit),sanctions,,FBI / IC3,https://www.ic3.gov/psa/2025/psa250226,official
ethereum,0xf0a16603289eaf35f64077ba3681af41194a1c09,TraderTraitor (Bybit),sanctions,,FBI / IC3,https://www.ic3.gov/psa/2025/psa250226,official
ethereum,0xf302572594a68aa8f951fae64ed3ae7da41c72be,TraderTraitor (Bybit),sanctions,,FBI / IC3,https://www.ic3.gov/psa/2025/psa250226,official
ethereum,0xfa3fcccb897079fd83bfba690e7d47eb402d6c49,TraderTraitor (Bybit),sanctions,,FBI / IC3,https://www.ic3.gov/psa/2025/psa250226,official
ethereum,0xfc926659dd8808f6e3e0a8d61b20b871f3fa6465,TraderTraitor (Bybit),sanctions,,FBI / IC3,https://www.ic3.gov/psa/2025/psa250226,official
ethereum,0x983a81ca6fb1e441266d2fbcb7d8e530ac2e05a2,"Valerian Labs, Inc.",sanctions,,OFAC SDN,https://sanctionslist.ofac.treas.gov/Home/SdnList,official
ethereum,0x961c5be54a2ffc17cf4cb021d863c42dacd47fc1,Wei Zhang,sanctions,,OFAC SDN,https://sanctionslist.ofac.treas.gov/Home/SdnList,official
ethereum,0x530a64c0ce595026a4a556b703644228179e2d57,Xingbiao Shen,sanctions,,OFAC SDN,https://sanctionslist.ofac.treas.gov/Home/SdnList,official
ethereum,0xfec8a60023265364d066a1212fde3930f6ae8da7,Yevgeniy Igorevich Polyanin,sanctions,,OFAC SDN,https://sanctionslist.ofac.treas.gov/Home/SdnList,official
ethereum,0xe1d865c3d669dcc8c57c8d023140cb204e672ee4,Yunhe Wang,sanctions,,OFAC SDN,https://sanctionslist.ofac.treas.gov/Home/SdnList,official
ethereum,0x6818809eefce719e480a7526d76bd3e561526b46,Privacy Pools Entrypoint,mixer,,Privacy Pools deployments,https://docs.privacypools.com/deployments,official
ethereum,0xdd8aa0560a08e39c0b3a84bba356bc025afbd4c1,Privacy Pools Entrypoint Implementation,mixer,,Privacy Pools deployments,https://docs.privacypools.com/deployments,official
ethereum,0xf241d57c6debae225c0f2e6ea1529373c9a9c9fb,Privacy Pools ETH Pool,mixer,,Privacy Pools deployments,https://docs.privacypools.com/deployments,official
ethereum,0xa45aca8604a73d80c551faad6355a5c3a5565ec6,Privacy Pools Ragequit Verifier,mixer,,Privacy Pools deployments,https://docs.privacypools.com/deployments,official
ethereum,0x022891f938ae7fdc8ab9ead0fbf50aba8c897d6d,Privacy Pools Withdrawal Verifier,mixer,,Privacy Pools deployments,https://docs.privacypools.com/deployments,official
ethereum,0x4025ee6512dbbda97049bcf5aa5d38c54af6be8a,Railgun Relay Adapt,mixer,,RAILGUN contract ABIs / deployments,https://www.npmjs.com/package/@railgun-reloaded/contract-abis,official
ethereum,0xfa7093cdd9ee6932b4eb2c9e1cde7ce00b1fa4b9,Railgun Smart Wallet,mixer,,RAILGUN docs helpful links,https://docs.railgun.org/wiki/learn/helpful-links,official
ethereum,0x87ef9c733296ff2e6aae8d1023c0c4a53909a40f,sideshift.ai,mixer,,GraphSense TagPack / INTERPOL TagPack,https://www.interpol.int,official
ethereum,0xcdd37ada79f589c15bd4f8fd2083dc88e34a2af2,sideshift.ai,mixer,,GraphSense TagPack / INTERPOL TagPack,https://www.interpol.int,official
ethereum,0xd7f0e24bd353404752f61c16efed0847998b1205,sideshift.ai,mixer,,GraphSense TagPack / INTERPOL TagPack,https://www.interpol.int,official
ethereum,0x01e2919679362dfbc9ee1644ba9c6da6d6245bb1,Tornado Cash,mixer,,OFAC,https://ofac.treasury.gov/recent-actions/20220808,official
ethereum,0x03893a7c7463ae47d46bc7f091665f1893656003,Tornado Cash,mixer,,OFAC,https://ofac.treasury.gov/recent-actions/20220808,official
ethereum,0x05e0b5b40b7b66098c2161a5ee11c5740a3a7c45,Tornado Cash,mixer,,OFAC,https://ofac.treasury.gov/recent-actions/20220808,official
ethereum,0x07687e702b410fa43f4cb4af7fa097918ffd2730,Tornado Cash,mixer,,OFAC,https://ofac.treasury.gov/recent-actions/20220808,official
ethereum,0x0836222f2b2b24a3f36f98668ed8f0b38d1a872f,Tornado Cash,mixer,,OFAC,https://ofac.treasury.gov/recent-actions/20220808,official
ethereum,0x09193888b3f38c82dedfda55259a82c0e7de875e,Tornado Cash,mixer,,OFAC,https://ofac.treasury.gov/recent-actions/20220808,official
ethereum,0x0e3a09dda6b20afbb34ac7cd4a6881493f3e7bf7,Tornado Cash,mixer,,OFAC,https://ofac.treasury.gov/recent-actions/20220808,official
ethereum,0x12d66f87a04a9e220743712ce6d9bb1b5616b8fc,Tornado Cash,mixer,,OFAC,https://ofac.treasury.gov/recent-actions/20220808,official
ethereum,0x1356c899d8c9467c7f71c195612f8a395abf2f0a,Tornado Cash,mixer,,OFAC,https://ofac.treasury.gov/recent-actions/20220808,official
ethereum,0x169ad27a470d064dede56a2d3ff727986b15d52b,Tornado Cash,mixer,,OFAC,https://ofac.treasury.gov/recent-actions/20220808,official
ethereum,0x178169b423a011fff22b9e3f3abea13414ddd0f1,Tornado Cash,mixer,,OFAC,https://ofac.treasury.gov/recent-actions/20220808,official
ethereum,0x179f48c78f57a3a78f0608cc9197b8972921d1d2,Tornado Cash,mixer,,OFAC,https://ofac.treasury.gov/recent-actions/20220808,official
ethereum,0x1e34a77868e19a6647b1f2f47b51ed72dede95dd,Tornado Cash,mixer,,OFAC,https://ofac.treasury.gov/recent-actions/20220808,official
ethereum,0x22aaa7720ddd5388a3c0a3333430953c68f1849b,Tornado Cash,mixer,,OFAC,https://ofac.treasury.gov/recent-actions/20220808,official
ethereum,0x23173fe8b96a4ad8d2e17fb83ea5dcccdca1ae52,Tornado Cash,mixer,,OFAC,https://ofac.treasury.gov/recent-actions/20220808,official
ethereum,0x23773e65ed146a459791799d01336db287f25334,Tornado Cash,mixer,,OFAC,https://ofac.treasury.gov/recent-actions/20220808,official
ethereum,0x242654336ca2205714071898f67e254eb49acdce,Tornado Cash,mixer,,OFAC,https://ofac.treasury.gov/recent-actions/20220808,official
ethereum,0x2573bac39ebe2901b4389cd468f2872cf7767faf,Tornado Cash,mixer,,OFAC,https://ofac.treasury.gov/recent-actions/20220808,official
ethereum,0x26903a5a198d571422b2b4ea08b56a37cbd68c89,Tornado Cash,mixer,,OFAC,https://ofac.treasury.gov/recent-actions/20220808,official
ethereum,0x2717c5e28cf931547b621a5dddb772ab6a35b701,Tornado Cash,mixer,,OFAC,https://ofac.treasury.gov/recent-actions/20220808,official
ethereum,0x2f50508a8a3d323b91336fa3ea6ae50e55f32185,Tornado Cash,mixer,,OFAC,https://ofac.treasury.gov/recent-actions/20220808,official
ethereum,0x2fc93484614a34f26f7970cbb94615ba109bb4bf,Tornado Cash,mixer,,OFAC,https://ofac.treasury.gov/recent-actions/20220808,official
ethereum,0x330bdfade01ee9bf63c209ee33102dd334618e0a,Tornado Cash,mixer,,OFAC,https://ofac.treasury.gov/recent-actions/20220808,official
ethereum,0x3aac1cc67c2ec5db4ea850957b967ba153ad6279,Tornado Cash,mixer,,OFAC,https://ofac.treasury.gov/recent-actions/20220808,official
ethereum,0x3efa30704d2b8bbac821307230376556cf8cc39e,Tornado Cash,mixer,,OFAC,https://ofac.treasury.gov/recent-actions/20220808,official
ethereum,0x407cceeaa7c95d2fe2250bf9f2c105aa7aafb512,Tornado Cash,mixer,,OFAC,https://ofac.treasury.gov/recent-actions/20220808,official
ethereum,0x4736dcf1b7a3d580672cce6e7c65cd5cc9cfba9d,Tornado Cash,mixer,,OFAC,https://ofac.treasury.gov/recent-actions/20220808,official
ethereum,0x47ce0c6ed5b0ce3d3a51fdb1c52dc66a7c3c2936,Tornado Cash,mixer,,OFAC,https://ofac.treasury.gov/recent-actions/20220808,official
ethereum,0x527653ea119f3e6a1f5bd18fbf4714081d7b31ce,Tornado Cash,mixer,,OFAC,https://ofac.treasury.gov/recent-actions/20220808,official
ethereum,0x538ab61e8a9fc1b2f93b3dd9011d662d89be6fe6,Tornado Cash,mixer,,OFAC,https://ofac.treasury.gov/recent-actions/20220808,official
ethereum,0x57b2b8c82f065de8ef5573f9730fc1449b403c9f,Tornado Cash,mixer,,OFAC,https://ofac.treasury.gov/recent-actions/20220808,official
ethereum,0x58e8dcc13be9780fc42e8723d8ead4cf46943df2,Tornado Cash,mixer,,OFAC,https://ofac.treasury.gov/recent-actions/20220808,official
ethereum,0x5cab7692d4e94096462119ab7bf57319726eed2a,Tornado Cash,mixer,,OFAC,https://ofac.treasury.gov/recent-actions/20220808,official
ethereum,0x5efda50f22d34f262c29268506c5fa42cb56a1ce,Tornado Cash,mixer,,OFAC,https://ofac.treasury.gov/recent-actions/20220808,official
ethereum,0x5f6c97c6ad7bdd0ae7e0dd4ca33a4ed3fdabd4d7,Tornado Cash,mixer,,OFAC,https://ofac.treasury.gov/recent-actions/20220808,official
ethereum,0x610b717796ad172b316836ac95a2ffad065ceab4,Tornado Cash,mixer,,OFAC,https://ofac.treasury.gov/recent-actions/20220808,official
ethereum,0x653477c392c16b0765603074f157314cc4f40c32,Tornado Cash,mixer,,OFAC,https://ofac.treasury.gov/recent-actions/20220808,official
ethereum,0x6bf694a291df3fec1f7e69701e3ab6c592435ae7,Tornado Cash,mixer,,OFAC,https://ofac.treasury.gov/recent-actions/20220808,official
ethereum,0x722122df12d4e14e13ac3b6895a86e84145b6967,Tornado Cash,mixer,,OFAC,https://ofac.treasury.gov/recent-actions/20220808,official
ethereum,0x723b78e67497e85279cb204544566f4dc5d2aca0,Tornado Cash,mixer,,OFAC,https://ofac.treasury.gov/recent-actions/20220808,official
ethereum,0x743494b60097a2230018079c02fe21a7b687eaa5,Tornado Cash,mixer,,OFAC,https://ofac.treasury.gov/recent-actions/20220808,official
ethereum,0x746aebc06d2ae31b71ac51429a19d54e797878e9,Tornado Cash,mixer,,OFAC,https://ofac.treasury.gov/recent-actions/20220808,official
ethereum,0x756c4628e57f7e7f8a459ec2752968360cf4d1aa,Tornado Cash,mixer,,OFAC,https://ofac.treasury.gov/recent-actions/20220808,official
ethereum,0x76d85b4c0fc497eecc38902397ac608000a06607,Tornado Cash,mixer,,OFAC,https://ofac.treasury.gov/recent-actions/20220808,official
ethereum,0x776198ccf446dfa168347089d7338879273172cf,Tornado Cash,mixer,,OFAC,https://ofac.treasury.gov/recent-actions/20220808,official
ethereum,0x77777feddddffc19ff86db637967013e6c6a116c,Tornado Cash,mixer,,OFAC,https://ofac.treasury.gov/recent-actions/20220808,official
ethereum,0x8281aa6795ade17c8973e1aedca380258bc124f9,Tornado Cash,mixer,,OFAC,https://ofac.treasury.gov/recent-actions/20220808,official
ethereum,0x833481186f16cece3f1eeea1a694c42034c3a0db,Tornado Cash,mixer,,OFAC,https://ofac.treasury.gov/recent-actions/20220808,official
ethereum,0x84443cfd09a48af6ef360c6976c5392ac5023a1f,Tornado Cash,mixer,,OFAC,https://ofac.treasury.gov/recent-actions/20220808,official
ethereum,0x8589427373d6d84e98730d7795d8f6f8731fda16,Tornado Cash,mixer,,OFAC,https://ofac.treasury.gov/recent-actions/20220808,official
ethereum,0x88fd245fedec4a936e700f9173454d1931b4c307,Tornado Cash,mixer,,OFAC,https://ofac.treasury.gov/recent-actions/20220808,official
ethereum,0x905b63fff465b9ffbf41dea908ceb12478ec7601,Tornado Cash,mixer,,OFAC,https://ofac.treasury.gov/recent-actions/20220808,official
ethereum,0x910cbd523d972eb0a6f4cae4618ad62622b39dbf,Tornado Cash,mixer,,OFAC,https://ofac.treasury.gov/recent-actions/20220808,official
ethereum,0x94a1b5cdb22c43faab4abeb5c74999895464ddaf,Tornado Cash,mixer,,OFAC,https://ofac.treasury.gov/recent-actions/20220808,official
ethereum,0x94be88213a387e992dd87de56950a9aef34b9448,Tornado Cash,mixer,,OFAC,https://ofac.treasury.gov/recent-actions/20220808,official
ethereum,0x94c92f096437ab9958fc0a37f09348f30389ae79,Tornado Cash,mixer,,OFAC,https://ofac.treasury.gov/recent-actions/20220808,official
ethereum,0x9ad122c22b14202b4490edaf288fdb3c7cb3ff5e,Tornado Cash,mixer,,OFAC,https://ofac.treasury.gov/recent-actions/20220808,official
ethereum,0xa160cdab225685da1d56aa342ad8841c3b53f291,Tornado Cash,mixer,,OFAC,https://ofac.treasury.gov/recent-actions/20220808,official
ethereum,0xa5c2254e4253490c54cef0a4347fddb8f75a4998,Tornado Cash,mixer,,OFAC,https://ofac.treasury.gov/recent-actions/20220808,official
ethereum,0xa60c772958a3ed56c1f15dd055ba37ac8e523a0d,Tornado Cash,mixer,,OFAC,https://ofac.treasury.gov/recent-actions/20220808,official
ethereum,0xaeaac358560e11f52454d997aaff2c5731b6f8a6,Tornado Cash,mixer,,OFAC,https://ofac.treasury.gov/recent-actions/20220808,official
ethereum,0xaf4c0b70b2ea9fb7487c7cbb37ada259579fe040,Tornado Cash,mixer,,OFAC,https://ofac.treasury.gov/recent-actions/20220808,official
ethereum,0xaf8d1839c3c67cf571aa74b5c12398d4901147b3,Tornado Cash,mixer,,OFAC,https://ofac.treasury.gov/recent-actions/20220808,official
ethereum,0xb04e030140b30c27bcdfaafffa98c57d80eda7b4,Tornado Cash,mixer,,OFAC,https://ofac.treasury.gov/recent-actions/20220808,official
ethereum,0xb1c8094b234dce6e03f10a5b673c1d8c69739a00,Tornado Cash,mixer,,OFAC,https://ofac.treasury.gov/recent-actions/20220808,official
ethereum,0xb20c66c4de72433f3ce747b58b86830c459ca911,Tornado Cash,mixer,,OFAC,https://ofac.treasury.gov/recent-actions/20220808,official
ethereum,0xb541fc07bc7619fd4062a54d96268525cbc6ffef,Tornado Cash,mixer,,OFAC,https://ofac.treasury.gov/recent-actions/20220808,official
ethereum,0xba214c1c1928a32bffe790263e38b4af9bfcd659,Tornado Cash,mixer,,OFAC,https://ofac.treasury.gov/recent-actions/20220808,official
ethereum,0xbb93e510bbcd0b7beb5a853875f9ec60275cf498,Tornado Cash,mixer,,OFAC,https://ofac.treasury.gov/recent-actions/20220808,official
ethereum,0xca0840578f57fe71599d29375e16783424023357,Tornado Cash,mixer,,OFAC,https://ofac.treasury.gov/recent-actions/20220808,official
ethereum,0xcc84179ffd19a1627e79f8648d09e095252bc418,Tornado Cash,mixer,,OFAC,https://ofac.treasury.gov/recent-actions/20220808,official
ethereum,0xcee71753c9820f063b38fdbe4cfdaf1d3d928a80,Tornado Cash,mixer,,OFAC,https://ofac.treasury.gov/recent-actions/20220808,official
ethereum,0xd21be7248e0197ee08e0c20d4a96debdac3d20af,Tornado Cash,mixer,,OFAC,https://ofac.treasury.gov/recent-actions/20220808,official
ethereum,0xd47438c816c9e7f2e2888e060936a499af9582b3,Tornado Cash,mixer,,OFAC,https://ofac.treasury.gov/recent-actions/20220808,official
ethereum,0xd4b88df4d29f5cedd6857912842cff3b20c8cfa3,Tornado Cash,mixer,,OFAC,https://ofac.treasury.gov/recent-actions/20220808,official
ethereum,0xd5d6f8d9e784d0e26222ad3834500801a68d027d,Tornado Cash,mixer,,OFAC,https://ofac.treasury.gov/recent-actions/20220808,official
ethereum,0xd691f27f38b395864ea86cfc7253969b409c362d,Tornado Cash,mixer,,OFAC,https://ofac.treasury.gov/recent-actions/20220808,official
ethereum,0xd692fd2d0b2fbd2e52cfa5b5b9424bc981c30696,Tornado Cash,mixer,,OFAC,https://ofac.treasury.gov/recent-actions/20220808,official
ethereum,0xd82ed8786d7c69dc7e052f7a542ab047971e73d2,Tornado Cash,mixer,,OFAC,https://ofac.treasury.gov/recent-actions/20220808,official
ethereum,0xd8d7de3349ccaa0fde6298fe6d7b7d0d34586193,Tornado Cash,mixer,,OFAC,https://ofac.treasury.gov/recent-actions/20220808,official
ethereum,0xd90e2f925da726b50c4ed8d0fb90ad053324f31b,Tornado Cash,mixer,,OFAC,https://ofac.treasury.gov/recent-actions/20220808,official
ethereum,0xd96f2b1c14db8458374d9aca76e26c3d18364307,Tornado Cash,mixer,,OFAC,https://ofac.treasury.gov/recent-actions/20220808,official
ethereum,0xdd4c48c0b24039969fc16d1cdf626eab821d3384,Tornado Cash,mixer,,OFAC,https://ofac.treasury.gov/recent-actions/20220808,official
ethereum,0xdf231d99ff8b6c6cbf4e9b9a945cbacef9339178,Tornado Cash,mixer,,OFAC,https://ofac.treasury.gov/recent-actions/20220808,official
ethereum,0xdf3a408c53e5078af6e8fb2a85088d46ee09a61b,Tornado Cash,mixer,,OFAC,https://ofac.treasury.gov/recent-actions/20220808,official
ethereum,0xedc5d01286f99a066559f60a585406f3878a033e,Tornado Cash,mixer,,OFAC,https://ofac.treasury.gov/recent-actions/20220808,official
ethereum,0xf4b067dd14e95bab89be928c07cb22e3c94e0daa,Tornado Cash,mixer,,OFAC,https://ofac.treasury.gov/recent-actions/20220808,official
ethereum,0xf60dd140cff0706bae9cd734ac3ae76ad9ebc32a,Tornado Cash,mixer,,OFAC,https://ofac.treasury.gov/recent-actions/20220808,official
ethereum,0xf67721a2d8f736e75a49fdd7fad2e31d8676542a,Tornado Cash,mixer,,OFAC,https://ofac.treasury.gov/recent-actions/20220808,official
ethereum,0xfd8610d20aa15b7b2e3be39b396a1bc3516c7144,Tornado Cash,mixer,,OFAC,https://ofac.treasury.gov/recent-actions/20220808,official
ethereum,0xffbac21a641dcfe4552920138d90f3638b3c9fba,Tornado Cash,mixer,,OFAC,https://ofac.treasury.gov/recent-actions/20220808,official
ethereum,0xfa4c1f3f7d5dd7c12a9adb82cd7dda542e3d59ef,Tornado.Cash: Gas Compensation Vault,mixer,,Etherscan label / Tornado Cash,https://etherscan.io/accounts/label/tornado-cash,community
ethereum,0x3f615ba21bc6cc5d4a6d798c5950cc5c42937fbd,Tornado.Cash: L1 Unwrapper,mixer,,Etherscan label / Tornado Cash,https://etherscan.io/accounts/label/tornado-cash,community
ethereum,0x43a3be4ae954d9869836702afd10393d3a7ea417,Tornado.Cash: Old Trees,mixer,,Etherscan label / Tornado Cash,https://etherscan.io/accounts/label/tornado-cash,community
ethereum,0x00d5ec4cdf59374b2a47e842b799027356eac02b,Tornado.Cash: Team 2 Vesting,mixer,,Etherscan label / Tornado Cash,https://etherscan.io/accounts/label/tornado-cash,community
ethereum,0x77c08248c93ab53ff734ac555c932f8b9089d4c9,Tornado.Cash: Team 3 Vesting,mixer,,Etherscan label / Tornado Cash,https://etherscan.io/accounts/label/tornado-cash,community
ethereum,0xc3877028655ebe90b9447dd33de391c955ead267,Tornado.Cash: Team 4 Vesting,mixer,,Etherscan label / Tornado Cash,https://etherscan.io/accounts/label/tornado-cash,community
ethereum,0xb43432ec23e228fb7cb0fa52968949458b509f4f,Tornado.Cash: Team 5 Vesting,mixer,,Etherscan label / Tornado Cash,https://etherscan.io/accounts/label/tornado-cash,community
ethereum,0xf0bc1ae4ef7ffb126a8347d06ac6f8add770e1ce,1Million Token,gambling,,Etherscan label / Gambling,https://etherscan.io/accounts/label/gambling,community
ethereum,0x777f415324d56e1d54fa832902d8797db7a4c57c,1xBet,gambling,,Etherscan label / Gambling,https://etherscan.io/accounts/label/gambling,community
ethereum,0xa3ac41fde5f3a569fa79e81ffe6734ee8097ce9d,4xBit (4XB),gambling,,Etherscan label / Gambling,https://etherscan.io/accounts/label/gambling,community
ethereum,0x885e127aba09bf8fae058a2895c221b37697c9be,AceD (AceD),gambling,,Etherscan label / Gambling,https://etherscan.io/accounts/label/gambling,community
ethereum,0x27ad8e47c48063b209fa5ca14c8c46ece49b82d2,Active World Rewards Token,gambling,,Etherscan label / Gambling,https://etherscan.io/accounts/label/gambling,community
ethereum,0xe84a69675d316a639203b527919504b33e8d6f20,Adapp.Games: Space Dice,gambling,,Etherscan label / Gambling,https://etherscan.io/accounts/label/gambling,community
ethereum,0xd0823c151d23678c6efe2b73b70aedf25be469fa,AIO Token (AIO),gambling,,Etherscan label / Gambling,https://etherscan.io/accounts/label/gambling,community
ethereum,0xaee7474c3713ece228aa5ec43c89c708f2ec7ed2,Alphaslot (SLOT),gambling,,Etherscan label (octal mirror) / Gambling,https://etherscan.io/accounts/label/gambling,community
ethereum,0xf1ac7a375429719de0dde33528e2639b9a206eba,AMGO - Arena Match Gold,gambling,,Etherscan label / Gambling,https://etherscan.io/accounts/label/gambling,community
ethereum,0xeaee3a142ac4e0494bfb60d493b804ca9a739339,ASTOSCH COIN (ATC),gambling,,Etherscan label / Gambling,https://etherscan.io/accounts/label/gambling,community
ethereum,0x2239df7104fd3f4a5e464e108506e76c47858a20,BankHeist4D,gambling,,Etherscan label / Gambling,https://etherscan.io/accounts/label/gambling,community
ethereum,0x83d6a2171f78e8ffe4dfe7680983effc49cff7a0,Bet Chips (BetC),gambling,,Etherscan label / Gambling,https://etherscan.io/accounts/label/gambling,community
ethereum,0xb9a8695a234b6e8f9e65d299df8f94234540fc05,Betbeetle (BTL),gambling,,Etherscan label / Gambling,https://etherscan.io/accounts/label/gambling,community
ethereum,0xbcedc2e888e603d6fe6e15b797aa1c42ecf644f2,betbox coin (OX),gambling,,Etherscan label / Gambling,https://etherscan.io/accounts/label/gambling,community
ethereum,0x73b708e84837ffccde2933e3a1531fe61d5e80ef,Betero (BTE),gambling,,Etherscan label / Gambling,https://etherscan.io/accounts/label/gambling,community
ethereum,0x59c033ec65e6b9c501c1ee34fb42f2575da4b517,Betherchip (BEC),gambling,,Etherscan label / Gambling,https://etherscan.io/accounts/label/gambling,community
ethereum,0x14c926f2290044b647e1bf2072e67b495eff1905,Bethereum (BETHER),gambling,,Etherscan label / Gambling,https://etherscan.io/accounts/label/gambling,community
ethereum,0x99bddf8ebbf40f88da9d5a3b13cb4fdd3dbb57cf,BetlyCoin (BETLY),gambling,,Etherscan label / Gambling,https://etherscan.io/accounts/label/gambling,community
ethereum,0x4981553e8ccf6df916b36a2d6b6f8fc567628a51,Betnomi (BNI),gambling,,Etherscan label / Gambling,https://etherscan.io/accounts/label/gambling,community
ethereum,0x49aec0752e68d0282db544c677f6ba407ba17ed7,Billionaire Token,gambling,,Etherscan label / Gambling,https://etherscan.io/accounts/label/gambling,community
ethereum,0x2aa4a3e8bb72be68a31c9c3c98ca7bec723c6222,BispexToken (BPX),gambling,,Etherscan label / Gambling,https://etherscan.io/accounts/label/gambling,community
ethereum,0xeb6985acd6d0cbff60b88032b0b29ac1d9d66a1b,Bitbook Gambling,gambling,,Etherscan label / Gambling,https://etherscan.io/accounts/label/gambling,community
ethereum,0xec270e8f52b492dd0c2dcd43fc6f868e78f49f18,BitDraw (BTDW),gambling,,Etherscan label / Gambling,https://etherscan.io/accounts/label/gambling,community
ethereum,0xf5d4619bf91cabd8d850ce0673fd7908e9c37b2c,Bitnity (BTNTY),gambling,,Etherscan label / Gambling,https://etherscan.io/accounts/label/gambling,community
ethereum,0xe9b1a2164368c00fc93e0e749d9b3cafa1bc6ee2,Bitsler.com: ETH,gambling,,Etherscan label / Gambling,https://etherscan.io/accounts/label/gambling,community
ethereum,0x8758559975f35dd7d6f05fd59d3948eb43802d4a,Bitsler.com: USDT,gambling,,Etherscan label / Gambling,https://etherscan.io/accounts/label/gambling,community
ethereum,0x36b68e098d02a97b70fd1b71df1e805ec3d4e4d7,Blockball Token,gambling,,Etherscan label / Gambling,https://etherscan.io/accounts/label/gambling,community
ethereum,0x2d886570a0da04885bfd6eb48ed8b8ff01a0eb7e,Blockchain Bets,gambling,,Etherscan label / Gambling,https://etherscan.io/accounts/label/gambling,community
ethereum,0x4fe9f52ec23f6805f2fd0332a34da4f1c135b024,Cai Token (CAI),gambling,,Etherscan label / Gambling,https://etherscan.io/accounts/label/gambling,community
ethereum,0x56f7c2a441ccac31bd9e2ee232677d9265be390f,candleo.money,gambling,,Etherscan label / Gambling,https://etherscan.io/accounts/label/gambling,community
ethereum,0xa8f93faee440644f89059a2c88bdc9bf3be5e2ea,Cash Poker Pro,gambling,,Etherscan label / Gambling,https://etherscan.io/accounts/label/gambling,community
ethereum,0x0c4bc8d2cceb6931304db39ee019403c3b8fb1ef,Casino Finance,gambling,,Etherscan label / Gambling,https://etherscan.io/accounts/label/gambling,community
ethereum,0xad2aa3c57570ad9811ba8ee90316f9c73f78035a,Casino Land Network,gambling,,Etherscan label / Gambling,https://etherscan.io/accounts/label/gambling,community
ethereum,0x5f75112bbb4e1af516fbe3e21528c63da2b6a1a5,Chess Coin (CHESS),gambling,,Etherscan label / Gambling,https://etherscan.io/accounts/label/gambling,community
ethereum,0x7a2c7928c8cf294e25ca7db8a379278c5b0cfa0f,Cino Games (CINO),gambling,,Etherscan label / Gambling,https://etherscan.io/accounts/label/gambling,community
ethereum,0x9b0b23b35ad8136e6181f22b346134ce5f426090,Cino Token (CINO),gambling,,Etherscan label / Gambling,https://etherscan.io/accounts/label/gambling,community
ethereum,0x9250e33f8ae7b9fe02fb9af97a0c55b42a5ad9d8,Cinogames (CINO),gambling,,Etherscan label (octal mirror) / Gambling,https://etherscan.io/accounts/label/gambling,community
ethereum,0xb898ceae9b41ff87b2bc22a41e63755604fe4771,Crypto Lottery,gambling,,Etherscan label / Gambling,https://etherscan.io/accounts/label/gambling,community
ethereum,0x35dd2ebf20746c6e658fac75cd80d4722fae62f6,CryptoBet (CBET),gambling,,Etherscan label / Gambling,https://etherscan.io/accounts/label/gambling,community
ethereum,0x79a5a6618a7e52e7e9fddd08047faebc92540072,CryptoChance.io: Lottery702,gambling,,Etherscan label / Gambling,https://etherscan.io/accounts/label/gambling,community
ethereum,0x193bff7a19082cd7e056ea3e22ee0e747b5b6f80,Cryptslot.io: Slot Machine,gambling,,Etherscan label / Gambling,https://etherscan.io/accounts/label/gambling,community
ethereum,0x8aa33a7899fcc8ea5fbe6a608a109c3893a1b8b2,Dao.Casino (BET),gambling,,Etherscan label / Gambling,https://etherscan.io/accounts/label/gambling,community
ethereum,0xa15fb6638e78ca5ba01a3d15626e8604cf90898a,DAPS Coin Crowdfund token,gambling,,Etherscan label / Gambling,https://etherscan.io/accounts/label/gambling,community
ethereum,0x9b68bfae21df5a510931a262cecf63f41338f264,Decent.Bet (DBET),gambling,,Etherscan label / Gambling,https://etherscan.io/accounts/label/gambling,community
ethereum,0x0379445ca151bb3287cd5ae5dd433c9c77593026,Degen (DGN),gambling,,Etherscan label / Gambling,https://etherscan.io/accounts/label/gambling,community
ethereum,0x2e071d2966aa7d8decb1005885ba1977d6038a65,DICE (ROL),gambling,,Etherscan label (octal mirror) / Gambling,https://etherscan.io/accounts/label/gambling,community
ethereum,0xcf67ced76e8356366291246a9222169f4dbdbe64,DICE.FINANCE TOKEN (DICE),gambling,,Etherscan label (octal mirror) / Gambling,https://etherscan.io/accounts/label/gambling,community
ethereum,0xd1ceeeeee83f8bcf3bedad437202b6154e9f5405,Dice2Win,gambling,,Etherscan label / Gambling,https://etherscan.io/accounts/label/gambling,community
ethereum,0xaec1f783b29aab2727d7c374aa55483fe299fefa,Dicether,gambling,,Etherscan label / Gambling,https://etherscan.io/accounts/label/gambling,community
ethereum,0xc666081073e8dff8d3d1c2292a29ae1a2153ec09,DigitexFutures,gambling,,Etherscan label / Gambling,https://etherscan.io/accounts/label/gambling,community
ethereum,0xa3ad8c7ab6b731045b5b16e3fdf77975c71abe79,DINERO (DINERO),gambling,,Etherscan label / Gambling,https://etherscan.io/accounts/label/gambling,community
ethereum,0xcdcb00f46c717b8d3668ab6ad6be51638962b1a6,Dottery.org (DOTY),gambling,,Etherscan label / Gambling,https://etherscan.io/accounts/label/gambling,community
ethereum,0xfdd4e938bb067280a52ac4e02aaf1502cc882ba6,EarnBet Token,gambling,,Etherscan label / Gambling,https://etherscan.io/accounts/label/gambling,community
ethereum,0x5a8e4bf903138b27e06e6f5dcc40ef0de195102d,EternalCasino Invest,gambling,,Etherscan label / Gambling,https://etherscan.io/accounts/label/gambling,community
ethereum,0x66666672e63f056350c3e79dc605edc36aa8b952,ETH Magic,gambling,,Etherscan label / Gambling,https://etherscan.io/accounts/label/gambling,community
ethereum,0x96e03dd7b55ad13dce75bf6fa8b6d8911fcee71f,ETH Roll (ETR),gambling,,Etherscan label (octal mirror) / Gambling,https://etherscan.io/accounts/label/gambling,community
ethereum,0xf0c6521b1f8ad9c33a99aaf056f6c6247a3862ba,ETH.limiteD (ELD),gambling,,Etherscan label / Gambling,https://etherscan.io/accounts/label/gambling,community
ethereum,0x88c8e21fd5509af42109f9cd40423f1c365a46c7,Eth2x.com,gambling,,Etherscan label / Gambling,https://etherscan.io/accounts/label/gambling,community
ethereum,0x7d5edcd23daa3fb94317d32ae253ee1af08ba14d,Ethbet (EBET),gambling,,Etherscan label / Gambling,https://etherscan.io/accounts/label/gambling,community
ethereum,0x2faa316fc4624ec39adc2ef7b5301124cfb68777,Etherdice.io,gambling,,Etherscan label / Gambling,https://etherscan.io/accounts/label/gambling,community
ethereum,0x36e26d22d2f843183cddc4e8886937ef7f8a2a9e,Ethermagic.net,gambling,,Etherscan label / Gambling,https://etherscan.io/accounts/label/gambling,community
ethereum,0xa52e014b3f5cc48287c2d483a3e026c32cc76e6d,Etheroll: Contract,gambling,,Etherscan label / Gambling,https://etherscan.io/accounts/label/gambling,community
ethereum,0x76b9aa7f5e2cc13c712031ab496a8e2738411806,ezer.io,gambling,,Etherscan label / Gambling,https://etherscan.io/accounts/label/gambling,community
ethereum,0xfef5497bc53a69875e02ae5b14eeff668f09a729,FairDAPP,gambling,,Etherscan label / Gambling,https://etherscan.io/accounts/label/gambling,community
ethereum,0xc2a81eb482cb4677136d8812cc6db6e0cb580883,Fairspin Token,gambling,,Etherscan label / Gambling,https://etherscan.io/accounts/label/gambling,community
ethereum,0x999999c60566e0a78df17f71886333e1dace0bae,FCK.com: Dice,gambling,,Etherscan label / Gambling,https://etherscan.io/accounts/label/gambling,community
ethereum,0xddddddd1fd4e3708869c00cabe6b0b9d15181bb9,FCK.com: Roulette,gambling,,Etherscan label / Gambling,https://etherscan.io/accounts/label/gambling,community
ethereum,0x2e9494387868eb9ec6997b711d655de82f53713f,FindTheRabbit.me,gambling,,Etherscan label / Gambling,https://etherscan.io/accounts/label/gambling,community
ethereum,0xa62142888aba8370742be823c1782d17a0389da1,Fomo3D: Long,gambling,,Etherscan label / Gambling,https://etherscan.io/accounts/label/gambling,community
ethereum,0x4e8ecf79ade5e2c49b9e30d795517a81e0bf00b8,Fomo3D: Soon,gambling,,Etherscan label / Gambling,https://etherscan.io/accounts/label/gambling,community
ethereum,0x39ffccecc551f35f8dfcb52c8c01060919aed1ea,FoMo3DUnlimited,gambling,,Etherscan label / Gambling,https://etherscan.io/accounts/label/gambling,community
ethereum,0xb6b392f419b39bc5d2a9241c057243463a3c2984,FootBall Sport,gambling,,Etherscan label / Gambling,https://etherscan.io/accounts/label/gambling,community
ethereum,0x419d0d8bdd9af5e606ae2232ed285aff190e711b,FunFair (FUN),gambling,,Etherscan label / Gambling,https://etherscan.io/accounts/label/gambling,community
ethereum,0xdf1347e36308df47f6a06d0a93a7eca9f0ac2840,GAMBLR.ONE (GAMBLR),gambling,,Etherscan label / Gambling,https://etherscan.io/accounts/label/gambling,community
ethereum,0xcceed0b7185fbe7f69c083a6c0f6ff5910548d75,Game365,gambling,,Etherscan label / Gambling,https://etherscan.io/accounts/label/gambling,community
ethereum,0x37e6244cdb3d78747865c311343369ce880f6d42,GemBites (GBTS),gambling,,Etherscan label / Gambling,https://etherscan.io/accounts/label/gambling,community
ethereum,0x7f969c4d388ca0ae39a4fddb1a6f89878ca2fbf8,GGCOIN (GGC),gambling,,Etherscan label / Gambling,https://etherscan.io/accounts/label/gambling,community
ethereum,0xae4f56f072c34c0a65b3ae3e4db797d831439d93,Gimli (GIM),gambling,,Etherscan label / Gambling,https://etherscan.io/accounts/label/gambling,community
ethereum,0x54b17df0bb6141c5589ef0d11c3fd7dfa166f627,Golden Fever: Be First Lotto,gambling,,Etherscan label / Gambling,https://etherscan.io/accounts/label/gambling,community
ethereum,0x997e3adb550a85895f5becf54a2751e6df24edc8,Gron Digital (GRO),gambling,,Etherscan label / Gambling,https://etherscan.io/accounts/label/gambling,community
ethereum,0x6cbff439f27d1e3431d912b6a0817d7a95596877,Hashelot.com: Rings,gambling,,Etherscan label / Gambling,https://etherscan.io/accounts/label/gambling,community
ethereum,0xe477292f1b3268687a29376116b0ed27a9c76170,Herocoin (PLAY),gambling,,Etherscan label / Gambling,https://etherscan.io/accounts/label/gambling,community
ethereum,0x24fb4c36a83cbdbcd670856406f622e09a643d4d,Hinto (HNT),gambling,,Etherscan label / Gambling,https://etherscan.io/accounts/label/gambling,community
ethereum,0xed36482c7f8e5850e91ac0cf6bf2130a1aa2df92,HOLDTOWIN (7ADD),gambling,,Etherscan label / Gambling,https://etherscan.io/accounts/label/gambling,community
ethereum,0x610c67be018a5c5bdc70acd8dc19688a11421073,HYPE-Finance (HYPE),gambling,,Etherscan label / Gambling,https://etherscan.io/accounts/label/gambling,community
ethereum,0xc9dfcd0a1dd2d7bb6fd2ef91a16a6a1c4e9846dd,Hype.Bet,gambling,,Etherscan label / Gambling,https://etherscan.io/accounts/label/gambling,community
ethereum,0x9999998a72a185006f1d17e57d4e586599afb75f,HyperFair,gambling,,Etherscan label / Gambling,https://etherscan.io/accounts/label/gambling,community
ethereum,0x5a84969bb663fb64f6d015dcf9f622aedc796750,IDICE (ICE),gambling,,Etherscan label / Gambling,https://etherscan.io/accounts/label/gambling,community
ethereum,0xe6517b766e6ee07f91b517435ed855926bcb1aae,iDice: Contract,gambling,,Etherscan label / Gambling,https://etherscan.io/accounts/label/gambling,community
ethereum,0x345972d4feb4beae93999c8a4573f8dff4d95da9,Jackbit (JAC),gambling,,Etherscan label / Gambling,https://etherscan.io/accounts/label/gambling,community
ethereum,0x3a97e00b48d56bd5e0502e1a2a8c036a040e1b99,JACKBOT (JBOT),gambling,,Etherscan label / Gambling,https://etherscan.io/accounts/label/gambling,community
ethereum,0xcd9b0a6d9990605f66bf5bf22980ade8476e7740,Justdobet (JDB),gambling,,Etherscan label / Gambling,https://etherscan.io/accounts/label/gambling,community
ethereum,0x368c5290b13caa10284db58b4ad4f3e9ee8bf4c9,Kineko (KKO),gambling,,Etherscan label / Gambling,https://etherscan.io/accounts/label/gambling,community
ethereum,0x5facec6e543e1a4acf46f0dbe25d85e6cc48eaec,Lamp888Token (LMT),gambling,,Etherscan label / Gambling,https://etherscan.io/accounts/label/gambling,community
ethereum,0x2c644c3bbea053ed95a6bc04a94c9ce928ff9881,Lance Coin (LCE),gambling,,Etherscan label / Gambling,https://etherscan.io/accounts/label/gambling,community
ethereum,0x932d447274dcffb4aea4f0944d3c804e88056416,Lemon Bet (LBET),gambling,,Etherscan label / Gambling,https://etherscan.io/accounts/label/gambling,community
ethereum,0x59ad6061a0be82155e7acce9f0c37bf59f9c1e3c,Liquid Lottery RTC,gambling,,Etherscan label / Gambling,https://etherscan.io/accounts/label/gambling,community
ethereum,0xb459f7204a8ac84f9e7758d6d839ebd01670e35c,Lotty (LOTTY),gambling,,Etherscan label / Gambling,https://etherscan.io/accounts/label/gambling,community
ethereum,0x9d7107c8e30617cadc11f9692a19c82ae8bba938,LUCKY ROO (ROO),gambling,,Etherscan label / Gambling,https://etherscan.io/accounts/label/gambling,community
ethereum,0xf26893f89b23084c4c6216038d6ebdbe9e96c5cb,MLR Token - Mega Lottery Services Global,gambling,,Etherscan label / Gambling,https://etherscan.io/accounts/label/gambling,community
ethereum,0xa74642aeae3e2fd79150c910eb5368b64f864b1e,Mobius2D,gambling,,Etherscan label / Gambling,https://etherscan.io/accounts/label/gambling,community
ethereum,0xd75934ee5e8d652d2f538bb4814d1b45e91a22d2,MoonRock (XMN),gambling,,Etherscan label / Gambling,https://etherscan.io/accounts/label/gambling,community
ethereum,0xc110e8d4d7f4a319a1a8f16ca94b3afde7665595,My Lotto Coin,gambling,,Etherscan label / Gambling,https://etherscan.io/accounts/label/gambling,community
ethereum,0x14198b67f75b6317f7a0a819168e70992c6a48c4,Mythical Bombs,gambling,,Etherscan label / Gambling,https://etherscan.io/accounts/label/gambling,community
ethereum,0xb68a6191ccbc0e4bf74af1635aa7b2ab7c09f0df,Mythical Dice,gambling,,Etherscan label / Gambling,https://etherscan.io/accounts/label/gambling,community
ethereum,0x3a2732aa4a876f2dadee90e15467d2e5ecd18160,Native Gaming: DAI Bankroll,gambling,,Etherscan label / Gambling,https://etherscan.io/accounts/label/gambling,community
ethereum,0x8196cdd6e17991b22816bb9cdd31faceecf2f816,Native Gaming: ETH Bankroll,gambling,,Etherscan label / Gambling,https://etherscan.io/accounts/label/gambling,community
ethereum,0xdb9953028efb8b659c255b5b676b912c57f37e4b,Native Gaming: WBTC Bankroll,gambling,,Etherscan label / Gambling,https://etherscan.io/accounts/label/gambling,community
ethereum,0x8995ad7deabd17c31b62ac89ee5f7d850a4bedb0,PeoplesCasino,gambling,,Etherscan label / Gambling,https://etherscan.io/accounts/label/gambling,community
ethereum,0xb3775fb83f7d12a36e0475abdd1fca35c091efbe,PowH3D,gambling,,Etherscan label / Gambling,https://etherscan.io/accounts/label/gambling,community
ethereum,0x4234f63b1d202f6c016ca3b6a0d41d7d85f17716,QNTU (QNTU),gambling,,Etherscan label / Gambling,https://etherscan.io/accounts/label/gambling,community
ethereum,0x8a43737674f74e8a369b6f70cd648dc8368744a4,RedButtonCoin,gambling,,Etherscan label / Gambling,https://etherscan.io/accounts/label/gambling,community
ethereum,0x4740735aa98dc8aa232bd049f8f0210458e7fca3,Ridotto (RDT),gambling,,Etherscan label / Gambling,https://etherscan.io/accounts/label/gambling,community
ethereum,0x2344871f523cbb28a4f60045531184cf1f03ad24,RoBET - Truly Decentralized Sportsbetting,gambling,,Etherscan label / Gambling,https://etherscan.io/accounts/label/gambling,community
ethereum,0xcced5b8288086be8c38e23567e684c3740be4d48,RouletteToken,gambling,,Etherscan label / Gambling,https://etherscan.io/accounts/label/gambling,community
ethereum,0xe15732e39363615826727f4be524b9e95a1ead59,ROUND (RND),gambling,,Etherscan label / Gambling,https://etherscan.io/accounts/label/gambling,community
ethereum,0x4fac33dabfd83d160717dfee4175d9caaa249ca5,Sacrifice3D,gambling,,Etherscan label / Gambling,https://etherscan.io/accounts/label/gambling,community
ethereum,0x9043397333435d391fc02c885bc23b3633865045,Sapphire Coin,gambling,,Etherscan label / Gambling,https://etherscan.io/accounts/label/gambling,community
ethereum,0x8b98df4dff429e64e9a56fc6eebe2380c6c3409c,Si14Bet (Si14),gambling,,Etherscan label (octal mirror) / Gambling,https://etherscan.io/accounts/label/gambling,community
ethereum,0xc32099b24ca8a03dc3334eab7b6c25b334f92ad6,Slotbay (SLB),gambling,,Etherscan label / Gambling,https://etherscan.io/accounts/label/gambling,community
ethereum,0x6f6deb5db0c4994a8283a01d6cfeeb27fc3bbe9c,SmartBillions,gambling,,Etherscan label / Gambling,https://etherscan.io/accounts/label/gambling,community
ethereum,0xaec546cd3596a2d51b4069ad531d365b637e44be,SOCIALBI SHARES,gambling,,Etherscan label / Gambling,https://etherscan.io/accounts/label/gambling,community
ethereum,0xc2a5a004a4c4467ce0c3f8248552b7d70654a40c,Softblc Platform,gambling,,Etherscan label / Gambling,https://etherscan.io/accounts/label/gambling,community
ethereum,0xda38f3d22402d3e8b604a484c981d89190beff08,Spades Coin (SPADE),gambling,,Etherscan label / Gambling,https://etherscan.io/accounts/label/gambling,community
ethereum,0x8e0bc7a37d2db44bbc46ac77a1e4296a5a3fb862,SquareQueue.info,gambling,,Etherscan label / Gambling,https://etherscan.io/accounts/label/gambling,community
ethereum,0x974caa59e49682cda0ad2bbe82983419a2ecc400,Stake.com,gambling,,Etherscan label / Gambling,https://etherscan.io/accounts/label/gambling,community
ethereum,0xbae235823d7255d9d48635ced4735227244cd583,Staker (STR),gambling,,Etherscan label / Gambling,https://etherscan.io/accounts/label/gambling,community
ethereum,0x29488e24cfdaa52a0b837217926c0c0853db7962,SuperCard,gambling,,Etherscan label / Gambling,https://etherscan.io/accounts/label/gambling,community
ethereum,0xcb056a2f3ca0b82ab69dcbd677875d68b74d6189,The Akragas Decadrachm,gambling,,Etherscan label / Gambling,https://etherscan.io/accounts/label/gambling,community
ethereum,0x9eb6299e4bb6669e42cb295a254c8492f67ae2c6,The BET (BET),gambling,,Etherscan label / Gambling,https://etherscan.io/accounts/label/gambling,community
ethereum,0x11cfc32eea4e092f9df0282bb8f99c2eec5ce9e5,the888888,gambling,,Etherscan label / Gambling,https://etherscan.io/accounts/label/gambling,community
ethereum,0x5b11aacb6bddb9ffab908fdce739bf4aed554327,TrueDeck (TDP),gambling,,Etherscan label / Gambling,https://etherscan.io/accounts/label/gambling,community
ethereum,0xa7f976c360ebbed4465c2855684d1aae5271efa9,TrueFlip (TFL),gambling,,Etherscan label / Gambling,https://etherscan.io/accounts/label/gambling,community
ethereum,0xb12907dcd65e09871bbd6f1659436f3be310af65,TXT (TXT),gambling,,Etherscan label / Gambling,https://etherscan.io/accounts/label/gambling,community
ethereum,0x3e370a6c8255b065bd42bc0ac9255b269cfcc172,Unipot (UNI),gambling,,Etherscan label / Gambling,https://etherscan.io/accounts/label/gambling,community
ethereum,0x4b675b8429224134c05d1d519eb07b4448febbe9,Vacuum Foundation: VfSE Lottery,gambling,,Etherscan label / Gambling,https://etherscan.io/accounts/label/gambling,community
ethereum,0x2fd6249fdc1f02062336578f54087e05d5660776,Vega Coin (VEGA),gambling,,Etherscan label / Gambling,https://etherscan.io/accounts/label/gambling,community
ethereum,0x476aee47f14e281bc217728aaada7dd4ea097036,Virtual Reality Games and Bets,gambling,,Etherscan label / Gambling,https://etherscan.io/accounts/label/gambling,community
ethereum,0x5eeaa2dcb23056f4e8654a349e57ebe5e76b5e6e,Virtue Player Points,gambling,,Etherscan label / Gambling,https://etherscan.io/accounts/label/gambling,community
ethereum,0x804e26c4eff0bb196b805bdfb5b29ab828cf0b1f,WhaleCoin (WHALE),gambling,,Etherscan label / Gambling,https://etherscan.io/accounts/label/gambling,community
ethereum,0x7c9d8fb3bde3d9ea6e89170618c2dc3d16695d36,WhiteRockCasino,gambling,,Etherscan label / Gambling,https://etherscan.io/accounts/label/gambling,community
ethereum,0xbfaa8cf522136c6fafc1d53fe4b85b4603c765b8,Winchain (WIN),gambling,,Etherscan label / Gambling,https://etherscan.io/accounts/label/gambling,community
ethereum,0xcfbf70e33d5163e25b0dad73955c1bd9e8cd8ba2,WINS LIVE (WNL),gambling,,Etherscan label / Gambling,https://etherscan.io/accounts/label/gambling,community
ethereum,0x68ceaa85cebd73acd8af16409f14c2e0d44d83aa,WinTen,gambling,,Etherscan label / Gambling,https://etherscan.io/accounts/label/gambling,community
ethereum,0x7a7f78a2af5aef01a889e8713083ab77dcc9fc9b,wolf.bet,gambling,,Etherscan label / Gambling,https://etherscan.io/accounts/label/gambling,community
ethereum,0xe1f338e069f202f2113d32c8a5d1046d83c92ca4,WorldFomo,gambling,,Etherscan label / Gambling,https://etherscan.io/accounts/label/gambling,community
ethereum,0xc237868a9c5729bdf3173dddacaa336a0a5bb6e0,Wrapped Wagerr,gambling,,Etherscan label / Gambling,https://etherscan.io/accounts/label/gambling,community
ethereum,0xec3421dcd1b712cddd409a28c008b13ad5c3c216,XBM (XBM),gambling,,Etherscan label / Gambling,https://etherscan.io/accounts/label/gambling,community
ethereum,0x0c073c92e7684031cfc297b83ecc33619e864d18,Xether.io: Games,gambling,,Etherscan label / Gambling,https://etherscan.io/accounts/label/gambling,community
ethereum,0x7850c33703ffb6412279e0682ba4397d1e289c33,XGambleToken (XGAT),gambling,,Etherscan label / Gambling,https://etherscan.io/accounts/label/gambling,community
ethereum,0xe9f1d62c671efe99896492766c0b416bd3fb9e52,XOYCoin (XOY),gambling,,Etherscan label / Gambling,https://etherscan.io/accounts/label/gambling,community
ethereum,0x7a58e2cca39604fd6ffb5a2a795f590b3fb35da4,You Bet! (UBET),gambling,,Etherscan label / Gambling,https://etherscan.io/accounts/label/gambling,community
ethereum,0xd48b633045af65ff636f3c6edd744748351e020d,Zethr (ZTH),gambling,,Etherscan label / Gambling,https://etherscan.io/accounts/label/gambling,community
ethereum,0x21a31ee1afc51d94c2efccaa2092ad1028285549,Binance,exchange,,Binance transparency / Mazars PoR,https://www.binance.com/en/blog/community/our-commitment-to-transparency-2895840147147652626,official
ethereum,0x28c6c06298d514db089934071355e5743bf21d60,Binance,exchange,,Binance transparency / Mazars PoR,https://www.binance.com/en/blog/community/our-commitment-to-transparency-2895840147147652626,official
ethereum,0x47ac0fb4f2d84898e4d9e7b4dab3c24507a6d503,Binance,exchange,,Binance transparency / Mazars PoR,https://www.binance.com/en/blog/community/our-commitment-to-transparency-2895840147147652626,official
ethereum,0x5a52e96bacdabb82fd05763e25335261b270efcb,Binance,exchange,,Binance transparency / Mazars PoR,https://www.binance.com/en/blog/community/our-commitment-to-transparency-2895840147147652626,official
ethereum,0x8894e0a0c962cb723c1976a4421c95949be2d4e3,Binance,exchange,,Binance transparency / Mazars PoR,https://www.binance.com/en/blog/community/our-commitment-to-transparency-2895840147147652626,official
ethereum,0xdfd5293d8e347dfe59e90efd55b2956a1343963d,Binance,exchange,,Binance transparency / Mazars PoR,https://www.binance.com/en/blog/community/our-commitment-to-transparency-2895840147147652626,official
ethereum,0xe2fc31f816a9b94326492132018c3aecc4a93ae1,Binance,exchange,,Binance transparency / Mazars PoR,https://www.binance.com/en/blog/community/our-commitment-to-transparency-2895840147147652626,official
ethereum,0xf977814e90da44bfa03b6295a0616a897441acec,Binance,exchange,,Binance transparency / Mazars PoR,https://www.binance.com/en/blog/community/our-commitment-to-transparency-2895840147147652626,official
ethereum,0xbe0eb53f46cd790cd13851d5eff43d12404d33e8,Binance Cold,exchange,,Binance transparency / Mazars PoR,https://www.binance.com/en/blog/community/our-commitment-to-transparency-2895840147147652626,official
ethereum,0x742d35cc6634c0532925a3b844bc454e4438f44e,Bitfinex (cold),exchange,,Bitfinex published wallets,https://github.com/bitfinexcom/pub/blob/main/wallets.txt,official
ethereum,0xc61b9bb3a7a0767e3179713f3a5c7a9aedce193c,Bitfinex (cold),exchange,,Bitfinex published wallets,https://github.com/bitfinexcom/pub/blob/main/wallets.txt,official
ethereum,0x77134cbc06cb00b66f4c7e623d5fdbf6777635ec,Bitfinex (hot),exchange,,Bitfinex published wallets,https://github.com/bitfinexcom/pub/blob/main/wallets.txt,official
ethereum,0x876eabf441b2ee5b5b0554fd502a8e0600950cfa,Bitfinex (hot),exchange,,Bitfinex published wallets,https://github.com/bitfinexcom/pub/blob/main/wallets.txt,official
ethereum,0x01e2fb8f565d5e3cb9e0e8f0b607a96169b94393,Bybit,exchange,,Bybit Hacken PoR Oct 2025,https://www.bybit.com/common-static/cht-static/por/Bybit_PoR_Audit_2025_Oct_22.pdf,official
ethereum,0x036c43bebe5fa5dff3c299584b4a6c1923c7d932,Bybit,exchange,,Bybit Hacken PoR Oct 2025,https://www.bybit.com/common-static/cht-static/por/Bybit_PoR_Audit_2025_Oct_22.pdf,official
ethereum,0x0ac92eb5716516a08e7760d314d42e1d5d3c03ae,Bybit,exchange,,Bybit Hacken PoR Oct 2025,https://www.bybit.com/common-static/cht-static/por/Bybit_PoR_Audit_2025_Oct_22.pdf,official
ethereum,0x180a1b935d28494f9ff4233985562b18b3dcfa74,Bybit,exchange,,Bybit Hacken PoR Oct 2025,https://www.bybit.com/common-static/cht-static/por/Bybit_PoR_Audit_2025_Oct_22.pdf,official
ethereum,0x18673311fec54ac2244a602e6d91845553d24e62,Bybit,exchange,,Bybit Hacken PoR Oct 2025,https://www.bybit.com/common-static/cht-static/por/Bybit_PoR_Audit_2025_Oct_22.pdf,official
ethereum,0x187c9fbf5bd0f266883c03f320260c407c7b4100,Bybit,exchange,,Bybit Hacken PoR Oct 2025,https://www.bybit.com/common-static/cht-static/por/Bybit_PoR_Audit_2025_Oct_22.pdf,official
ethereum,0x18e296053cbdf986196903e889b7dca7a73882f6,Bybit,exchange,,Bybit Hacken PoR Oct 2025,https://www.bybit.com/common-static/cht-static/por/Bybit_PoR_Audit_2025_Oct_22.pdf,official
ethereum,0x1c3944173abee256456b1498299fc501ad5bbd6f,Bybit,exchange,,Bybit Hacken PoR Oct 2025,https://www.bybit.com/common-static/cht-static/por/Bybit_PoR_Audit_2025_Oct_22.pdf,official
ethereum,0x25c7d768a7d53e6ebe5590c621437126c766e1ea,Bybit,exchange,,Bybit Hacken PoR Oct 2025,https://www.bybit.com/common-static/cht-static/por/Bybit_PoR_Audit_2025_Oct_22.pdf,official
ethereum,0x260b364fe0d3d37e6fd3cda0fa50926a06c54cea,Bybit,exchange,,Bybit Hacken PoR Oct 2025,https://www.bybit.com/common-static/cht-static/por/Bybit_PoR_Audit_2025_Oct_22.pdf,official
ethereum,0x30ba21597f22aafa4b0e86c250c8a6eebaf0da54,Bybit,exchange,,Bybit Hacken PoR Oct 2025,https://www.bybit.com/common-static/cht-static/por/Bybit_PoR_Audit_2025_Oct_22.pdf,official
ethereum,0x33ae83071432116ae892693b45466949a38ac74c,Bybit,exchange,,Bybit Hacken PoR Oct 2025,https://www.bybit.com/common-static/cht-static/por/Bybit_PoR_Audit_2025_Oct_22.pdf,official
ethereum,0x35696b0847ed8428a098cba726b6514582aa5fc7,Bybit,exchange,,Bybit Hacken PoR Oct 2025,https://www.bybit.com/common-static/cht-static/por/Bybit_PoR_Audit_2025_Oct_22.pdf,official
ethereum,0x371c31f9221459e10565cfe78937cbda5db1791c,Bybit,exchange,,Bybit Hacken PoR Oct 2025,https://www.bybit.com/common-static/cht-static/por/Bybit_PoR_Audit_2025_Oct_22.pdf,official
ethereum,0x3bd0e57e2917d3d9a93f479b3a23b28c3f31a789,Bybit,exchange,,Bybit Hacken PoR Oct 2025,https://www.bybit.com/common-static/cht-static/por/Bybit_PoR_Audit_2025_Oct_22.pdf,official
ethereum,0x3cef1f90be0f15f1573bda7a3e045cca9cff1d15,Bybit,exchange,,Bybit Hacken PoR Oct 2025,https://www.bybit.com/common-static/cht-static/por/Bybit_PoR_Audit_2025_Oct_22.pdf,official
ethereum,0x3db4cb6d753d9e0ba7cc84e576d17dcd01b6b67d,Bybit,exchange,,Bybit Hacken PoR Oct 2025,https://www.bybit.com/common-static/cht-static/por/Bybit_PoR_Audit_2025_Oct_22.pdf,official
ethereum,0x412dd3f282b1fa20d3232d86ae060dec644249f6,Bybit,exchange,,Bybit Hacken PoR Oct 2025,https://www.bybit.com/common-static/cht-static/por/Bybit_PoR_Audit_2025_Oct_22.pdf,official
ethereum,0x429b41e5eb73e2266affbc2d7a41553bd8f1ede1,Bybit,exchange,,Bybit Hacken PoR Oct 2025,https://www.bybit.com/common-static/cht-static/por/Bybit_PoR_Audit_2025_Oct_22.pdf,official
ethereum,0x4865d4bcf4ab92e1c9ba5011560e7d4c36f54106,Bybit,exchange,,Bybit Hacken PoR Oct 2025,https://www.bybit.com/common-static/cht-static/por/Bybit_PoR_Audit_2025_Oct_22.pdf,official
ethereum,0x495eb9345788ee6be50c9c36ed67ffa2beb3699f,Bybit,exchange,,Bybit Hacken PoR Oct 2025,https://www.bybit.com/common-static/cht-static/por/Bybit_PoR_Audit_2025_Oct_22.pdf,official
ethereum,0x4e19698c366f7dcd1cfad4d7f621b4d275bb1a6c,Bybit,exchange,,Bybit Hacken PoR Oct 2025,https://www.bybit.com/common-static/cht-static/por/Bybit_PoR_Audit_2025_Oct_22.pdf,official
ethereum,0x4e5e17e8ef17c9a7ef9798ddf78f3a2c38367d16,Bybit,exchange,,Bybit Hacken PoR Oct 2025,https://www.bybit.com/common-static/cht-static/por/Bybit_PoR_Audit_2025_Oct_22.pdf,official
ethereum,0x59800fc68c7039566ed7a04b0f735255093cac1d,Bybit,exchange,,Bybit Hacken PoR Oct 2025,https://www.bybit.com/common-static/cht-static/por/Bybit_PoR_Audit_2025_Oct_22.pdf,official
ethereum,0x61b2aa17c1c1114e7583bb31f777ff4bdc7ab717,Bybit,exchange,,Bybit Hacken PoR Oct 2025,https://www.bybit.com/common-static/cht-static/por/Bybit_PoR_Audit_2025_Oct_22.pdf,official
ethereum,0x6206ae3781f9f1b6fbcf44c7240b1be14f3169ef,Bybit,exchange,,Bybit Hacken PoR Oct 2025,https://www.bybit.com/common-static/cht-static/por/Bybit_PoR_Audit_2025_Oct_22.pdf,official
ethereum,0x63bee4a7e4aa5d76dc6ab9b9d1852aabb9a40936,Bybit,exchange,,Bybit Hacken PoR Oct 2025,https://www.bybit.com/common-static/cht-static/por/Bybit_PoR_Audit_2025_Oct_22.pdf,official
ethereum,0x651641299c7ec0aa44ad7ed9b7e12702fed2022f,Bybit,exchange,,Bybit Hacken PoR Oct 2025,https://www.bybit.com/common-static/cht-static/por/Bybit_PoR_Audit_2025_Oct_22.pdf,official
ethereum,0x6522b7f9d481eceb96557f44753a4b893f837e90,Bybit,exchange,,Bybit Hacken PoR Oct 2025,https://www.bybit.com/common-static/cht-static/por/Bybit_PoR_Audit_2025_Oct_22.pdf,official
ethereum,0x6b9b774502e6afaafcac84f840ac8a0844a1abe3,Bybit,exchange,,Bybit Hacken PoR Oct 2025,https://www.bybit.com/common-static/cht-static/por/Bybit_PoR_Audit_2025_Oct_22.pdf,official
ethereum,0x6bd869be16359f9e26f0608a50497f6ef122ee3e,Bybit,exchange,,Bybit Hacken PoR Oct 2025,https://www.bybit.com/common-static/cht-static/por/Bybit_PoR_Audit_2025_Oct_22.pdf,official
ethereum,0x6f4565c9d673dbdd379aba0b13f8088d1af3bb0c,Bybit,exchange,,Bybit Hacken PoR Oct 2025,https://www.bybit.com/common-static/cht-static/por/Bybit_PoR_Audit_2025_Oct_22.pdf,official
ethereum,0x70167b76543c4a12b49b2f2b70cbf04d99345786,Bybit,exchange,,Bybit Hacken PoR Oct 2025,https://www.bybit.com/common-static/cht-static/por/Bybit_PoR_Audit_2025_Oct_22.pdf,official
ethereum,0x70f58622158d7e609ae5839c4ad0d477f468863f,Bybit,exchange,,Bybit Hacken PoR Oct 2025,https://www.bybit.com/common-static/cht-static/por/Bybit_PoR_Audit_2025_Oct_22.pdf,official
ethereum,0x72187db55473b693ded367983212fe2db3768829,Bybit,exchange,,Bybit Hacken PoR Oct 2025,https://www.bybit.com/common-static/cht-static/por/Bybit_PoR_Audit_2025_Oct_22.pdf,official
ethereum,0x75df67943d35129dd22da5d14fda4983571f553a,Bybit,exchange,,Bybit Hacken PoR Oct 2025,https://www.bybit.com/common-static/cht-static/por/Bybit_PoR_Audit_2025_Oct_22.pdf,official
ethereum,0x79ae8c1b31b1e61c4b9d1040217a051f954d4433,Bybit,exchange,,Bybit Hacken PoR Oct 2025,https://www.bybit.com/common-static/cht-static/por/Bybit_PoR_Audit_2025_Oct_22.pdf,official
ethereum,0x7a84c1f1aa344d466b0f161f57b0321b98faf6ee,Bybit,exchange,,Bybit Hacken PoR Oct 2025,https://www.bybit.com/common-static/cht-static/por/Bybit_PoR_Audit_2025_Oct_22.pdf,official
ethereum,0x7c41c7d883dbbe1edfcefca9d7a7592dd30c8b51,Bybit,exchange,,Bybit Hacken PoR Oct 2025,https://www.bybit.com/common-static/cht-static/por/Bybit_PoR_Audit_2025_Oct_22.pdf,official
ethereum,0x801bfd99636ec8961f7e2d2dd0a296d726f5f1ae,Bybit,exchange,,Bybit Hacken PoR Oct 2025,https://www.bybit.com/common-static/cht-static/por/Bybit_PoR_Audit_2025_Oct_22.pdf,official
ethereum,0x80a9b4aab0ad3c73cce1c9223236b722db5d6628,Bybit,exchange,,Bybit Hacken PoR Oct 2025,https://www.bybit.com/common-static/cht-static/por/Bybit_PoR_Audit_2025_Oct_22.pdf,official
ethereum,0x869bcee3a0bad2211a65c63ec47dbd3d85a84d68,Bybit,exchange,,Bybit Hacken PoR Oct 2025,https://www.bybit.com/common-static/cht-static/por/Bybit_PoR_Audit_2025_Oct_22.pdf,official
ethereum,0x86dbaa55f0e65857b58109c3cb725deff4da3851,Bybit,exchange,,Bybit Hacken PoR Oct 2025,https://www.bybit.com/common-static/cht-static/por/Bybit_PoR_Audit_2025_Oct_22.pdf,official
ethereum,0x88a1493366d48225fc3cefbdae9ebb23e323ade3,Bybit,exchange,,Bybit Hacken PoR Oct 2025,https://www.bybit.com/common-static/cht-static/por/Bybit_PoR_Audit_2025_Oct_22.pdf,official
ethereum,0x8a2458f32e5ec9935f20e7c2e06e8d4820f726e5,Bybit,exchange,,Bybit Hacken PoR Oct 2025,https://www.bybit.com/common-static/cht-static/por/Bybit_PoR_Audit_2025_Oct_22.pdf,official
ethereum,0x8d6d3479c94bb95e737b72186192ff5e7fedf3a2,Bybit,exchange,,Bybit Hacken PoR Oct 2025,https://www.bybit.com/common-static/cht-static/por/Bybit_PoR_Audit_2025_Oct_22.pdf,official
ethereum,0x8fa129f87b8a11ee1ca35abd46674f8b66984d4a,Bybit,exchange,,Bybit Hacken PoR Oct 2025,https://www.bybit.com/common-static/cht-static/por/Bybit_PoR_Audit_2025_Oct_22.pdf,official
ethereum,0x922fa922da1b0b28d0af5aa274d7326eaa108c3d,Bybit,exchange,,Bybit Hacken PoR Oct 2025,https://www.bybit.com/common-static/cht-static/por/Bybit_PoR_Audit_2025_Oct_22.pdf,official
ethereum,0x93228d328c9c74c2bfe9f97638bbb5ef322f2bd5,Bybit,exchange,,Bybit Hacken PoR Oct 2025,https://www.bybit.com/common-static/cht-static/por/Bybit_PoR_Audit_2025_Oct_22.pdf,official
ethereum,0x933646d78ede6f1ef5cf4a0a03e3a819c8057922,Bybit,exchange,,Bybit Hacken PoR Oct 2025,https://www.bybit.com/common-static/cht-static/por/Bybit_PoR_Audit_2025_Oct_22.pdf,official
ethereum,0x9cdb59516b37f5c1bd166bc41c5b9f68a57225bd,Bybit,exchange,,Bybit Hacken PoR Oct 2025,https://www.bybit.com/common-static/cht-static/por/Bybit_PoR_Audit_2025_Oct_22.pdf,official
ethereum,0xa0acdf9fa38b293f0bbdd01ca6bf3e7ed8291dd4,Bybit,exchange,,Bybit Hacken PoR Oct 2025,https://www.bybit.com/common-static/cht-static/por/Bybit_PoR_Audit_2025_Oct_22.pdf,official
ethereum,0xa1abfa21f80ecf401bd41365adbb6fef6fefdf09,Bybit,exchange,,Bybit Hacken PoR Oct 2025,https://www.bybit.com/common-static/cht-static/por/Bybit_PoR_Audit_2025_Oct_22.pdf,official
ethereum,0xa31231e727ca53ff95f0d00a06c645110c4ab647,Bybit,exchange,,Bybit Hacken PoR Oct 2025,https://www.bybit.com/common-static/cht-static/por/Bybit_PoR_Audit_2025_Oct_22.pdf,official
ethereum,0xa4b9569bf942c3aad23c0c2d322fe4aff8e1bf30,Bybit,exchange,,Bybit Hacken PoR Oct 2025,https://www.bybit.com/common-static/cht-static/por/Bybit_PoR_Audit_2025_Oct_22.pdf,official
ethereum,0xa7a93fd0a276fc1c0197a5b5623ed117786eed06,Bybit,exchange,,Bybit Hacken PoR Oct 2025,https://www.bybit.com/common-static/cht-static/por/Bybit_PoR_Audit_2025_Oct_22.pdf,official
ethereum,0xa9cf4aa55c675badb68519e3cfa8f4be942e6d11,Bybit,exchange,,Bybit Hacken PoR Oct 2025,https://www.bybit.com/common-static/cht-static/por/Bybit_PoR_Audit_2025_Oct_22.pdf,official
ethereum,0xad85405cbb1476825b78a021fa9e543bf7937549,Bybit,exchange,,Bybit Hacken PoR Oct 2025,https://www.bybit.com/common-static/cht-static/por/Bybit_PoR_Audit_2025_Oct_22.pdf,official
ethereum,0xb24692d17babefd97ea2b4ca604a481a7cc2c8ea,Bybit,exchange,,Bybit Hacken PoR Oct 2025,https://www.bybit.com/common-static/cht-static/por/Bybit_PoR_Audit_2025_Oct_22.pdf,official
ethereum,0xb829e684df8e31b402a4d4aedf3bbc18a52e7589,Bybit,exchange,,Bybit Hacken PoR Oct 2025,https://www.bybit.com/common-static/cht-static/por/Bybit_PoR_Audit_2025_Oct_22.pdf,official
ethereum,0xbaed383ede0e5d9d72430661f3285daa77e9439f,Bybit,exchange,,Bybit Hacken PoR Oct 2025,https://www.bybit.com/common-static/cht-static/por/Bybit_PoR_Audit_2025_Oct_22.pdf,official
ethereum,0xbce9aecd3985d4cbb9d273453159a26301fa02ef,Bybit,exchange,,Bybit Hacken PoR Oct 2025,https://www.bybit.com/common-static/cht-static/por/Bybit_PoR_Audit_2025_Oct_22.pdf,official
ethereum,0xc19bb2709321bd6ad6d8396a885b7c151b8d48c5,Bybit,exchange,,Bybit Hacken PoR Oct 2025,https://www.bybit.com/common-static/cht-static/por/Bybit_PoR_Audit_2025_Oct_22.pdf,official
ethereum,0xc22166664e820cda6bf4cedbdbb4fa1e6a84c440,Bybit,exchange,,Bybit Hacken PoR Oct 2025,https://www.bybit.com/common-static/cht-static/por/Bybit_PoR_Audit_2025_Oct_22.pdf,official
ethereum,0xc273a2e3fc4c8f8610ebe51123dc32d233913da7,Bybit,exchange,,Bybit Hacken PoR Oct 2025,https://www.bybit.com/common-static/cht-static/por/Bybit_PoR_Audit_2025_Oct_22.pdf,official
ethereum,0xc63fe58d36bef77a9a98df32a547537f45aac71d,Bybit,exchange,,Bybit Hacken PoR Oct 2025,https://www.bybit.com/common-static/cht-static/por/Bybit_PoR_Audit_2025_Oct_22.pdf,official
ethereum,0xc6c6a48ee8e9f593724161c72414d76e94cda93f,Bybit,exchange,,Bybit Hacken PoR Oct 2025,https://www.bybit.com/common-static/cht-static/por/Bybit_PoR_Audit_2025_Oct_22.pdf,official
ethereum,0xc93e48d89f2d6dbc1672908aa68ce7c24d0413b4,Bybit,exchange,,Bybit Hacken PoR Oct 2025,https://www.bybit.com/common-static/cht-static/por/Bybit_PoR_Audit_2025_Oct_22.pdf,official
ethereum,0xcab3f132a11e5b723fc20ddab8bb1b858d00a8e8,Bybit,exchange,,Bybit Hacken PoR Oct 2025,https://www.bybit.com/common-static/cht-static/por/Bybit_PoR_Audit_2025_Oct_22.pdf,official
ethereum,0xcbf446565eddf074b2c99e8f1c15582a0bfe6eba,Bybit,exchange,,Bybit Hacken PoR Oct 2025,https://www.bybit.com/common-static/cht-static/por/Bybit_PoR_Audit_2025_Oct_22.pdf,official
ethereum,0xd7c4d4b3f076bf9fe391190c42676b4dc269ee02,Bybit,exchange,,Bybit Hacken PoR Oct 2025,https://www.bybit.com/common-static/cht-static/por/Bybit_PoR_Audit_2025_Oct_22.pdf,official
ethereum,0xd860962a96cd471bbe60a83c33e65011d40eb65f,Bybit,exchange,,Bybit Hacken PoR Oct 2025,https://www.bybit.com/common-static/cht-static/por/Bybit_PoR_Audit_2025_Oct_22.pdf,official
ethereum,0xdae4fdcb7fc93738ec6d5b1ea92b7c7f75e4f2f6,Bybit,exchange,,Bybit Hacken PoR Oct 2025,https://www.bybit.com/common-static/cht-static/por/Bybit_PoR_Audit_2025_Oct_22.pdf,official
ethereum,0xee5b5b923ffce93a870b3104b7ca09c3db80047a,Bybit,exchange,,Bybit Hacken PoR Oct 2025,https://www.bybit.com/common-static/cht-static/por/Bybit_PoR_Audit_2025_Oct_22.pdf,official
ethereum,0xefef30bd1cca520619306c95091ab18473febc5c,Bybit,exchange,,Bybit Hacken PoR Oct 2025,https://www.bybit.com/common-static/cht-static/por/Bybit_PoR_Audit_2025_Oct_22.pdf,official
ethereum,0xf2f40c3bb444288f6f64d8336dcc14dbd929fd94,Bybit,exchange,,Bybit Hacken PoR Oct 2025,https://www.bybit.com/common-static/cht-static/por/Bybit_PoR_Audit_2025_Oct_22.pdf,official
ethereum,0xf42aac93ab142090db9fdc0bc86aab73cb36f173,Bybit,exchange,,Bybit Hacken PoR Oct 2025,https://www.bybit.com/common-static/cht-static/por/Bybit_PoR_Audit_2025_Oct_22.pdf,official
ethereum,0xf89d7b9c864f589bbf53a82105107622b35eaa40,Bybit,exchange,,Bybit Hacken PoR Oct 2025,https://www.bybit.com/common-static/cht-static/por/Bybit_PoR_Audit_2025_Oct_22.pdf,official
ethereum,0xf8f061cfc030928a4acb8c4980911b4f5afc4002,Bybit,exchange,,Bybit Hacken PoR Oct 2025,https://www.bybit.com/common-static/cht-static/por/Bybit_PoR_Audit_2025_Oct_22.pdf,official
ethereum,0x03e6fa590cadcf15a38e86158e9b3d06ff3399ba,KuCoin,exchange,,KuCoin transparency wallet list,https://www.kucoin.com/blog/transparency-and-trust-a-detailed-list-of-kucoin-s-wallets-vi,official
ethereum,0x14ea40648fc8c1781d19363f5b9cc9a877ac2469,KuCoin,exchange,,KuCoin transparency wallet list,https://www.kucoin.com/blog/transparency-and-trust-a-detailed-list-of-kucoin-s-wallets-vi,official
ethereum,0x1692e170361cefd1eb7240ec13d048fd9af6d667,KuCoin,exchange,,KuCoin transparency wallet list,https://www.kucoin.com/blog/transparency-and-trust-a-detailed-list-of-kucoin-s-wallets-vi,official
ethereum,0x2a8c8b09bd77c13980495a959b26c1305166a57f,KuCoin,exchange,,KuCoin transparency wallet list,https://www.kucoin.com/blog/transparency-and-trust-a-detailed-list-of-kucoin-s-wallets-vi,official
ethereum,0x738cf6903e6c4e699d1c2dd9ab8b67fcdb3121ea,KuCoin,exchange,,KuCoin transparency wallet list,https://www.kucoin.com/blog/transparency-and-trust-a-detailed-list-of-kucoin-s-wallets-vi,official
ethereum,0x88bd4d3e2997371bceefe8d9386c6b5b4de60346,KuCoin,exchange,,KuCoin transparency wallet list,https://www.kucoin.com/blog/transparency-and-trust-a-detailed-list-of-kucoin-s-wallets-vi,official
ethereum,0xa3f45e619ce3aae2fa5f8244439a66b203b78bcc,KuCoin,exchange,,KuCoin transparency wallet list,https://www.kucoin.com/blog/transparency-and-trust-a-detailed-list-of-kucoin-s-wallets-vi,official
ethereum,0xb8e6d31e7b212b2b7250ee9c26c56cebbfbe6b23,KuCoin,exchange,,KuCoin transparency wallet list,https://www.kucoin.com/blog/transparency-and-trust-a-detailed-list-of-kucoin-s-wallets-vi,official
ethereum,0xcad621da75a66c7a8f4ff86d30a2bf981bfc8fdd,KuCoin,exchange,,KuCoin transparency wallet list,https://www.kucoin.com/blog/transparency-and-trust-a-detailed-list-of-kucoin-s-wallets-vi,official
ethereum,0xd6216fc19db775df9774a6e33526131da7d19a2c,KuCoin,exchange,,KuCoin transparency wallet list,https://www.kucoin.com/blog/transparency-and-trust-a-detailed-list-of-kucoin-s-wallets-vi,official
ethereum,0xd89350284c7732163765b23338f2ff27449e0bf5,KuCoin,exchange,,KuCoin transparency wallet list,https://www.kucoin.com/blog/transparency-and-trust-a-detailed-list-of-kucoin-s-wallets-vi,official
ethereum,0xebb8ea128bbdff9a1780a4902a9380022371d466,KuCoin,exchange,,KuCoin transparency wallet list,https://www.kucoin.com/blog/transparency-and-trust-a-detailed-list-of-kucoin-s-wallets-vi,official
ethereum,0xec30d02f10353f8efc9601371f56e808751f396f,KuCoin,exchange,,KuCoin transparency wallet list,https://www.kucoin.com/blog/transparency-and-trust-a-detailed-list-of-kucoin-s-wallets-vi,official
ethereum,0xf16e9b0d03470827a95cdfd0cb8a8a3b46969b91,KuCoin,exchange,,KuCoin transparency wallet list,https://www.kucoin.com/blog/transparency-and-trust-a-detailed-list-of-kucoin-s-wallets-vi,official
ethereum,0xf3f094484ec6901ffc9681bcb808b96bafd0b8a8,KuCoin,exchange,,KuCoin transparency wallet list,https://www.kucoin.com/blog/transparency-and-trust-a-detailed-list-of-kucoin-s-wallets-vi,official
ethereum,0x0cec9cc29f074db90eeec52bada7d39f37a1240c,OKX (ETH staking deposit),exchange,,OKX Proof of Reserves ETH staking,https://www.okx.com/proof-of-reserves/download,official
ethereum,0x148cfef68ff06b8e7f31bfdbdca4f4f61f4d8102,OKX (ETH staking deposit),exchange,,OKX Proof of Reserves ETH staking,https://www.okx.com/proof-of-reserves/download,official
ethereum,0x5a0036bcab4501e70f086c634e2958a8beae3a11,OKX (ETH staking deposit),exchange,,OKX Proof of Reserves ETH staking,https://www.okx.com/proof-of-reserves/download,official
ethereum,0x924ecf96cb225284bf97fc35c3c8997c252a7c41,OKX (ETH staking deposit),exchange,,OKX Proof of Reserves ETH staking,https://www.okx.com/proof-of-reserves/download,official
ethereum,0xcce0c041ab87e541c72e6ebd5b7e81e5e991d474,OKX (ETH staking deposit),exchange,,OKX Proof of Reserves ETH staking,https://www.okx.com/proof-of-reserves/download,official
ethereum,0x05e851e9196fa1fc55f92ddd07ee83a978db35d0,OKX (ETH staking withdrawal),exchange,,OKX Proof of Reserves ETH staking,https://www.okx.com/proof-of-reserves/download,official
ethereum,0x4ccda666c69cd35be70aabd8931d824b2cfa3d2d,OKX (ETH staking withdrawal),exchange,,OKX Proof of Reserves ETH staking,https://www.okx.com/proof-of-reserves/download,official
ethereum,0x9b4495fcc3c99b3cb73a3722320ff1858c81c2f0,OKX (ETH staking withdrawal),exchange,,OKX Proof of Reserves ETH staking,https://www.okx.com/proof-of-reserves/download,official
ethereum,0xc64f36b050caeba77bc64f3443d75ec83c882b56,OKX (ETH staking withdrawal),exchange,,OKX Proof of Reserves ETH staking,https://www.okx.com/proof-of-reserves/download,official
ethereum,0xd5f8c864f21824daf3a4b22d9c33693642ed7634,OKX (ETH staking withdrawal),exchange,,OKX Proof of Reserves ETH staking,https://www.okx.com/proof-of-reserves/download,official
ethereum,0xe6a64adc9270ffd033d9f06686c4617afef7cfa3,OKX (ETH staking withdrawal),exchange,,OKX Proof of Reserves ETH staking,https://www.okx.com/proof-of-reserves/download,official
ethereum,0xe839a3e9efb32c6a56ab7128e51056585275506c,OKX (ETH staking withdrawal),exchange,,OKX Proof of Reserves ETH staking,https://www.okx.com/proof-of-reserves/download,official
ethereum,0x1fa3bc860bf823d792f04f662f3aa3a500a68814,1X Short Bitcoin Token (HEDGE),exchange,,Etherscan label (octal mirror) / FTX,https://etherscan.io/accounts/label/ftx,community
ethereum,0x584936357d68f5143f12e2e64f0089db93814dad,3X Long Algorand Token (ALGOBULL),exchange,,Etherscan label (octal mirror) / FTX,https://etherscan.io/accounts/label/ftx,community
ethereum,0x75f0038b8fbfccafe2ab9a51431658871ba5182c,3X Long Cosmos Token (ATOMBULL),exchange,,Etherscan label (octal mirror) / FTX,https://etherscan.io/accounts/label/ftx,community
ethereum,0x974c98bc2e82fa18de92b7e697a1d9bd25682e80,3X Long Ethereum Classic Token (ETCBULL),exchange,,Etherscan label (octal mirror) / FTX,https://etherscan.io/accounts/label/ftx,community
ethereum,0x8af785687ee8d75114b028997c9ca36b5cc67bc4,3X Long OKB Token (OKBBULL),exchange,,Etherscan label (octal mirror) / FTX,https://etherscan.io/accounts/label/ftx,community
ethereum,0xa38920c00d1a5303db538a3ea08da7a779e1f751,3X Long TomoChain Token (TOMOBULL),exchange,,Etherscan label (octal mirror) / FTX,https://etherscan.io/accounts/label/ftx,community
ethereum,0x27c1ba4f85b8dc1c150157816623a6ce80b7f187,3X Long XRP Token (XRPBULL),exchange,,Etherscan label (octal mirror) / FTX,https://etherscan.io/accounts/label/ftx,community
ethereum,0x3d3dd61b0f9a558759a21da42166042b114e12d5,3X Short EOS Token (EOSBEAR),exchange,,Etherscan label (octal mirror) / FTX,https://etherscan.io/accounts/label/ftx,community
ethereum,0x94fc5934cf5970e944a67de806eeb5a4b493c6e6,3X Short XRP Token (XRPBEAR),exchange,,Etherscan label (octal mirror) / FTX,https://etherscan.io/accounts/label/ftx,community
ethereum,0xdc1882f350b42ac9a23508996254b1915c78b204,Allbit 1,exchange,,Etherscan label / Allbit,https://etherscan.io/accounts/label/allbit,community
ethereum,0xff6b1cdfd2d3e37977d7938aa06b6d89d6675e27,Allbit 2,exchange,,Etherscan label / Allbit,https://etherscan.io/accounts/label/allbit,community
ethereum,0x5b31bb52bdd7006ae57f9d9506c0ff995229b63c,Anycoin Direct,exchange,,Etherscan label / Fiat Gateway,https://etherscan.io/accounts/label/fiat-gateway,community
ethereum,0x03bdf69b1322d623836afbd27679a1c0afa067e9,AscendEX 1,exchange,,Etherscan label / AscendEX,https://etherscan.io/accounts/label/ascendex,community
ethereum,0x4b1a99467a284cc690e3237bc69105956816f762,AscendEX 2,exchange,,Etherscan label / AscendEX,https://etherscan.io/accounts/label/ascendex,community
ethereum,0x986a2fca9eda0e06fbf7839b89bfc006ee2a23dd,AscendEX 3,exchange,,Etherscan label / AscendEX,https://etherscan.io/accounts/label/ascendex,community
ethereum,0xff742d05420b6aca4481f635ad8341f81a6300c2,AscendEX token,exchange,,Etherscan label / AscendEX,https://etherscan.io/accounts/label/ascendex,community
ethereum,0x09344477fdc71748216a7b8bbe7f2013b893def8,AscendEX: Deposit Funder,exchange,,Etherscan label / AscendEX,https://etherscan.io/accounts/label/ascendex,community
ethereum,0xd4307e0acd12cf46fd6cf93bc264f5d5d1598792,"Base, Introduced",exchange,,Etherscan label / Coinbase,https://etherscan.io/accounts/label/coinbase,community
ethereum,0xc9a2c4868f0f96faaa739b59934dc9cb304112ec,BGBP (BGBP),exchange,,Etherscan label / Binance,https://etherscan.io/accounts/label/binance,community
ethereum,0x3f5ce5fbfe3e9af3971dd833d26ba9b5c936f0be,Binance,exchange,,Etherscan label / Binance,https://etherscan.io/accounts/label/binance,community
ethereum,0x170c7c38419767816cc7ec519da67d1a4dc43826,Binance 1,exchange,,Etherscan label / Binance,https://etherscan.io/accounts/label/binance,community
ethereum,0x85b931a32a0725be14285b66f1a22178c672d69b,Binance 10,exchange,,Etherscan label / Binance,https://etherscan.io/accounts/label/binance,community
ethereum,0x708396f17127c42383e3b9014072679b2f60b82f,Binance 11,exchange,,Etherscan label / Binance,https://etherscan.io/accounts/label/binance,community
ethereum,0xe0f0cfde7ee664943906f17f7f14342e76a5cec7,Binance 12,exchange,,Etherscan label / Binance,https://etherscan.io/accounts/label/binance,community
ethereum,0x8f22f2063d253846b53609231ed80fa571bc0c8f,Binance 13,exchange,,Etherscan label / Binance,https://etherscan.io/accounts/label/binance,community
ethereum,0xc013426d7cef8be3ef3b366151ed85e4fe33688c,Binance 15,exchange,,Etherscan label / Binance,https://etherscan.io/address/0xc013426d7cef8be3ef3b366151ed85e4fe33688c,community
ethereum,0x56eddb7aa87536c09ccc2793473599fd21a8b17f,Binance 17,exchange,,Etherscan label / Binance,https://etherscan.io/accounts/label/binance,community
ethereum,0x9696f59e4d72e237be84ffd425dcad154bf96976,Binance 18,exchange,,Etherscan label / Binance,https://etherscan.io/accounts/label/binance,community
ethereum,0x4d9ff50ef4da947364bb9650892b2554e7be5e2b,Binance 19,exchange,,Etherscan label / Binance,https://etherscan.io/accounts/label/binance,community
ethereum,0x8f80c66c70cbc52009babb04c1cadf9b40109289,Binance 2,exchange,,Etherscan label / Binance,https://etherscan.io/accounts/label/binance,community
ethereum,0xbdd75a97c29294ff805fb2fee65abd99492b32a8,Binance 2,exchange,,Etherscan label / Binance,https://etherscan.io/accounts/label/binance,community
ethereum,0xd551234ae421e3bcba99a0da6d736074f22192ff,Binance 2,exchange,,Etherscan label / Binance,https://etherscan.io/accounts/label/binance,community
ethereum,0x4976a4a02f38326660d17bf34b431dc6e2eb2327,Binance 20,exchange,,Etherscan label / Binance,https://etherscan.io/accounts/label/binance,community
ethereum,0xd88b55467f58af508dbfdc597e8ebd2ad2de49b3,Binance 21,exchange,,Etherscan label / Binance,https://etherscan.io/accounts/label/binance,community
ethereum,0x7dfe9a368b6cf0c0309b763bb8d16da326e8f46e,Binance 22,exchange,,Etherscan label / Binance,https://etherscan.io/accounts/label/binance,community
ethereum,0x345d8e3a1f62ee6b1d483890976fd66168e390f2,Binance 23,exchange,,Etherscan label / Binance,https://etherscan.io/accounts/label/binance,community
ethereum,0xc3c8e0a39769e2308869f7461364ca48155d1d9e,Binance 24,exchange,,Etherscan label / Binance,https://etherscan.io/accounts/label/binance,community
ethereum,0x2e581a5ae722207aa59acd3939771e7c7052dd3d,Binance 25,exchange,,Etherscan label / Binance,https://etherscan.io/accounts/label/binance,community
ethereum,0x44592b81c05b4c35efb8424eb9d62538b949ebbf,Binance 26,exchange,,Etherscan label / Binance,https://etherscan.io/accounts/label/binance,community
ethereum,0xa344c7ada83113b3b56941f6e85bf2eb425949f3,Binance 27,exchange,,Etherscan label / Binance,https://etherscan.io/accounts/label/binance,community
ethereum,0x06a0048079ec6571cd1b537418869cde6191d42d,Binance 29,exchange,,Etherscan label / Binance,https://etherscan.io/accounts/label/binance,community
ethereum,0x1074253202528777561f83817d413e91bfa671d4,Binance 3,exchange,,Etherscan label / Binance,https://etherscan.io/accounts/label/binance,community
ethereum,0x15ece0d7de25436bcfcf3d62a9085ddc7838aee9,Binance 3,exchange,,Etherscan label / Binance,https://etherscan.io/accounts/label/binance,community
ethereum,0x564286362092d8e7936f0549571a803b203aaced,Binance 3,exchange,,Etherscan label / Binance,https://etherscan.io/accounts/label/binance,community
ethereum,0x892e9e24aea3f27f4c6e9360e312cce93cc98ebe,Binance 30,exchange,,Etherscan label / Binance,https://etherscan.io/accounts/label/binance,community
ethereum,0x00799bbc833d5b168f0410312d2a8fd9e0e3079c,Binance 31,exchange,,Etherscan label / Binance,https://etherscan.io/accounts/label/binance,community
ethereum,0x141fef8cd8397a390afe94846c8bd6f4ab981c48,Binance 32,exchange,,Etherscan label / Binance,https://etherscan.io/accounts/label/binance,community
ethereum,0x50d669f43b484166680ecc3670e4766cdb0945ce,Binance 33,exchange,,Etherscan label / Binance,https://etherscan.io/accounts/label/binance,community
ethereum,0x2f7e209e0f5f645c7612d7610193fe268f118b28,Binance 34,exchange,,Etherscan label / Binance,https://etherscan.io/accounts/label/binance,community
ethereum,0xd9d93951896b4ef97d251334ef2a0e39f6f6d7d7,Binance 35,exchange,,Etherscan label / Binance,https://etherscan.io/accounts/label/binance,community
ethereum,0x19184ab45c40c2920b0e0e31413b9434abd243ed,Binance 39,exchange,,Etherscan label / Binance,https://etherscan.io/accounts/label/binance,community
ethereum,0x0681d8db095565fe8a346fa0277bffde9c0edbbf,Binance 4,exchange,,Etherscan label / Binance,https://etherscan.io/accounts/label/binance,community
ethereum,0xf35a6bd6e0459a4b53a27862c51a2a7292b383d1,Binance 40,exchange,,Etherscan label (octal mirror) / Binance,https://etherscan.io/accounts/label/binance,community
ethereum,0x294b9b133ca7bc8ed2cdd03ba661a4c6d3a834d9,Binance 41,exchange,,Etherscan label / Binance,https://etherscan.io/accounts/label/binance,community
ethereum,0x5d7f34372fa8708e09689d400a613eee67f75543,Binance 42,exchange,,Etherscan label / Binance,https://etherscan.io/accounts/label/binance,community
ethereum,0xfe9e8709d3215310075d67e3ed32a380ccf451c8,Binance 5,exchange,,Etherscan label / Binance,https://etherscan.io/accounts/label/binance,community
ethereum,0x4e9ce36e442e55ecd9025b9a6e0d88485d628a67,Binance 6,exchange,,Etherscan label / Binance,https://etherscan.io/accounts/label/binance,community
ethereum,0x001866ae5b3de6caa5a51543fd9fb64f524f5478,Binance 9,exchange,,Etherscan label / Binance,https://etherscan.io/accounts/label/binance,community
ethereum,0xc3501eaaf5e29aa0529342f409443120fd545ea7,Binance Beacon ETH,exchange,,Etherscan label / Binance,https://etherscan.io/accounts/label/binance,community
ethereum,0x8b99f3660622e21f2910ecca7fbe51d654a1517d,Binance Charity,exchange,,Etherscan label / Binance,https://etherscan.io/accounts/label/binance,community
ethereum,0xab83d182f3485cf1d6ccdd34c7cfef95b4c08da4,Binance JEX,exchange,,Etherscan label / Binance,https://etherscan.io/accounts/label/binance,community
ethereum,0xc365c3315cf926351ccaf13fa7d19c8c4058c8e1,Binance Pool,exchange,,Etherscan label / Binance,https://etherscan.io/accounts/label/binance,community
ethereum,0x61189da79177950a7272c88c6058b96d4bcd6be2,Binance US,exchange,,Etherscan label / Binance,https://etherscan.io/accounts/label/binance,community
ethereum,0xff0a024b66739357c4ed231fb3dbc0c8c22749f5,Binance Wrapped WRX,exchange,,Etherscan label / Binance,https://etherscan.io/accounts/label/binance,community
ethereum,0xee62cbab44113b3d72cdc94980953c0b1a4f4d47,Binance: AE Token Swap,exchange,,Etherscan label / Binance,https://etherscan.io/accounts/label/binance,community
ethereum,0x0b95993a39a363d99280ac950f5e4536ab5c5566,Binance: Contract,exchange,,Etherscan label / Binance,https://etherscan.io/accounts/label/binance,community
ethereum,0x9430801ebaf509ad49202aabc5f5bc6fd8a3daf8,Binance: Deposit Funder,exchange,,Etherscan label / Binance,https://etherscan.io/accounts/label/binance,community
ethereum,0x2f47a1c2db4a3b78cda44eade915c3b19107ddcc,Binance: Eth2 Depositor,exchange,,Etherscan label / Binance,https://etherscan.io/accounts/label/binance,community
ethereum,0x043a80999cee3711d372fb878768909fbe7f71e6,Binance: Industry Recovery Initiative,exchange,,Etherscan label / Binance,https://etherscan.io/accounts/label/binance,community
ethereum,0xdd9663bd979f1ab1bada85e1bc7d7f13cafe71f8,Bitcoin Suisse 1,exchange,,Etherscan label / Bitcoin Suisse,https://etherscan.io/accounts/label/bitcoin-suisse,community
ethereum,0xec70e3c8afe212039c3f6a2df1c798003bf7cfe9,Bitcoin Suisse 2,exchange,,Etherscan label / Bitcoin Suisse,https://etherscan.io/accounts/label/bitcoin-suisse,community
ethereum,0x3837ea2279b8e5c260a78f5f4181b783bbe76a8b,Bitcoin Suisse 3,exchange,,Etherscan label / Bitcoin Suisse,https://etherscan.io/accounts/label/bitcoin-suisse,community
ethereum,0x2a7077399b3e90f5392d55a1dc7046ad8d152348,Bitcoin Suisse 4,exchange,,Etherscan label / Bitcoin Suisse,https://etherscan.io/accounts/label/bitcoin-suisse,community
ethereum,0xc2288b408dc872a1546f13e6ebfa9c94998316a2,Bitcoin Suisse 5,exchange,,Etherscan label / Bitcoin Suisse,https://etherscan.io/accounts/label/bitcoin-suisse,community
ethereum,0x622de9bb9ff8907414785a633097db438f9a2d86,Bitcoin Suisse: Eth2 Depositor,exchange,,Etherscan label / Bitcoin Suisse,https://etherscan.io/accounts/label/bitcoin-suisse,community
ethereum,0x81824663353a9d29b01b2de9dd9a2bb271d298cd,Bitcoin Volatility Token (BVOL),exchange,,Etherscan label (octal mirror) / FTX,https://etherscan.io/accounts/label/ftx,community
ethereum,0x1151314c646ce4e0efd76d1af4760ae66a9fe30f,Bitfinex 1,exchange,,Etherscan label / Bitfinex,https://etherscan.io/accounts/label/bitfinex,community
ethereum,0x5dbdebcae07cc958ba5290ff9deaae554e29e7b4,Bitfinex 1,exchange,,Etherscan label / Bitfinex,https://etherscan.io/accounts/label/bitfinex,community
ethereum,0x7727e5113d1d161373623e5f49fd568b4f543a9e,Bitfinex 1,exchange,,Etherscan label / Bitfinex,https://etherscan.io/accounts/label/bitfinex,community
ethereum,0xab7c74abc0c4d48d1bdad5dcb26153fc8780f83e,Bitfinex 1,exchange,,Etherscan label / Bitfinex,https://etherscan.io/accounts/label/bitfinex,community
ethereum,0xcafb10ee663f465f9d10588ac44ed20ed608c11e,Bitfinex 1,exchange,,Etherscan label / Bitfinex,https://etherscan.io/accounts/label/bitfinex,community
ethereum,0x36a85757645e8e8aec062a1dee289c7d615901ca,Bitfinex 10,exchange,,Etherscan label / Bitfinex,https://etherscan.io/accounts/label/bitfinex,community
ethereum,0xc56fefd1028b0534bfadcdb580d3519b5586246e,Bitfinex 11,exchange,,Etherscan label / Bitfinex,https://etherscan.io/accounts/label/bitfinex,community
ethereum,0x0b73f67a49273fc4b9a65dbd25d7d0918e734e63,Bitfinex 12,exchange,,Etherscan label / Bitfinex,https://etherscan.io/accounts/label/bitfinex,community
ethereum,0x482f02e8bc15b5eabc52c6497b425b3ca3c821e8,Bitfinex 13,exchange,,Etherscan label / Bitfinex,https://etherscan.io/accounts/label/bitfinex,community
ethereum,0xe92d1a43df510f82c66382592a047d288f85226f,Bitfinex 19,exchange,,Etherscan label / Bitfinex,https://etherscan.io/accounts/label/bitfinex,community
ethereum,0x0e55c54249f25f70d519b7fb1c20e3331e7ba76d,Bitfinex 2,exchange,,Etherscan label / Bitfinex,https://etherscan.io/accounts/label/bitfinex,community
ethereum,0x2ee3b2df6534abc759ffe994f7b8dcdfaa02cd31,Bitfinex 2,exchange,,Etherscan label / Bitfinex,https://etherscan.io/accounts/label/bitfinex,community
ethereum,0x7180eb39a6264938fdb3effd7341c4727c382153,Bitfinex 2,exchange,,Etherscan label / Bitfinex,https://etherscan.io/accounts/label/bitfinex,community
ethereum,0xc6cde7c39eb2f0f0095f41570af89efc2c1ea828,Bitfinex 2,exchange,,Etherscan label / Bitfinex,https://etherscan.io/accounts/label/bitfinex,community
ethereum,0x8103683202aa8da10536036edef04cdd865c225e,Bitfinex 20,exchange,,Etherscan label / Bitfinex,https://etherscan.io/accounts/label/bitfinex,community
ethereum,0xe1f3c653248de6894d683cb2f10de7ca2253046f,Bitfinex 3,exchange,,Etherscan label / Bitfinex,https://etherscan.io/accounts/label/bitfinex,community
ethereum,0x2903cadbe271e057edef157340b52a5898d7424f,Bitfinex 4,exchange,,Etherscan label / Bitfinex,https://etherscan.io/accounts/label/bitfinex,community
ethereum,0xdcd0272462140d0a3ced6c4bf970c7641f08cd2c,Bitfinex 4,exchange,,Etherscan label / Bitfinex,https://etherscan.io/accounts/label/bitfinex,community
ethereum,0x36928500bc1dcd7af6a2b4008875cc336b927d57,Bitfinex 5,exchange,,Etherscan label / Bitfinex,https://etherscan.io/accounts/label/bitfinex,community
ethereum,0x4fdd5eb2fb260149a3903859043e962ab89d8ed4,Bitfinex 5,exchange,,Etherscan label / Bitfinex,https://etherscan.io/accounts/label/bitfinex,community
ethereum,0x14d06788090769f669427b6aea1c0240d2321f34,Bitfinex 6,exchange,,Etherscan label / Bitfinex,https://etherscan.io/accounts/label/bitfinex,community
ethereum,0x1b29dd8ff0eb3240238bf97cafd6edea05d5ba82,Bitfinex 6,exchange,,Etherscan label / Bitfinex,https://etherscan.io/accounts/label/bitfinex,community
ethereum,0x30a2ebf10f34c6c4874b0bdd5740690fd2f3b70c,Bitfinex 7,exchange,,Etherscan label / Bitfinex,https://etherscan.io/accounts/label/bitfinex,community
ethereum,0x3f7e77b627676763997344a1ad71acb765fc8ac5,Bitfinex 8,exchange,,Etherscan label / Bitfinex,https://etherscan.io/accounts/label/bitfinex,community
ethereum,0x59448fe20378357f206880c58068f095ae63d5a5,Bitfinex 9,exchange,,Etherscan label / Bitfinex,https://etherscan.io/accounts/label/bitfinex,community
ethereum,0x2af5d2ad76741191d15dfe7bf6ac92d4bd912ca3,Bitfinex LEO Token,exchange,,Etherscan label / Bitfinex,https://etherscan.io/accounts/label/bitfinex,community
ethereum,0x3fbe1f8fc5ddb27d428aa60f661eaaab0d2000ce,Bithumb 1,exchange,,Etherscan label / Bithumb,https://etherscan.io/accounts/label/bithumb,community
ethereum,0x88d34944cf554e9cccf4a24292d891f620e9c94f,Bithumb 1,exchange,,Etherscan label / Bithumb,https://etherscan.io/accounts/label/bithumb,community
ethereum,0xbb5a0408fa54287b9074a2f47ab54c855e95ef82,Bithumb 1,exchange,,Etherscan label / Bithumb,https://etherscan.io/accounts/label/bithumb,community
ethereum,0x186549a4ae594fc1f70ba4cffdac714b405be3f9,Bithumb 10,exchange,,Etherscan label / Bithumb,https://etherscan.io/accounts/label/bithumb,community
ethereum,0xd273bd546b11bd60214a2f9d71f22a088aafe31b,Bithumb 11,exchange,,Etherscan label / Bithumb,https://etherscan.io/accounts/label/bithumb,community
ethereum,0x558553d54183a8542f7832742e7b4ba9c33aa1e6,Bithumb 12,exchange,,Etherscan label / Bithumb,https://etherscan.io/accounts/label/bithumb,community
ethereum,0x3052cd6bf951449a984fe4b5a38b46aef9455c8e,Bithumb 2,exchange,,Etherscan label / Bithumb,https://etherscan.io/accounts/label/bithumb,community
ethereum,0x5521a68d4f8253fc44bfb1490249369b3e299a4a,Bithumb 2,exchange,,Etherscan label / Bithumb,https://etherscan.io/accounts/label/bithumb,community
ethereum,0x2140efd7ba31169c69dfff6cdc66c542f0211825,Bithumb 3,exchange,,Etherscan label / Bithumb,https://etherscan.io/accounts/label/bithumb,community
ethereum,0x8fa8af91c675452200e49b4683a33ca2e1a34e42,Bithumb 3,exchange,,Etherscan label / Bithumb,https://etherscan.io/accounts/label/bithumb,community
ethereum,0x3b83cd1a8e516b6eb9f1af992e9354b15a6f9672,Bithumb 4,exchange,,Etherscan label / Bithumb,https://etherscan.io/accounts/label/bithumb,community
ethereum,0xa0ff1e0f30b5dda2dc01e7e828290bc72b71e57d,Bithumb 4,exchange,,Etherscan label / Bithumb,https://etherscan.io/accounts/label/bithumb,community
ethereum,0xc1da8f69e4881efe341600620268934ef01a3e63,Bithumb 5,exchange,,Etherscan label / Bithumb,https://etherscan.io/accounts/label/bithumb,community
ethereum,0xb4460b75254ce0563bb68ec219208344c7ea838c,Bithumb 6,exchange,,Etherscan label / Bithumb,https://etherscan.io/accounts/label/bithumb,community
ethereum,0x15878e87c685f866edfaf454be6dc06fa517b35b,Bithumb 7,exchange,,Etherscan label / Bithumb,https://etherscan.io/accounts/label/bithumb,community
ethereum,0x31d03f07178bcd74f9099afebd23b0ae30184ab5,Bithumb 8,exchange,,Etherscan label / Bithumb,https://etherscan.io/accounts/label/bithumb,community
ethereum,0xed48dc0628789c2956b1e41726d062a86ec45bff,Bithumb 9,exchange,,Etherscan label / Bithumb,https://etherscan.io/accounts/label/bithumb,community
ethereum,0x03599a2429871e6be1b154fb9c24691f9d301865,Bithumb: Deposit Funder,exchange,,Etherscan label / Bithumb,https://etherscan.io/accounts/label/bithumb,community
ethereum,0xe79eef9b9388a4ff70ed7ec5bccd5b928ebb8bd1,BitMart,exchange,,Etherscan label / BitMart,https://etherscan.io/accounts/label/bitmart,community
ethereum,0x68b22215ff74e3606bd5e6c1de8c2d68180c85f7,BitMart 2,exchange,,Etherscan label / BitMart,https://etherscan.io/accounts/label/bitmart,community
ethereum,0x3ab28ecedea6cdb6feed398e93ae8c7b316b1182,BitMart 3,exchange,,Etherscan label / BitMart,https://etherscan.io/accounts/label/bitmart,community
ethereum,0x1aac8bc17da523b9bc7470b0c9ed47a83760acef,BitMart: Deployer,exchange,,Etherscan label / BitMart,https://etherscan.io/accounts/label/bitmart,community
ethereum,0x986ee2b944c42d017f52af21c4c69b84dbea35d8,BitMartToken (BMC),exchange,,Etherscan label / BitMart,https://etherscan.io/accounts/label/bitmart,community
ethereum,0xcca0c9c383076649604ee31b20248bc04fdf61ca,BitMax token (BTMX),exchange,,Etherscan label / AscendEX,https://etherscan.io/accounts/label/ascendex,community
ethereum,0x896c3307f0b10fb956f5d22185863c2917bf58c1,BitMax: Deployer,exchange,,Etherscan label / AscendEX,https://etherscan.io/accounts/label/ascendex,community
ethereum,0x1c289a12a8552b314d0d153d6991fd27a54aa640,BitMax: Old Token 1,exchange,,Etherscan label / AscendEX,https://etherscan.io/accounts/label/ascendex,community
ethereum,0xf45f0e16b5e096286e1fb463d34be9f3df5e3602,BitMax: Old Token 2,exchange,,Etherscan label / AscendEX,https://etherscan.io/accounts/label/ascendex,community
ethereum,0xeea81c4416d71cef071224611359f6f99a4c4294,BitMEX 1,exchange,,Etherscan label / BitMEX,https://etherscan.io/accounts/label/bitmex,community
ethereum,0xfb8131c260749c7835a08ccbdb64728de432858e,BitMEX 2,exchange,,Etherscan label / BitMEX,https://etherscan.io/accounts/label/bitmex,community
ethereum,0x1b073382e63411e3bcffe90ac1b9a43fefa1ec6f,Bitpanda Ecosystem Token,exchange,,Etherscan label / Fiat Gateway,https://etherscan.io/accounts/label/fiat-gateway,community
ethereum,0x00bdb5699745f5b860228c8f939abf1b9ae374ed,Bitstamp 1,exchange,,Etherscan label / Bitstamp,https://etherscan.io/accounts/label/bitstamp,community
ethereum,0x964771f6df31eea2d927fa71d7bd78e81bcdce05,Bitstamp 1,exchange,,Etherscan label / Bitstamp,https://etherscan.io/accounts/label/bitstamp,community
ethereum,0xfca70e67b3f93f679992cd36323eeb5a5370c8e4,Bitstamp 1,exchange,,Etherscan label / Bitstamp,https://etherscan.io/accounts/label/bitstamp,community
ethereum,0x1522900b6dafac587d499a862861c0869be6e428,Bitstamp 2,exchange,,Etherscan label / Bitstamp,https://etherscan.io/accounts/label/bitstamp,community
ethereum,0x9a9bed3eb03e386d66f8a29dc67dc29bbb1ccb72,Bitstamp 3,exchange,,Etherscan label / Bitstamp,https://etherscan.io/accounts/label/bitstamp,community
ethereum,0x059799f2261d37b829c2850cee67b5b975432271,Bitstamp 4,exchange,,Etherscan label / Bitstamp,https://etherscan.io/accounts/label/bitstamp,community
ethereum,0x4c766def136f59f6494f0969b1355882080cf8e0,Bitstamp 5,exchange,,Etherscan label / Bitstamp,https://etherscan.io/accounts/label/bitstamp,community
ethereum,0xc5b611f502a0dcf6c3188fd494061ae29b2baa4f,Bitstamp 6,exchange,,Etherscan label / Bitstamp,https://etherscan.io/accounts/label/bitstamp,community
ethereum,0x538d72ded42a76a30f730292da939e0577f22f57,Bitstamp: Deployer,exchange,,Etherscan label / Bitstamp,https://etherscan.io/accounts/label/bitstamp,community
ethereum,0xfbb1b73c4f0bda4f67dca266ce6ef42f520fbb98,Bittrex,exchange,,Etherscan label / Bittrex,https://etherscan.io/accounts/label/bittrex,community
ethereum,0xe94b04a0fed112f3664e45adb2b8915693dd5ff3,Bittrex 2,exchange,,Etherscan label / Bittrex,https://etherscan.io/accounts/label/bittrex,community
ethereum,0x66f820a414680b5bcda5eeca5dea238543f42054,Bittrex 3,exchange,,Etherscan label / Bittrex,https://etherscan.io/accounts/label/bittrex,community
ethereum,0xa3c1e324ca1ce40db73ed6026c4a177f099b5770,Bittrex: Controller,exchange,,Etherscan label / Bittrex,https://etherscan.io/accounts/label/bittrex,community
ethereum,0xfb9f7f41319157ac5c5dccae308a63a4337ad5d9,Bity.com,exchange,,Etherscan label / Fiat Gateway,https://etherscan.io/accounts/label/fiat-gateway,community
ethereum,0x04046027549f739edfd5b2a78efdbaf0f0bf4514,BlockFi 1,exchange,,Etherscan label / BlockFi,https://etherscan.io/accounts/label/blockfi,community
ethereum,0xa26a8e242a7470476df1dc11ded5dbc9fca610fa,BlockFi 2,exchange,,Etherscan label / BlockFi,https://etherscan.io/accounts/label/blockfi,community
ethereum,0x2a549b4af9ec39b03142da6dc32221fc390b5533,BlockFi 3,exchange,,Etherscan label / BlockFi,https://etherscan.io/accounts/label/blockfi,community
ethereum,0x3fda25f27211a138adf211f4c060f2149674be6d,BlockFi 4,exchange,,Etherscan label / BlockFi,https://etherscan.io/accounts/label/blockfi,community
ethereum,0x808b4da0be6c9512e948521452227efc619bea52,BlockFi 5,exchange,,Etherscan label / BlockFi,https://etherscan.io/accounts/label/blockfi,community
ethereum,0x530e0a6993ea99ffc96615af43f327225a5fe536,BlockFi 6,exchange,,Etherscan label / BlockFi,https://etherscan.io/accounts/label/blockfi,community
ethereum,0x25eaff5b179f209cf186b1cdcbfa463a69df4c45,Blockfolio,exchange,,Etherscan label / FTX,https://etherscan.io/accounts/label/ftx,community
ethereum,0xb8c77482e45f1f44de1745f52c74426c631bdd52,BNB (BNB),exchange,,Etherscan label / Binance,https://etherscan.io/accounts/label/binance,community
ethereum,0x71660c4005ba85c37ccec55d0c4493e66fe775d3,Coinbase 1,exchange,,Etherscan label / Coinbase,https://etherscan.io/accounts/label/coinbase,community
ethereum,0xd2276af80582cac230edc4c42e9a9c096f3c09aa,Coinbase 1,exchange,,Etherscan label / Coinbase,https://etherscan.io/accounts/label/coinbase,community
ethereum,0xa9d1e08c7793af67e9d92fe308d5697fb81d3e43,Coinbase 10,exchange,,Etherscan label / Coinbase,https://etherscan.io/accounts/label/coinbase,community
ethereum,0x77696bb39917c91a0c3908d577d5e322095425ca,Coinbase 11,exchange,,Etherscan label / Coinbase,https://etherscan.io/accounts/label/coinbase,community
ethereum,0x7c195d981abfdc3ddecd2ca0fed0958430488e34,Coinbase 12,exchange,,Etherscan label / Coinbase,https://etherscan.io/accounts/label/coinbase,community
ethereum,0x95a9bd206ae52c4ba8eecfc93d18eacdd41c88cc,Coinbase 13,exchange,,Etherscan label / Coinbase,https://etherscan.io/accounts/label/coinbase,community
ethereum,0xb739d0895772dbb71a89a3754a160269068f0d45,Coinbase 14,exchange,,Etherscan label / Coinbase,https://etherscan.io/accounts/label/coinbase,community
ethereum,0x503828976d22510aad0201ac7ec88293211d23da,Coinbase 2,exchange,,Etherscan label / Coinbase,https://etherscan.io/accounts/label/coinbase,community
ethereum,0xbc8ec259e3026ae0d87bc442d034d6882ce4a35c,Coinbase 2,exchange,,Etherscan label / Coinbase,https://etherscan.io/accounts/label/coinbase,community
ethereum,0x02d24cab4f2c3bf6e6eb07ea07e45f96baccffe7,Coinbase 3,exchange,,Etherscan label / Coinbase,https://etherscan.io/accounts/label/coinbase,community
ethereum,0xddfabcdc4d8ffc6d5beaf154f18b778f892a0740,Coinbase 3,exchange,,Etherscan label / Coinbase,https://etherscan.io/accounts/label/coinbase,community
ethereum,0x3cd751e6b0078be393132286c442345e5dc49699,Coinbase 4,exchange,,Etherscan label / Coinbase,https://etherscan.io/accounts/label/coinbase,community
ethereum,0xce352e98934499be70f641353f16a47d9e1e3abd,Coinbase 4,exchange,,Etherscan label / Coinbase,https://etherscan.io/accounts/label/coinbase,community
ethereum,0x90e18a6920985dbacc3d76cf27a3f2131923c720,Coinbase 5,exchange,,Etherscan label / Coinbase,https://etherscan.io/accounts/label/coinbase,community
ethereum,0xb5d85cbf7cb3ee0d56b3bb207d5fc4b82f43f511,Coinbase 5,exchange,,Etherscan label / Coinbase,https://etherscan.io/accounts/label/coinbase,community
ethereum,0x4b23d52eff7c67f5992c2ab6d3f69b13a6a33561,Coinbase 6,exchange,,Etherscan label / Coinbase,https://etherscan.io/accounts/label/coinbase,community
ethereum,0xeb2629a2734e272bcc07bda959863f316f4bd4cf,Coinbase 6,exchange,,Etherscan label / Coinbase,https://etherscan.io/accounts/label/coinbase,community
ethereum,0xd688aea8f7d450909ade10c47faa95707b0682d9,Coinbase 7,exchange,,Etherscan label / Coinbase,https://etherscan.io/accounts/label/coinbase,community
ethereum,0x02466e547bfdab679fc49e96bbfc62b9747d997c,Coinbase 8,exchange,,Etherscan label / Coinbase,https://etherscan.io/accounts/label/coinbase,community
ethereum,0x6b76f8b1e9e59913bfe758821887311ba1805cab,Coinbase 9,exchange,,Etherscan label / Coinbase,https://etherscan.io/accounts/label/coinbase,community
ethereum,0xbe3c68821d585cf1552214897a1c091014b1eb0a,Coinbase: Account Blacklister,exchange,,Etherscan label / Coinbase,https://etherscan.io/accounts/label/coinbase,community
ethereum,0xf6874c88757721a02f47592140905c4336dfbc61,Coinbase: Coinbase Commerce,exchange,,Etherscan label / Coinbase,https://etherscan.io/accounts/label/coinbase,community
ethereum,0x881d4032abe4188e2237efcd27ab435e81fc6bb1,Coinbase: Commerce,exchange,,Etherscan label / Coinbase,https://etherscan.io/accounts/label/coinbase,community
ethereum,0x6c8dd0e9cc58c07429e065178d88444b60e60b80,Coinbase: Commerce Fee,exchange,,Etherscan label / Coinbase,https://etherscan.io/accounts/label/coinbase,community
ethereum,0xa090e606e30bd747d4e6245a1517ebe430f0057e,Coinbase: Miscellaneous,exchange,,Etherscan label / Coinbase,https://etherscan.io/accounts/label/coinbase,community
ethereum,0xd4bddf5e3d0435d7a6214a0b949c7bb58621f37c,CoinHako,exchange,,Etherscan label / CoinHako,https://etherscan.io/accounts/label/coinhako,community
ethereum,0x1d1bd550197c7c0787b9ad0aea9c1cca66ee0e90,CoinHako 2,exchange,,Etherscan label / CoinHako,https://etherscan.io/accounts/label/coinhako,community
ethereum,0x19d97aa29cd33bd966d52e2bc9dfc719f2bb9ae1,Coinhako: Deployer,exchange,,Etherscan label / CoinHako,https://etherscan.io/accounts/label/coinhako,community
ethereum,0xa193c943980a9340f306b3d59deb183dc501b35f,Coinhako: Old Address,exchange,,Etherscan label / CoinHako,https://etherscan.io/accounts/label/coinhako,community
ethereum,0xf2d4766ad705e3a5c9ba5b0436b473085f82f82f,Coinhako: Warm Wallet,exchange,,Etherscan label / CoinHako,https://etherscan.io/accounts/label/coinhako,community
ethereum,0xd1669ac6044269b59fa12c5822439f609ca54f41,CoinList 1,exchange,,Etherscan label / CoinList,https://etherscan.io/accounts/label/coinlist,community
ethereum,0x8d1f2ebfaccf1136db76fdd1b86f1dede2d23852,CoinList 2,exchange,,Etherscan label / CoinList,https://etherscan.io/accounts/label/coinlist,community
ethereum,0xd2c82f2e5fa236e114a81173e375a73664610998,CoinList 3,exchange,,Etherscan label / CoinList,https://etherscan.io/accounts/label/coinlist,community
ethereum,0xf3e35734b7413f87c2054a16ce04230d803e4dc3,CoinMetro 2020,exchange,,Etherscan label / CoinMetro,https://etherscan.io/accounts/label/coinmetro,community
ethereum,0xfad672dc92c2d2db0aa093331bd1098e30249ab8,CoinMetro 2020,exchange,,Etherscan label / CoinMetro,https://etherscan.io/accounts/label/coinmetro,community
ethereum,0x165fe6a10812faa49515522d685a27c6bf12dba9,CoinMetro 2021,exchange,,Etherscan label / CoinMetro,https://etherscan.io/accounts/label/coinmetro,community
ethereum,0xa270f3ad1a7a82e6a3157f12a900f1e25bc4fbfd,CoinMetro Exchange,exchange,,Etherscan label / CoinMetro,https://etherscan.io/accounts/label/coinmetro,community
ethereum,0x7c1c73bf60feb40cbcf0f12324200238ee23bb54,CoinMetro: MultiSig Cold Wallet,exchange,,Etherscan label / CoinMetro,https://etherscan.io/accounts/label/coinmetro,community
ethereum,0xbac7c449689a2d3c51c386d8e657338c41ab3030,CoinMetro: Treasury,exchange,,Etherscan label / CoinMetro,https://etherscan.io/accounts/label/coinmetro,community
ethereum,0xdd06b66c76d9c6fdc41935a7b32566c646325005,CoinMetro: XCM Utility Vault,exchange,,Etherscan label / CoinMetro,https://etherscan.io/accounts/label/coinmetro,community
ethereum,0x167a9333bf582556f35bd4d16a7e80e191aa6476,Coinone,exchange,,Etherscan label / Coinone,https://etherscan.io/accounts/label/coinone,community
ethereum,0x35da6abcb08f2b6164fe380bb6c47bd8f2304d55,Coinone 1,exchange,,Etherscan label / Coinone,https://etherscan.io/accounts/label/coinone,community
ethereum,0x1e2fcfd26d36183f1a5d90f0e6296915b02bcb40,Coinone 2,exchange,,Etherscan label / Coinone,https://etherscan.io/accounts/label/coinone,community
ethereum,0x7a1ba53c0e2d218df39e76e4efbf0455978cc23e,Coinone: Deposit Funder,exchange,,Etherscan label / Coinone,https://etherscan.io/accounts/label/coinone,community
ethereum,0x02fdc44bf226e49dceca4775afaef3360e9c4ee9,Coinsquare 1,exchange,,Etherscan label / Coinsquare,https://etherscan.io/accounts/label/coinsquare,community
ethereum,0x6d712f120bd65ad54a5f56670976788a044cb987,Coinsquare 10,exchange,,Etherscan label / Coinsquare,https://etherscan.io/accounts/label/coinsquare,community
ethereum,0x7061d86a274b398a1fb7cdb74b3abbc7601e105f,Coinsquare 11,exchange,,Etherscan label / Coinsquare,https://etherscan.io/accounts/label/coinsquare,community
ethereum,0x7ee87dd5bb9924cb85ca2916bd4e04299d3a8ecc,Coinsquare 12,exchange,,Etherscan label / Coinsquare,https://etherscan.io/accounts/label/coinsquare,community
ethereum,0x7f2118fd5016df11fa82b7d93a8badb4e3251ec7,Coinsquare 13,exchange,,Etherscan label / Coinsquare,https://etherscan.io/accounts/label/coinsquare,community
ethereum,0x82be7cfef05b70c4af47f8fd70f636201121341b,Coinsquare 14,exchange,,Etherscan label / Coinsquare,https://etherscan.io/accounts/label/coinsquare,community
ethereum,0x8623c08a4b880799cf65e75137ec9759db336637,Coinsquare 15,exchange,,Etherscan label / Coinsquare,https://etherscan.io/accounts/label/coinsquare,community
ethereum,0x89813b57ae92e74fb808eb7639d3a0050c9b3d7d,Coinsquare 16,exchange,,Etherscan label / Coinsquare,https://etherscan.io/accounts/label/coinsquare,community
ethereum,0x8e080c5d233f2a14a37d024c0382bf0585146993,Coinsquare 17,exchange,,Etherscan label / Coinsquare,https://etherscan.io/accounts/label/coinsquare,community
ethereum,0x910695e5c7c14499b554fb132a9710988a42fc38,Coinsquare 18,exchange,,Etherscan label / Coinsquare,https://etherscan.io/accounts/label/coinsquare,community
ethereum,0x9c6d4a1922eed56ee9de148c5ba9b1b477fecbb6,Coinsquare 19,exchange,,Etherscan label / Coinsquare,https://etherscan.io/accounts/label/coinsquare,community
ethereum,0x0fcff154753e337983613889b69dd85fe8a1a145,Coinsquare 2,exchange,,Etherscan label / Coinsquare,https://etherscan.io/accounts/label/coinsquare,community
ethereum,0xc4d75abab14ef006d5ac9fe901a8ed616c4e2627,Coinsquare 20,exchange,,Etherscan label / Coinsquare,https://etherscan.io/accounts/label/coinsquare,community
ethereum,0xd381347ee757f53ae4b3b6822daec3e2a14b2005,Coinsquare 21,exchange,,Etherscan label / Coinsquare,https://etherscan.io/accounts/label/coinsquare,community
ethereum,0xd5b2c371808018ee131ad387877c4d58e08e7a06,Coinsquare 22,exchange,,Etherscan label / Coinsquare,https://etherscan.io/accounts/label/coinsquare,community
ethereum,0xd093f2ee92cf32b4d3ebefd965447415074dd6c8,Coinsquare 23,exchange,,Etherscan label / Coinsquare,https://etherscan.io/accounts/label/coinsquare,community
ethereum,0xf9c91937737ccafe9bbb662b1917b54f9606ca13,Coinsquare 24,exchange,,Etherscan label / Coinsquare,https://etherscan.io/accounts/label/coinsquare,community
ethereum,0xfac596facd1901458c1c6347397a6e5d0769736c,Coinsquare 25,exchange,,Etherscan label / Coinsquare,https://etherscan.io/accounts/label/coinsquare,community
ethereum,0x14aa1ad09664c33679ae5689d93085b8f7c84bd3,Coinsquare 3,exchange,,Etherscan label / Coinsquare,https://etherscan.io/accounts/label/coinsquare,community
ethereum,0x3858a27eecb5f1144473e35a293cb1b2bda6dff4,Coinsquare 4,exchange,,Etherscan label / Coinsquare,https://etherscan.io/accounts/label/coinsquare,community
ethereum,0x476b067cbff8acb805038e9daef5d51c7612d593,Coinsquare 5,exchange,,Etherscan label / Coinsquare,https://etherscan.io/accounts/label/coinsquare,community
ethereum,0x48a0b5f7de8789a3962918c6df4a766c0c8857b0,Coinsquare 6,exchange,,Etherscan label / Coinsquare,https://etherscan.io/accounts/label/coinsquare,community
ethereum,0x4b36c488fcb66962159133b703870ad6cf44d3bf,Coinsquare 7,exchange,,Etherscan label / Coinsquare,https://etherscan.io/accounts/label/coinsquare,community
ethereum,0x56e89a4b2e3924c336d52ce0ad98ff23e1a51627,Coinsquare 8,exchange,,Etherscan label / Coinsquare,https://etherscan.io/accounts/label/coinsquare,community
ethereum,0x6a73f209d25cc9c089170cc5b54962e0c7614e0c,Coinsquare 9,exchange,,Etherscan label / Coinsquare,https://etherscan.io/accounts/label/coinsquare,community
ethereum,0x6262998ced04146fa42253a5c0af90ca02dfd2a3,Crypto.com,exchange,,Etherscan label / Crypto.com,https://etherscan.io/accounts/label/crypto-com,community
ethereum,0x46340b20830761efd32832a74d7169b29feb9758,Crypto.com 2,exchange,,Etherscan label / Crypto.com,https://etherscan.io/accounts/label/crypto-com,community
ethereum,0x494adb1ecac39d9df00fcda84ed2c1dc775107e7,Crypto.com 2,exchange,,Etherscan label / Crypto.com,https://etherscan.io/accounts/label/crypto-com,community
ethereum,0x71507ee19cbc0c87ff2b5e05d161efe2aac4ee07,Crypto.com 2,exchange,,Etherscan label / Crypto.com,https://etherscan.io/accounts/label/crypto-com,community
ethereum,0x22e4f709fd5e7fe246fbf7e714ae89bdab7e2a5d,Crypto.com 3,exchange,,Etherscan label / Crypto.com,https://etherscan.io/accounts/label/crypto-com,community
ethereum,0x32047ac688997feb8fbf1d5d4aee39ec0202086d,Crypto.com 3,exchange,,Etherscan label / Crypto.com,https://etherscan.io/accounts/label/crypto-com,community
ethereum,0x72a53cdbbcc1b9efa39c834a540550e23463aacb,Crypto.com 3,exchange,,Etherscan label / Crypto.com,https://etherscan.io/accounts/label/crypto-com,community
ethereum,0x7758e507850da48cd47df1fb5f875c23e3340c50,Crypto.com 4,exchange,,Etherscan label / Crypto.com,https://etherscan.io/accounts/label/crypto-com,community
ethereum,0xdda508f9f3c1b4ca39c8794df3a080298ebe9c55,Crypto.com 4,exchange,,Etherscan label / Crypto.com,https://etherscan.io/accounts/label/crypto-com,community
ethereum,0x35f517cab9a37bc31091c2f155d965af84e0bc85,Crypto.com 5,exchange,,Etherscan label / Crypto.com,https://etherscan.io/accounts/label/crypto-com,community
ethereum,0xcffad3200574698b78f32232aa9d63eabd290703,Crypto.com 5,exchange,,Etherscan label / Crypto.com,https://etherscan.io/accounts/label/crypto-com,community
ethereum,0x67703f7d089f3ac7c8c13a18b2381cbd7ee3eded,Crypto.com 6,exchange,,Etherscan label / Crypto.com,https://etherscan.io/accounts/label/crypto-com,community
ethereum,0x20a0bee429d6907e556205ef9d48ab6fe6a55531,Crypto.com 7,exchange,,Etherscan label / Crypto.com,https://etherscan.io/accounts/label/crypto-com,community
ethereum,0x013ff63e21e8556c1a04aff005ec0912aa955d6a,Crypto.com NFT Marketplace,exchange,,Etherscan label / Crypto.com,https://etherscan.io/accounts/label/crypto-com,community
ethereum,0x767be428d8bf8fa99bc0b84d96d6f135845a11ff,Crypto.com NFT Marketplace,exchange,,Etherscan label / Crypto.com,https://etherscan.io/accounts/label/crypto-com,community
ethereum,0xc42f0e95ff6c861164a86415eb6b3dabe7e13843,Crypto.com: Deployer,exchange,,Etherscan label / Crypto.com,https://etherscan.io/accounts/label/crypto-com,community
ethereum,0xae45a8240147e6179ec7c9f92c5a18f9a97b3fca,Crypto.com: Deposit Funder,exchange,,Etherscan label / Crypto.com,https://etherscan.io/accounts/label/crypto-com,community
ethereum,0xdc4c0fda463435d19962e8dd465d5eba86fd02ec,Crypto.com: MCO Wallet,exchange,,Etherscan label / Crypto.com,https://etherscan.io/accounts/label/crypto-com,community
ethereum,0x51ca21ed46a9df3cb6f34624cbd482d312996730,Crypto.com: MultiSig,exchange,,Etherscan label / Crypto.com,https://etherscan.io/accounts/label/crypto-com,community
ethereum,0x8b4519ed0d21c10f89dad11ba2ce0641aea211c9,CryptoCasher (CRR),exchange,,Etherscan label / Fiat Gateway,https://etherscan.io/accounts/label/fiat-gateway,community
ethereum,0x904cc2b2694ffa78f04708d6f7de205108213126,Deribit,exchange,,Etherscan label / Deribit,https://etherscan.io/accounts/label/deribit,community
ethereum,0x63f41034871535cee49996cc47719891fe03dff9,Deribit 10,exchange,,Etherscan label / Deribit,https://etherscan.io/accounts/label/deribit,community
ethereum,0xa0f6121319a34f24653fb82addc8dd268af5b9e1,Deribit 2,exchange,,Etherscan label / Deribit,https://etherscan.io/accounts/label/deribit,community
ethereum,0x062448f804191128d71fc72e10a1d13bd7308e7e,Deribit 3,exchange,,Etherscan label / Deribit,https://etherscan.io/accounts/label/deribit,community
ethereum,0xa7e15ef7c01b58ebe5ef74aa73625ae4b11fe754,Deribit 4,exchange,,Etherscan label / Deribit,https://etherscan.io/accounts/label/deribit,community
ethereum,0x6b378be3c9642ccf25b1a27facb8ace24ac34a12,Deribit 5,exchange,,Etherscan label / Deribit,https://etherscan.io/accounts/label/deribit,community
ethereum,0x2eed6a08fb89a5cd111efa33f8dca46cfbeb370f,Deribit 6,exchange,,Etherscan label / Deribit,https://etherscan.io/accounts/label/deribit,community
ethereum,0xcfee6efec3471874022e205f4894733c42cbbf64,Deribit 7,exchange,,Etherscan label / Deribit,https://etherscan.io/accounts/label/deribit,community
ethereum,0x5f397b62502e255f68382791947d54c4b2d37f09,Deribit 8,exchange,,Etherscan label / Deribit,https://etherscan.io/accounts/label/deribit,community
ethereum,0x77021d475e36b3ab1921a0e3a8380f069d3263de,Deribit 9,exchange,,Etherscan label / Deribit,https://etherscan.io/accounts/label/deribit,community
ethereum,0x5adc961d6ac3f7062d2ea45fefb8d8167d44b190,Dether (DTH),exchange,,Etherscan label / Fiat Gateway,https://etherscan.io/accounts/label/fiat-gateway,community
ethereum,0xa2a54f1ec1f09316ef12c1770d32ed8f21b1fb6a,DFT (DFT),exchange,,Etherscan label / DigiFinex,https://etherscan.io/accounts/label/digifinex,community
ethereum,0xe17ee7b3c676701c66b395a35f0df4c2276a344e,DigiFinex,exchange,,Etherscan label / DigiFinex,https://etherscan.io/accounts/label/digifinex,community
ethereum,0x3b73d7e1266e02a68185f5221a6718db04df6301,DigiFinex 1,exchange,,Etherscan label / DigiFinex,https://etherscan.io/accounts/label/digifinex,community
ethereum,0x1b930c43526b09191a74175eaa47f2a650aeb73d,DigiFinex 2,exchange,,Etherscan label / DigiFinex,https://etherscan.io/accounts/label/digifinex,community
ethereum,0x4ac363455468c22f7f656e994b67f2275fb3badd,DIGIFINEXTOKEN,exchange,,Etherscan label / DigiFinex,https://etherscan.io/accounts/label/digifinex,community
ethereum,0x92a5b04d0ed5d94d7a193d1d334d3d16996f4e13,Eristica TOKEN,exchange,,Etherscan label / Fiat Gateway,https://etherscan.io/accounts/label/fiat-gateway,community
ethereum,0xc581b735a1688071a1746c968e0798d642ede491,Euro Tether: EURT Token,exchange,,Etherscan label / Bitfinex,https://etherscan.io/accounts/label/bitfinex,community
ethereum,0x5e040ac72140f0617bc24ab7134c0c6ecae0e965,Folgory Coin (FLG),exchange,,Etherscan label / Fiat Gateway,https://etherscan.io/accounts/label/fiat-gateway,community
ethereum,0xc098b2a3aa256d2140208c3de6543aaef5cd3a94,FTX 2,exchange,,Etherscan label / FTX,https://etherscan.io/accounts/label/ftx,community
ethereum,0x2faf487a4414fe77e2327f0bf4ae2a264a776ad2,FTX Exchange,exchange,,Etherscan label / FTX,https://etherscan.io/accounts/label/ftx,community
ethereum,0x7abe0ce388281d2acf297cb089caef3819b13448,FTX US,exchange,,Etherscan label / FTX,https://etherscan.io/accounts/label/ftx,community
ethereum,0x600d08a0c2ae496b9614c8342cd2781e130b7862,FTX: 3 Month Unlock,exchange,,Etherscan label / FTX,https://etherscan.io/accounts/label/ftx,community
ethereum,0x68eb95dc9934e19b86687a10df8e364423240e94,FTX: 3X Long Bitcoin Token,exchange,,Etherscan label (octal mirror) / FTX,https://etherscan.io/accounts/label/ftx,community
ethereum,0x871baed4088b863fd6407159f3672d70cd34837d,FTX: 3X Long Ethereum Token,exchange,,Etherscan label (octal mirror) / FTX,https://etherscan.io/accounts/label/ftx,community
ethereum,0x016ee7373248a80bde1fd6baa001311d233b3cfa,FTX: 3X Short Bitcoin Token,exchange,,Etherscan label (octal mirror) / FTX,https://etherscan.io/accounts/label/ftx,community
ethereum,0x2f5e2c9002c058c063d21a06b6cabb50950130c8,FTX: 3X Short Ethereum Token,exchange,,Etherscan label (octal mirror) / FTX,https://etherscan.io/accounts/label/ftx,community
ethereum,0x772589e99bc9c54dd40acb7d73f88ccbc9d9cf47,FTX: Deployer,exchange,,Etherscan label / FTX,https://etherscan.io/accounts/label/ftx,community
ethereum,0x02412e9a81a98829716588f80458c8bf593cadc0,FTX: Deposit,exchange,,Etherscan label / FTX,https://etherscan.io/accounts/label/ftx,community
ethereum,0x50d1c9771902476076ecfc8b2a83ad6b9355a4c9,FTX: FTT Token,exchange,,Etherscan label (octal mirror) / FTX,https://etherscan.io/accounts/label/ftx,community
ethereum,0x0d0707963952f2fba59dd06f2b425ace40b492fe,Gate.io,exchange,,Etherscan label / Gate.io,https://etherscan.io/accounts/label/gate-io,community
ethereum,0x7793cd85c11a924478d358d49b05b37e91b5810f,Gate.io 2,exchange,,Etherscan label / Gate.io,https://etherscan.io/accounts/label/gate-io,community
ethereum,0x1c4b70a3968436b9a0a9cf5205c787eb81bb558c,Gate.io 3,exchange,,Etherscan label / Gate.io,https://etherscan.io/accounts/label/gate-io,community
ethereum,0x234ee9e35f8e9749a002fc42970d570db716453b,Gate.io 4,exchange,,Etherscan label / Gate.io,https://etherscan.io/accounts/label/gate-io,community
ethereum,0xc882b111a75c0c657fc507c04fbfcd2cc984f071,Gate.io 5,exchange,,Etherscan label / Gate.io,https://etherscan.io/accounts/label/gate-io,community
ethereum,0xd793281182a0e3e023116004778f45c29fc14f19,Gate.io: Contract,exchange,,Etherscan label / Gate.io,https://etherscan.io/accounts/label/gate-io,community
ethereum,0x6596da8b65995d5feacff8c2936f0b7a2051b0d0,Gate.io: Deposit Funder,exchange,,Etherscan label / Gate.io,https://etherscan.io/accounts/label/gate-io,community
ethereum,0xd24400ae8bfebb18ca49be86258a3c749cf46853,Gemini,exchange,,Etherscan label / Gemini,https://etherscan.io/accounts/label/gemini,community
ethereum,0x07ee55aa48bb72dcc6e9d78256648910de513eca,Gemini 1,exchange,,Etherscan label / Gemini,https://etherscan.io/accounts/label/gemini,community
ethereum,0xdd51f01d9fc0fd084c1a4737bbfa5becb6ced9bc,Gemini 1,exchange,,Etherscan label / Gemini,https://etherscan.io/accounts/label/gemini,community
ethereum,0x4c2f150fc90fed3d8281114c2349f1906cde5346,Gemini 2,exchange,,Etherscan label / Gemini,https://etherscan.io/accounts/label/gemini,community
ethereum,0x6fc82a5fe25a5cdb58bc74600a40a69c065263f8,Gemini 2,exchange,,Etherscan label / Gemini,https://etherscan.io/accounts/label/gemini,community
ethereum,0x61edcdf5bb737adffe5043706e7c5bb1f1a56eea,Gemini 3,exchange,,Etherscan label / Gemini,https://etherscan.io/accounts/label/gemini,community
ethereum,0x5f65f7b609678448494de4c87521cdf6cef1e932,Gemini 4,exchange,,Etherscan label / Gemini,https://etherscan.io/accounts/label/gemini,community
ethereum,0xb302bfe9c246c6e150af70b1caaa5e3df60dac05,Gemini 5,exchange,,Etherscan label / Gemini,https://etherscan.io/accounts/label/gemini,community
ethereum,0x8d6f396d210d385033b348bcae9e4f9ea4e045bd,Gemini 6,exchange,,Etherscan label / Gemini,https://etherscan.io/accounts/label/gemini,community
ethereum,0xd69b0089d9ca950640f5dc9931a41a5965f00303,Gemini 7,exchange,,Etherscan label / Gemini,https://etherscan.io/accounts/label/gemini,community
ethereum,0x9c67e141c0472115aa1b98bd0088418be68fd249,HitBTC 1,exchange,,Etherscan label / HitBTC,https://etherscan.io/accounts/label/hitbtc,community
ethereum,0x59a5208b32e627891c389ebafc644145224006e8,HitBTC 2,exchange,,Etherscan label / HitBTC,https://etherscan.io/accounts/label/hitbtc,community
ethereum,0xad68942a95fdd56594aa5cf862b358790e37834c,HitBTC 2,exchange,,Etherscan label / HitBTC,https://etherscan.io/accounts/label/hitbtc,community
ethereum,0x0113a6b755fbad36b4249fd63002e2035e401143,HitBTC 3,exchange,,Etherscan label / HitBTC,https://etherscan.io/accounts/label/hitbtc,community
ethereum,0xa12431d0b9db640034b0cdfceef9cce161e62be4,HitBTC 3,exchange,,Etherscan label / HitBTC,https://etherscan.io/accounts/label/hitbtc,community
ethereum,0xfdeda15e2922c5ed41fc1fdf36da2fb2623666b3,HitBTC: Deposit Funder,exchange,,Etherscan label / HitBTC,https://etherscan.io/accounts/label/hitbtc,community
ethereum,0x274f3c32c90517975e29dfc209a23f315c1e5fc7,Hotbit,exchange,,Etherscan label / Hotbit,https://etherscan.io/accounts/label/hotbit,community
ethereum,0x8533a0bd9310eb63e7cc8e1116c18a3d67b1976a,Hotbit 2,exchange,,Etherscan label / Hotbit,https://etherscan.io/accounts/label/hotbit,community
ethereum,0x562680a4dc50ed2f14d75bf31f494cfe0b8d10a1,Hotbit 3,exchange,,Etherscan label / Hotbit,https://etherscan.io/accounts/label/hotbit,community
ethereum,0x6be61833fc4381990e82d7d4a9f4c9b3f67ea941,Hotbit Token (HTB),exchange,,Etherscan label / Hotbit,https://etherscan.io/accounts/label/hotbit,community
ethereum,0x1d1e10e8c66b67692f4c002c0cb334de5d485e41,Huobi 1,exchange,,Etherscan label / Huobi,https://etherscan.io/accounts/label/huobi,community
ethereum,0xab5c66752a9e8167967685f1450532fb96d5d24f,Huobi 1,exchange,,Etherscan label / Huobi,https://etherscan.io/accounts/label/huobi,community
ethereum,0xe93381fb4c4f14bda253907b18fad305d799241a,Huobi 10,exchange,,Etherscan label / Huobi,https://etherscan.io/accounts/label/huobi,community
ethereum,0xea0cfef143182d7b9208fbfeda9d172c2aced972,Huobi 10,exchange,,Etherscan label / Huobi,https://etherscan.io/accounts/label/huobi,community
ethereum,0x0c92efa186074ba716d0e2156a6ffabd579f8035,Huobi 11,exchange,,Etherscan label / Huobi,https://etherscan.io/accounts/label/huobi,community
ethereum,0xfa4b5be3f2f84f56703c42eb22142744e95a2c58,Huobi 11,exchange,,Etherscan label / Huobi,https://etherscan.io/accounts/label/huobi,community
ethereum,0x46705dfff24256421a05d056c29e81bdc09723b8,Huobi 12,exchange,,Etherscan label / Huobi,https://etherscan.io/accounts/label/huobi,community
ethereum,0x91dfa9d9e062a50d2f351bfba0d35a9604993dac,Huobi 12,exchange,,Etherscan label / Huobi,https://etherscan.io/accounts/label/huobi,community
ethereum,0x32598293906b5b17c27d657db3ad2c9b3f3e4265,Huobi 13,exchange,,Etherscan label / Huobi,https://etherscan.io/accounts/label/huobi,community
ethereum,0x8e8bc99b79488c276d6f3ca11901e9abd77efea4,Huobi 13,exchange,,Etherscan label / Huobi,https://etherscan.io/accounts/label/huobi,community
ethereum,0x5861b8446a2f6e19a067874c133f04c578928727,Huobi 14,exchange,,Etherscan label / Huobi,https://etherscan.io/accounts/label/huobi,community
ethereum,0xb9a4873d8d2c22e56b8574e8605644d08e047549,Huobi 14,exchange,,Etherscan label / Huobi,https://etherscan.io/accounts/label/huobi,community
ethereum,0x170af0a02339743687afd3dc8d48cffd1f660728,Huobi 15,exchange,,Etherscan label / Huobi,https://etherscan.io/accounts/label/huobi,community
ethereum,0x926fc576b7facf6ae2d08ee2d4734c134a743988,Huobi 15,exchange,,Etherscan label / Huobi,https://etherscan.io/accounts/label/huobi,community
ethereum,0xeec606a66edb6f497662ea31b5eb1610da87ab5f,Huobi 16,exchange,,Etherscan label / Huobi,https://etherscan.io/accounts/label/huobi,community
ethereum,0xf775a9a0ad44807bc15936df0ee68902af1a0eee,Huobi 16,exchange,,Etherscan label / Huobi,https://etherscan.io/accounts/label/huobi,community
ethereum,0x75a83599de596cbc91a1821ffa618c40e22ac8ca,Huobi 17,exchange,,Etherscan label / Huobi,https://etherscan.io/accounts/label/huobi,community
ethereum,0x7ef35bb398e0416b81b019fea395219b65c52164,Huobi 17,exchange,,Etherscan label / Huobi,https://etherscan.io/accounts/label/huobi,community
ethereum,0x229b5c097f9b35009ca1321ad2034d4b3d5070f6,Huobi 18,exchange,,Etherscan label / Huobi,https://etherscan.io/accounts/label/huobi,community
ethereum,0x48ab9f29795dfb44b36587c50da4b30c0e84d3ed,Huobi 18,exchange,,Etherscan label / Huobi,https://etherscan.io/accounts/label/huobi,community
ethereum,0x90f49e24a9554126f591d28174e157ca267194ba,Huobi 19,exchange,,Etherscan label / Huobi,https://etherscan.io/accounts/label/huobi,community
ethereum,0xd8a83b72377476d0a66683cde20a8aad0b628713,Huobi 19,exchange,,Etherscan label / Huobi,https://etherscan.io/accounts/label/huobi,community
ethereum,0x18916e1a2933cb349145a280473a5de8eb6630cb,Huobi 2,exchange,,Etherscan label / Huobi,https://etherscan.io/accounts/label/huobi,community
ethereum,0x1b93129f05cc2e840135aab154223c75097b69bf,Huobi 2,exchange,,Etherscan label / Huobi,https://etherscan.io/accounts/label/huobi,community
ethereum,0x6748f50f686bfbca6fe8ad62b22228b87f31ff2b,Huobi 2,exchange,,Etherscan label / Huobi,https://etherscan.io/accounts/label/huobi,community
ethereum,0x90e9ddd9d8d5ae4e3763d0cf856c97594dea7325,Huobi 20,exchange,,Etherscan label / Huobi,https://etherscan.io/accounts/label/huobi,community
ethereum,0xe3314bbf3334228b257779e28228cfb86fa4261b,Huobi 20,exchange,,Etherscan label / Huobi,https://etherscan.io/accounts/label/huobi,community
ethereum,0x30741289523c2e4d2a62c7d6722686d14e723851,Huobi 21,exchange,,Etherscan label / Huobi,https://etherscan.io/accounts/label/huobi,community
ethereum,0x6edb9d6547befc3397801c94bb8c97d2e8087e2f,Huobi 21,exchange,,Etherscan label / Huobi,https://etherscan.io/accounts/label/huobi,community
ethereum,0x6f48a3e70f0251d1e83a989e62aaa2281a6d5380,Huobi 22,exchange,,Etherscan label / Huobi,https://etherscan.io/accounts/label/huobi,community
ethereum,0x8aabba0077f1565df73e9d15dd3784a2b0033dad,Huobi 22,exchange,,Etherscan label / Huobi,https://etherscan.io/accounts/label/huobi,community
ethereum,0xd3a2f775e973c1671f2047e620448b8662dcd3ca,Huobi 23,exchange,,Etherscan label / Huobi,https://etherscan.io/accounts/label/huobi,community
ethereum,0xf056f435ba0cc4fcd2f1b17e3766549ffc404b94,Huobi 23,exchange,,Etherscan label / Huobi,https://etherscan.io/accounts/label/huobi,community
ethereum,0x137ad9c4777e1d36e4b605e745e8f37b2b62e9c5,Huobi 24,exchange,,Etherscan label / Huobi,https://etherscan.io/accounts/label/huobi,community
ethereum,0x1c515eaa87568c850043a89c2d2c2e8187adb056,Huobi 24,exchange,,Etherscan label / Huobi,https://etherscan.io/accounts/label/huobi,community
ethereum,0x5401dbf7da53e1c9dbf484e3d69505815f2f5e6e,Huobi 25,exchange,,Etherscan label / Huobi,https://etherscan.io/accounts/label/huobi,community
ethereum,0x60b45f993223dcb8bdf05e3391f7630e5a51d787,Huobi 25,exchange,,Etherscan label / Huobi,https://etherscan.io/accounts/label/huobi,community
ethereum,0x034f854b44d28e26386c1bc37ff9b20c6380b00d,Huobi 26,exchange,,Etherscan label / Huobi,https://etherscan.io/accounts/label/huobi,community
ethereum,0xa23d7dd4b8a1060344caf18a29b42350852af481,Huobi 26,exchange,,Etherscan label / Huobi,https://etherscan.io/accounts/label/huobi,community
ethereum,0x0577a79cfc63bbc0df38833ff4c4a3bf2095b404,Huobi 27,exchange,,Etherscan label / Huobi,https://etherscan.io/accounts/label/huobi,community
ethereum,0x9eebb2815dba2166d8287afa9a2c89336ba9deaa,Huobi 27,exchange,,Etherscan label / Huobi,https://etherscan.io/accounts/label/huobi,community
ethereum,0x0c6c34cdd915845376fb5407e0895196c9dd4eec,Huobi 28,exchange,,Etherscan label / Huobi,https://etherscan.io/accounts/label/huobi,community
ethereum,0xd10e08325c0e95d59c607a693483680fe5b755b3,Huobi 28,exchange,,Etherscan label / Huobi,https://etherscan.io/accounts/label/huobi,community
ethereum,0x794d28ac31bcb136294761a556b68d2634094153,Huobi 29,exchange,,Etherscan label / Huobi,https://etherscan.io/accounts/label/huobi,community
ethereum,0xc837f51a0efa33f8eca03570e3d01a4b2cf97ffd,Huobi 29,exchange,,Etherscan label / Huobi,https://etherscan.io/accounts/label/huobi,community
ethereum,0xdb0e89a9b003a28a4055ef772e345e8089987bfd,Huobi 3,exchange,,Etherscan label / Huobi,https://etherscan.io/accounts/label/huobi,community
ethereum,0xeb6d43fe241fb2320b5a3c9be9cdfd4dd8226451,Huobi 3,exchange,,Etherscan label / Huobi,https://etherscan.io/accounts/label/huobi,community
ethereum,0xfdb16996831753d5331ff813c29a93c76834a0ad,Huobi 3,exchange,,Etherscan label / Huobi,https://etherscan.io/accounts/label/huobi,community
ethereum,0x34189c75cbb13bdb4f5953cda6c3045cfca84a9e,Huobi 30,exchange,,Etherscan label / Huobi,https://etherscan.io/accounts/label/huobi,community
ethereum,0xf7a8af16acb302351d7ea26ffc380575b741724c,Huobi 30,exchange,,Etherscan label / Huobi,https://etherscan.io/accounts/label/huobi,community
ethereum,0x636b76ae213358b9867591299e5c62b8d014e372,Huobi 31,exchange,,Etherscan label / Huobi,https://etherscan.io/accounts/label/huobi,community
ethereum,0xb4cd0386d2db86f30c1a11c2b8c4f4185c1dade9,Huobi 31,exchange,,Etherscan label / Huobi,https://etherscan.io/accounts/label/huobi,community
ethereum,0x4d77a1144dc74f26838b69391a6d3b1e403d0990,Huobi 32,exchange,,Etherscan label / Huobi,https://etherscan.io/accounts/label/huobi,community
ethereum,0x9a755332d874c893111207b0b220ce2615cd036f,Huobi 32,exchange,,Etherscan label / Huobi,https://etherscan.io/accounts/label/huobi,community
ethereum,0x28ffe35688ffffd0659aee2e34778b0ae4e193ad,Huobi 33,exchange,,Etherscan label / Huobi,https://etherscan.io/accounts/label/huobi,community
ethereum,0xecd8b3877d8e7cd0739de18a5b545bc0b3538566,Huobi 33,exchange,,Etherscan label / Huobi,https://etherscan.io/accounts/label/huobi,community
ethereum,0xcac725bef4f114f728cbcfd744a731c2a463c3fc,Huobi 34,exchange,,Etherscan label / Huobi,https://etherscan.io/accounts/label/huobi,community
ethereum,0xef54f559b5e3b55b783c7bc59850f83514b6149c,Huobi 34,exchange,,Etherscan label / Huobi,https://etherscan.io/accounts/label/huobi,community
ethereum,0x73f8fc2e74302eb2efda125a326655acf0dc2d1b,Huobi 35,exchange,,Etherscan label / Huobi,https://etherscan.io/accounts/label/huobi,community
ethereum,0x0a98fb70939162725ae66e626fe4b52cff62c2e5,Huobi 36,exchange,,Etherscan label / Huobi,https://etherscan.io/accounts/label/huobi,community
ethereum,0xf66852bc122fd40bfecc63cd48217e88bda12109,Huobi 37,exchange,,Etherscan label / Huobi,https://etherscan.io/accounts/label/huobi,community
ethereum,0x49517ca7b7a50f592886d4c74175f4c07d460a70,Huobi 38,exchange,,Etherscan label / Huobi,https://etherscan.io/accounts/label/huobi,community
ethereum,0x58c2cb4a6bee98c309215d0d2a38d7f8aa71211c,Huobi 39,exchange,,Etherscan label / Huobi,https://etherscan.io/accounts/label/huobi,community
ethereum,0x956e0dbecc0e873d34a5e39b25f364b2ca036730,Huobi 4,exchange,,Etherscan label / Huobi,https://etherscan.io/accounts/label/huobi,community
ethereum,0xeee28d484628d41a82d01e21d12e2e78d69920da,Huobi 4,exchange,,Etherscan label / Huobi,https://etherscan.io/accounts/label/huobi,community
ethereum,0xf0458aaaf6d49192d3b4711960635d5fa2114e71,Huobi 4,exchange,,Etherscan label / Huobi,https://etherscan.io/accounts/label/huobi,community
ethereum,0x39d9f4640b98189540a9c0edcfa95c5e657706aa,Huobi 40,exchange,,Etherscan label / Huobi,https://etherscan.io/accounts/label/huobi,community
ethereum,0x07ef60deca209ea0f3f3f08c1ad21a6db5ef9d33,Huobi 5,exchange,,Etherscan label / Huobi,https://etherscan.io/accounts/label/huobi,community
ethereum,0x5c985e89dde482efe97ea9f1950ad149eb73829b,Huobi 5,exchange,,Etherscan label / Huobi,https://etherscan.io/accounts/label/huobi,community
ethereum,0x6f50c6bff08ec925232937b204b0ae23c488402a,Huobi 5,exchange,,Etherscan label / Huobi,https://etherscan.io/accounts/label/huobi,community
ethereum,0xdc76cd25977e0a5ae17155770273ad58648900d3,Huobi 6,exchange,,Etherscan label / Huobi,https://etherscan.io/accounts/label/huobi,community
ethereum,0xdf95de30cdff4381b69f9e4fa8dddce31a0128df,Huobi 6,exchange,,Etherscan label / Huobi,https://etherscan.io/accounts/label/huobi,community
ethereum,0x25c6459e5c5b01694f6453e8961420ccd1edf3b1,Huobi 7,exchange,,Etherscan label / Huobi,https://etherscan.io/accounts/label/huobi,community
ethereum,0xadb2b42f6bd96f5c65920b9ac88619dce4166f94,Huobi 7,exchange,,Etherscan label / Huobi,https://etherscan.io/accounts/label/huobi,community
ethereum,0x04645af26b54bd85dc02ac65054e87362a72cb22,Huobi 8,exchange,,Etherscan label / Huobi,https://etherscan.io/accounts/label/huobi,community
ethereum,0xa8660c8ffd6d578f657b72c0c811284aef0b735e,Huobi 8,exchange,,Etherscan label / Huobi,https://etherscan.io/accounts/label/huobi,community
ethereum,0x1062a747393198f70f71ec65a582423dba7e5ab3,Huobi 9,exchange,,Etherscan label / Huobi,https://etherscan.io/accounts/label/huobi,community
ethereum,0xb2a48f542dc56b89b24c04076cbe565b3dc58e7b,Huobi 9,exchange,,Etherscan label / Huobi,https://etherscan.io/accounts/label/huobi,community
ethereum,0x9d6d492bd500da5b33cf95a5d610a73360fcaaa0,Huobi Mining Pool,exchange,,Etherscan label / Huobi,https://etherscan.io/accounts/label/huobi,community
ethereum,0x63155828e949aeba75038a5e8a5f4edd5038d9a6,Huobi: Deployer,exchange,,Etherscan label / Huobi,https://etherscan.io/accounts/label/huobi,community
ethereum,0xe0d513cf39b52a09aefcef25e91dda3a2636329a,Huobi: Deposit,exchange,,Etherscan label / Huobi,https://etherscan.io/accounts/label/huobi,community
ethereum,0xfd54078badd5653571726c3370afb127351a6f26,Huobi: Deposit Funder,exchange,,Etherscan label / Huobi,https://etherscan.io/accounts/label/huobi,community
ethereum,0x0316eb71485b0ab14103307bf65a021042c6d380,Huobi: HBTC Token,exchange,,Etherscan label / Huobi,https://etherscan.io/accounts/label/huobi,community
ethereum,0xa66daa57432024023db65477ba87d4e7f5f95213,HuobiPoolToken,exchange,,Etherscan label / Huobi,https://etherscan.io/accounts/label/huobi,community
ethereum,0x6f259637dcd74c767781e37bc6133cd6a68aa161,HuobiToken (HT),exchange,,Etherscan label / Huobi,https://etherscan.io/accounts/label/huobi,community
ethereum,0x691c25c461dafc47792b6e4d674fbb637bca1c6f,iBBT Utility Token,exchange,,Etherscan label / Fiat Gateway,https://etherscan.io/accounts/label/fiat-gateway,community
ethereum,0x0c01089aedc45ab0f43467cceca6b4d3e4170bea,Korbit 1,exchange,,Etherscan label / Korbit,https://etherscan.io/accounts/label/korbit,community
ethereum,0x2864de013415b6c2c7a96333183b20f0f9cc7532,Korbit 2,exchange,,Etherscan label / Korbit,https://etherscan.io/accounts/label/korbit,community
ethereum,0x8550e644d74536f1df38b17d5f69aa1bfe28ae86,Korbit 3,exchange,,Etherscan label / Korbit,https://etherscan.io/accounts/label/korbit,community
ethereum,0xd03be958e6b8da2d28ac8231a2291d6e4f0a7ea7,Korbit 4,exchange,,Etherscan label / Korbit,https://etherscan.io/accounts/label/korbit,community
ethereum,0xd6e0f7da4480b3ad7a2c8b31bc5a19325355ca15,Korbit 5,exchange,,Etherscan label / Korbit,https://etherscan.io/accounts/label/korbit,community
ethereum,0xe5d7ccc5fc3b3216c4dff3a59442f1d83038468c,Korbit 6,exchange,,Etherscan label / Korbit,https://etherscan.io/accounts/label/korbit,community
ethereum,0xe83a48cae4d7120e8ba1c2e0409568ffba532e87,Korbit 7,exchange,,Etherscan label / Korbit,https://etherscan.io/accounts/label/korbit,community
ethereum,0xf0bc8fddb1f358cef470d63f96ae65b1d7914953,Korbit 8,exchange,,Etherscan label / Korbit,https://etherscan.io/accounts/label/korbit,community
ethereum,0x2910543af39aba0cd09dbb2d50200b3e800a63d2,Kraken,exchange,,Etherscan label / Kraken,https://etherscan.io/accounts/label/kraken,community
ethereum,0x2e7542ec36df6429d8c397f88c4cf0c925948f44,Kraken 1,exchange,,Etherscan label / Kraken,https://etherscan.io/accounts/label/kraken,community
ethereum,0xae2d4617c862309a3d75a0ffb358c7a5009c673f,Kraken 10,exchange,,Etherscan label / Kraken,https://etherscan.io/accounts/label/kraken,community
ethereum,0x43984d578803891dfa9706bdeee6078d80cfc79e,Kraken 11,exchange,,Etherscan label / Kraken,https://etherscan.io/accounts/label/kraken,community
ethereum,0x66c57bf505a85a74609d2c83e94aabb26d691e1f,Kraken 12,exchange,,Etherscan label / Kraken,https://etherscan.io/accounts/label/kraken,community
ethereum,0xda9dfa130df4de4673b89022ee50ff26f6ea73cf,Kraken 13,exchange,,Etherscan label / Kraken,https://etherscan.io/accounts/label/kraken,community
ethereum,0xa83b11093c858c86321fbc4c20fe82cdbd58e09e,Kraken 14,exchange,,Etherscan label / Kraken,https://etherscan.io/accounts/label/kraken,community
ethereum,0x0a869d79a7052c7f1b55a8ebabbea3420f0d1e13,Kraken 2,exchange,,Etherscan label / Kraken,https://etherscan.io/accounts/label/kraken,community
ethereum,0xa24787320ede4cc19d800bf87b41ab9539c4da9d,Kraken 2,exchange,,Etherscan label / Kraken,https://etherscan.io/accounts/label/kraken,community
ethereum,0xe853c56864a2ebe4576a807d26fdc4a0ada51919,Kraken 3,exchange,,Etherscan label / Kraken,https://etherscan.io/accounts/label/kraken,community
ethereum,0x267be1c1d684f78cb4f6a176c4911b741e4ffdc0,Kraken 4,exchange,,Etherscan label / Kraken,https://etherscan.io/accounts/label/kraken,community
ethereum,0xfa52274dd61e1643d2205169732f29114bc240b3,Kraken 5,exchange,,Etherscan label / Kraken,https://etherscan.io/accounts/label/kraken,community
ethereum,0x53d284357ec70ce289d6d64134dfac8e511c8a3d,Kraken 6,exchange,,Etherscan label / Kraken,https://etherscan.io/accounts/label/kraken,community
ethereum,0x89e51fa8ca5d66cd220baed62ed01e8951aa7c40,Kraken 7,exchange,,Etherscan label / Kraken,https://etherscan.io/accounts/label/kraken,community
ethereum,0xc6bed363b30df7f35b601a5547fe56cd31ec63da,Kraken 8,exchange,,Etherscan label / Kraken,https://etherscan.io/accounts/label/kraken,community
ethereum,0x29728d0efd284d85187362faa2d4d76c2cfc2612,Kraken 9,exchange,,Etherscan label / Kraken,https://etherscan.io/accounts/label/kraken,community
ethereum,0xe9f7ecae3a53d2a67105292894676b00d1fab785,Kraken: Hot Wallet,exchange,,Etherscan label / Kraken,https://etherscan.io/accounts/label/kraken,community
ethereum,0xe1498a9ef5c6aa51790a642f70c31238326b1724,Kraken: MANA Token Wallet,exchange,,Etherscan label / Kraken,https://etherscan.io/accounts/label/kraken,community
ethereum,0x2b5634c42055806a59e9107ed44d43c426e58258,KuCoin,exchange,,Etherscan label / KuCoin,https://etherscan.io/accounts/label/kucoin,community
ethereum,0x689c56aef474df92d44a1b70850f808488f9769c,KuCoin 2,exchange,,Etherscan label / KuCoin,https://etherscan.io/accounts/label/kucoin,community
ethereum,0xa1d8d972560c2f8144af871db508f0b0b10a3fbf,KuCoin 3,exchange,,Etherscan label / KuCoin,https://etherscan.io/accounts/label/kucoin,community
ethereum,0x4ad64983349c49defe8d7a4686202d24b25d0ce8,KuCoin 4,exchange,,Etherscan label / KuCoin,https://etherscan.io/accounts/label/kucoin,community
ethereum,0xe59cd29be3be4461d79c0881d238cbe87d64595a,KuCoin 7,exchange,,Etherscan label / KuCoin,https://etherscan.io/accounts/label/kucoin,community
ethereum,0x899b5d52671830f567bf43a14684eb14e1f945fe,KuCoin 8,exchange,,Etherscan label / KuCoin,https://etherscan.io/accounts/label/kucoin,community
ethereum,0x2602669a92fccf44e5319ff51b0f453aab9db021,KuCoin Contract,exchange,,Etherscan label / KuCoin,https://etherscan.io/accounts/label/kucoin,community
ethereum,0x039b5649a59967e3e936d7471f9c3700100ee1ab,Kucoin Shares,exchange,,Etherscan label / KuCoin,https://etherscan.io/accounts/label/kucoin,community
ethereum,0xf34960d9d60be18cc1d5afc1a6f012a723a28811,KuCoin Token (KCS),exchange,,Etherscan label / KuCoin,https://etherscan.io/accounts/label/kucoin,community
ethereum,0xf2b16510270a214130c6b17ff0e9bf87585126bd,KuCoin: Deployer,exchange,,Etherscan label / KuCoin,https://etherscan.io/accounts/label/kucoin,community
ethereum,0x061f7937b7b2bc7596539959804f86538b6368dc,KuCoin: Deposit Funder,exchange,,Etherscan label / KuCoin,https://etherscan.io/accounts/label/kucoin,community
ethereum,0xedbb72e6b3cf66a792bff7faac5ea769fe810517,Liquid 1,exchange,,Etherscan label / Fiat Gateway,https://etherscan.io/accounts/label/fiat-gateway,community
ethereum,0xdf4b6fb700c428476bd3c02e6fa83e110741145b,Liquid 2,exchange,,Etherscan label / Liquid,https://etherscan.io/accounts/label/liquid,community
ethereum,0xdb2cad4f306b47c9b35541988c7656f1bb092e15,Liquid 3,exchange,,Etherscan label / Fiat Gateway,https://etherscan.io/accounts/label/fiat-gateway,community
ethereum,0x9cc2dce817093ceea82bb67a4cf43131fa354c06,Liquid 4,exchange,,Etherscan label / Fiat Gateway,https://etherscan.io/accounts/label/fiat-gateway,community
ethereum,0x6a0afe6f45a878100480f312b585aa0d752d4d2d,Liquid: Gram Token Sale Proceeds,exchange,,Etherscan label / Liquid,https://etherscan.io/accounts/label/liquid,community
ethereum,0xaf1931c20ee0c11bea17a41bfbbad299b2763bc0,Luno 1,exchange,,Etherscan label / Fiat Gateway,https://etherscan.io/accounts/label/fiat-gateway,community
ethereum,0x416299aade6443e6f6e8ab67126e65a7f606eef5,Luno 2,exchange,,Etherscan label / Fiat Gateway,https://etherscan.io/accounts/label/fiat-gateway,community
ethereum,0xb63b606ac810a52cca15e44bb630fd42d8d1d83d,MCO (MCO),exchange,,Etherscan label / Crypto.com,https://etherscan.io/accounts/label/crypto-com,community
ethereum,0xb62132e35a6c13ee1ee0f84dc5d40bad8d815206,Nexo (NEXO),exchange,,Etherscan label / Nexo,https://etherscan.io/accounts/label/nexo,community
ethereum,0x00ee047a66d5cff27587a61559138c26b62f7ceb,Nexo 1,exchange,,Etherscan label / Nexo,https://etherscan.io/accounts/label/nexo,community
ethereum,0xffec0067f5a79cff07527f63d83dd5462ccf8ba4,Nexo 2,exchange,,Etherscan label / Nexo,https://etherscan.io/accounts/label/nexo,community
ethereum,0x0031e147a79c45f24319dc02ca860cb6142fcba1,Nexo 3,exchange,,Etherscan label / Nexo,https://etherscan.io/accounts/label/nexo,community
ethereum,0x7344e478574acbe6dac9de1077430139e17eec3d,Nexo 4,exchange,,Etherscan label / Nexo,https://etherscan.io/accounts/label/nexo,community
ethereum,0x9bdb521a97e95177bf252c253e256a60c3e14447,Nexo: Corporate Treasury,exchange,,Etherscan label / Nexo,https://etherscan.io/accounts/label/nexo,community
ethereum,0x354e9fa5c6ee7e6092158a8c1b203ccac932d66d,Nexo: Deposit Funder,exchange,,Etherscan label / Nexo,https://etherscan.io/accounts/label/nexo,community
ethereum,0x65b0bf8ee4947edd2a500d74e50a3d757dc79de0,Nexo: WBTC Merchant Deposit Address,exchange,,Etherscan label / Nexo,https://etherscan.io/accounts/label/nexo,community
ethereum,0x6cc5f688a315f3dc28a7781717a9a798a59fda7b,OKX,exchange,,Etherscan label / OKX,https://etherscan.io/accounts/label/okx,community
ethereum,0xc5451b523d5fffe1351337a221688a62806ad91a,OKX 10,exchange,,Etherscan label / OKX,https://etherscan.io/accounts/label/okx,community
ethereum,0x42436286a9c8d63aafc2eebbca193064d68068f2,OKX 11,exchange,,Etherscan label / OKX,https://etherscan.io/accounts/label/okx,community
ethereum,0x69a722f0b5da3af02b4a205d6f0c285f4ed8f396,OKX 12,exchange,,Etherscan label / OKX,https://etherscan.io/accounts/label/okx,community
ethereum,0xc708a1c712ba26dc618f972ad7a187f76c8596fd,OKX 13,exchange,,Etherscan label / OKX,https://etherscan.io/accounts/label/okx,community
ethereum,0x6fb624b48d9299674022a23d92515e76ba880113,OKX 14,exchange,,Etherscan label / OKX,https://etherscan.io/accounts/label/okx,community
ethereum,0xf59869753f41db720127ceb8dbb8afaf89030de4,OKX 15,exchange,,Etherscan label / OKX,https://etherscan.io/accounts/label/okx,community
ethereum,0x65a0947ba5175359bb457d3b34491edf4cbf7997,OKX 16,exchange,,Etherscan label / OKX,https://etherscan.io/accounts/label/okx,community
ethereum,0x4d19c0a5357bc48be0017095d3c871d9afc3f21d,OKX 17,exchange,,Etherscan label / OKX,https://etherscan.io/accounts/label/okx,community
ethereum,0x5c52cc7c96bde8594e5b77d5b76d042cb5fae5f2,OKX 18,exchange,,Etherscan label / OKX,https://etherscan.io/accounts/label/okx,community
ethereum,0xe9172daf64b05b26eb18f07ac8d6d723acb48f99,OKX 19,exchange,,Etherscan label / OKX,https://etherscan.io/accounts/label/okx,community
ethereum,0x236f9f97e0e62388479bf9e5ba4889e46b0273c3,OKX 2,exchange,,Etherscan label / OKX,https://etherscan.io/accounts/label/okx,community
ethereum,0x7eb6c83ab7d8d9b8618c0ed973cbef71d1921ef2,OKX 20,exchange,,Etherscan label / OKX,https://etherscan.io/accounts/label/okx,community
ethereum,0x89fd00b8d2dcee0f40d8699970115bb861241a54,OKX 3,exchange,,Etherscan label / OKX,https://etherscan.io/accounts/label/okx,community
ethereum,0xa7efae728d2936e78bda97dc267687568dd593f3,OKX 3,exchange,,Etherscan label / OKX,https://etherscan.io/accounts/label/okx,community
ethereum,0x2c8fbb630289363ac80705a1a61273f76fd5a161,OKX 4,exchange,,Etherscan label / OKX,https://etherscan.io/accounts/label/okx,community
ethereum,0xaad8ad7dfa05bc354e011890dd61636842c2cb96,OKX 4,exchange,,Etherscan label / OKX,https://etherscan.io/accounts/label/okx,community
ethereum,0x59fae149a8f8ec74d5bc038f8b76d25b136b9573,OKX 5,exchange,,Etherscan label / OKX,https://etherscan.io/accounts/label/okx,community
ethereum,0x98ec059dc3adfbdd63429454aeb0c990fba4a128,OKX 6,exchange,,Etherscan label / OKX,https://etherscan.io/accounts/label/okx,community
ethereum,0x5041ed759dd4afc3a72b8192c143f72f4724081a,OKX 7,exchange,,Etherscan label / OKX,https://etherscan.io/accounts/label/okx,community
ethereum,0xcba38020cd7b6f51df6afaf507685add148f6ab6,OKX 8,exchange,,Etherscan label / OKX,https://etherscan.io/accounts/label/okx,community
ethereum,0x461249076b88189f8ac9418de28b365859e46bfd,OKX 9,exchange,,Etherscan label / OKX,https://etherscan.io/accounts/label/okx,community
ethereum,0x3b3ae790df4f312e745d270119c6052904fb6790,OKX DEX: Aggregation Router,exchange,,Etherscan label / OKX,https://etherscan.io/accounts/label/okx,community
ethereum,0xc5a93444cc4da6efb9e6fc6e5d3cb55a53b52396,OKX: Deposit Funder,exchange,,Etherscan label / OKX,https://etherscan.io/accounts/label/okx,community
ethereum,0x24c654f6b143dc5cae3c02fbb527ca63aa555dbc,OKX: Deposit Supplier,exchange,,Etherscan label / OKX,https://etherscan.io/accounts/label/okx,community
ethereum,0x07f9702ce093db82dfdc92c2c6e578d6ea8d5e22,Oobit (OBT),exchange,,Etherscan label / Oobit,https://etherscan.io/accounts/label/oobit,community
ethereum,0xf6be265fa72148dfb64106247d21bb15ce650e5e,Oobit 1,exchange,,Etherscan label / Oobit,https://etherscan.io/accounts/label/oobit,community
ethereum,0x65fb180c8bfaa811e9b2e3d2fa60ef27c15f8732,Oobit 2,exchange,,Etherscan label / Oobit,https://etherscan.io/accounts/label/oobit,community
ethereum,0xa8ee70f68fffaae3cb8475112409adb9282f3246,Oobit 3,exchange,,Etherscan label / Oobit,https://etherscan.io/accounts/label/oobit,community
ethereum,0xbf2ebf6c701068ccf046644315ff7417c879bd8a,Oobit 4,exchange,,Etherscan label / Oobit,https://etherscan.io/accounts/label/oobit,community
ethereum,0x0bc99404e0fca2028d7665e3b473869c6c6ff002,Oobit: Deployer,exchange,,Etherscan label / Oobit,https://etherscan.io/accounts/label/oobit,community
ethereum,0x32be343b94f860124dc4fee278fdcbd38c102d88,Poloniex,exchange,,Etherscan label / Poloniex,https://etherscan.io/accounts/label/poloniex,community
ethereum,0x209c4784ab1e8183cf58ca33cb740efbf3fc18ef,Poloniex 2,exchange,,Etherscan label / Poloniex,https://etherscan.io/accounts/label/poloniex,community
ethereum,0xb794f5ea0ba39494ce839613fffba74279579268,Poloniex 3,exchange,,Etherscan label / Poloniex,https://etherscan.io/accounts/label/poloniex,community
ethereum,0xa910f92acdaf488fa6ef02174fb86208ad7722ba,Poloniex 4,exchange,,Etherscan label / Poloniex,https://etherscan.io/accounts/label/poloniex,community
ethereum,0xaa9fa73dfe17ecaa2c89b39f0bb2779613c5fc3b,Poloniex: BAT,exchange,,Etherscan label / Poloniex,https://etherscan.io/accounts/label/poloniex,community
ethereum,0x2fa2bc2ce6a4f92952921a4caa46b3727d24a1ec,Poloniex: BNT,exchange,,Etherscan label / Poloniex,https://etherscan.io/accounts/label/poloniex,community
ethereum,0x31a2feb9b5d3b5f4e76c71d6c92fc46ebb3cb1c1,Poloniex: CVC,exchange,,Etherscan label / Poloniex,https://etherscan.io/accounts/label/poloniex,community
ethereum,0x6b71834d65c5c4d8ed158d54b47e6ea4ff4e5437,Poloniex: FOAM,exchange,,Etherscan label / Poloniex,https://etherscan.io/accounts/label/poloniex,community
ethereum,0x48d466b7c0d32b61e8a82cd2bcf060f7c3f966df,Poloniex: GNO,exchange,,Etherscan label / Poloniex,https://etherscan.io/accounts/label/poloniex,community
ethereum,0x0536806df512d6cdde913cf95c9886f65b1d3462,Poloniex: GNT,exchange,,Etherscan label / Poloniex,https://etherscan.io/accounts/label/poloniex,community
ethereum,0x8d451ae5ee8f557a9ce7a9d7be8a8cb40002d5cb,Poloniex: KNC,exchange,,Etherscan label / Poloniex,https://etherscan.io/accounts/label/poloniex,community
ethereum,0xbd2ec7c608a06fe975dbdca729e84dedb34ecc21,Poloniex: LOOM,exchange,,Etherscan label / Poloniex,https://etherscan.io/accounts/label/poloniex,community
ethereum,0xc0e30823e5e628df8bc9bf2636a347e1512f0ecb,Poloniex: MANA,exchange,,Etherscan label / Poloniex,https://etherscan.io/accounts/label/poloniex,community
ethereum,0x65f9b2e4d7aaeb40ffea8c6f5844d5ad7da257e0,Poloniex: NXC,exchange,,Etherscan label / Poloniex,https://etherscan.io/accounts/label/poloniex,community
ethereum,0x36b01066b7fa4a0fdb2968ea0256c848e9135674,Poloniex: OMG,exchange,,Etherscan label / Poloniex,https://etherscan.io/accounts/label/poloniex,community
ethereum,0xab11204cfeaccffa63c2d23aef2ea9accdb0a0d5,Poloniex: REP,exchange,,Etherscan label / Poloniex,https://etherscan.io/accounts/label/poloniex,community
ethereum,0x6795cf8eb25585eadc356ae32ac6641016c550f2,Poloniex: SNT,exchange,,Etherscan label / Poloniex,https://etherscan.io/accounts/label/poloniex,community
ethereum,0xfbf2173154f7625713be22e0504404ebfe021eae,Poloniex: STORJ,exchange,,Etherscan label / Poloniex,https://etherscan.io/accounts/label/poloniex,community
ethereum,0x6f803466bcd17f44fa18975bf7c509ba64bf3825,Poloniex: USDC,exchange,,Etherscan label / Poloniex,https://etherscan.io/accounts/label/poloniex,community
ethereum,0xead6be34ce315940264519f250d8160f369fa5cd,Poloniex: ZRX,exchange,,Etherscan label / Poloniex,https://etherscan.io/accounts/label/poloniex,community
ethereum,0x618e75ac90b12c6049ba3b27f5d5f8651b0037f6,QASH (QASH),exchange,,Etherscan label / Liquid,https://etherscan.io/accounts/label/liquid,community
ethereum,0xb8cf411b956b3f9013c1d0ac8c909b086218207c,Remitano 1,exchange,,Etherscan label / Fiat Gateway,https://etherscan.io/accounts/label/fiat-gateway,community
ethereum,0x2819c144d5946404c0516b6f817a960db37d4929,Remitano 2,exchange,,Etherscan label / Remitano,https://etherscan.io/accounts/label/remitano,community
ethereum,0x8365efb25d0822aaf15ee1d314147b6a7831c403,Remitano: Deposit Funder,exchange,,Etherscan label / Remitano,https://etherscan.io/accounts/label/remitano,community
ethereum,0xf951e335afb289353dc249e82926178eac7ded78,swETH (swETH),exchange,,Etherscan label / Liquid,https://etherscan.io/accounts/label/liquid,community
ethereum,0x6e109e9dd7fa1a58bc3eff667e8e41fc3cc07aef,Tether CNH (CNHT),exchange,,Etherscan label / Bitfinex,https://etherscan.io/accounts/label/bitfinex,community
ethereum,0xabdf147870235fcfc34153828c769a70b3fae01f,Tether EUR (EURT),exchange,,Etherscan label / Bitfinex,https://etherscan.io/accounts/label/bitfinex,community
ethereum,0x4922a015c4407f87432b179bb209e125432e4a2a,Tether Gold: Old XAUt Token,exchange,,Etherscan label / Bitfinex,https://etherscan.io/accounts/label/bitfinex,community
ethereum,0x5754284f98efcc17d37657b93ad1b6f1bb3dbb08,Tether Treasury,exchange,,Etherscan label / Tether treasury (widely cited; not a Tether PoR dump),https://etherscan.io/address/0x5754284f98efcc17d37657b93ad1b6f1bb3dbb08,community
ethereum,0xed03ed872159e199065401b6d0d487d78d9464aa,Tether: MXNt Token,exchange,,Etherscan label / Bitfinex,https://etherscan.io/accounts/label/bitfinex,community
ethereum,0x5754284f345afc66a98fbb0a0afe71e0f007b949,Tether: Treasury,exchange,,Etherscan label / Bitfinex,https://etherscan.io/accounts/label/bitfinex,community
ethereum,0x3613ef1125a078ef96ffc898c4ec28d73c5b8c52,Tidex 1,exchange,,Etherscan label / Tidex,https://etherscan.io/accounts/label/tidex,community
ethereum,0x0a73573cf2903d2d8305b1ecb9e9730186a312ae,Tidex 2,exchange,,Etherscan label / Tidex,https://etherscan.io/accounts/label/tidex,community
ethereum,0x390de26d772d2e2005c6d1d24afc902bae37a4bb,Upbit,exchange,,Etherscan label / Upbit,https://etherscan.io/accounts/label/upbit,community
ethereum,0xba826fec90cefdf6706858e5fbafcb27a290fbe0,Upbit 2,exchange,,Etherscan label / Upbit,https://etherscan.io/accounts/label/upbit,community
ethereum,0x5e032243d507c743b061ef021e2ec7fcc6d3ab89,Upbit 3,exchange,,Etherscan label / Upbit,https://etherscan.io/accounts/label/upbit,community
ethereum,0xc9cf0ec93d764f5c9571fd12f764bae7fc87c84e,Upbit: Cold Wallet,exchange,,Etherscan label / Upbit,https://etherscan.io/accounts/label/upbit,community
ethereum,0x340d693ed55d7ba167d184ea76ea2fd092a35bdc,Uphold.com,exchange,,Etherscan label / Fiat Gateway,https://etherscan.io/accounts/label/fiat-gateway,community
ethereum,0xb3f923eabaf178fc1bd8e13902fc5c61d3ddef5b,Wintermute: Binance Deposit,exchange,,Etherscan label / Binance,https://etherscan.io/accounts/label/binance,community
ethereum,0xa2e3356610840701bdf5611a53974510ae27e2e1,Wrapped Binance Beacon ETH,exchange,,Etherscan label / Binance,https://etherscan.io/accounts/label/binance,community
ethereum,0xed5af388653567af2f388e6224dc7c4b3241c544,Azuki,shop,,Azuki,https://www.azuki.com/,official
ethereum,0x000000000000ad05ccc4f10045630fb830b95127,Blur Marketplace,shop,,Blur.io marketplace,https://blur.io/,official
ethereum,0xbc4ca0eda7647a8ab7c2061c2e118a18a936f13d,Bored Ape Yacht Club,shop,,Yuga Labs BAYC,https://boredapeyachtclub.com/,official
ethereum,0xb47e3cd837ddf8e4c57f05d70ab865de6e193bbb,CryptoPunks,shop,,Larva Labs CryptoPunks,https://www.larvalabs.com/cryptopunks,official
ethereum,0x60e4d786628fea6478f785a6d7e704777c86a7c6,Mutant Ape Yacht Club,shop,,Yuga Labs MAYC,https://boredapeyachtclub.com/,official
ethereum,0xbd3531da5cf66d67bc5614c2dda6bf5ef3eb4b80,Pudgy Penguins,shop,,Pudgy Penguins,https://pudgypenguins.com/,official
ethereum,0x2e8891aa76743ee96547acb764a69b87872423f8,1PLANET Carbon Credit,shop,,Etherscan label / Marketplace,https://etherscan.io/accounts/label/marketplace,community
ethereum,0x7e88916c4dd22d6c1d04ec87ca54bf777ca0b2b6,1stDibs.1 (DIBS),shop,,Etherscan label / Marketplace,https://etherscan.io/accounts/label/marketplace,community
ethereum,0xd932ba8adf16009e5571648e070f9eebb2f259c0,Aeternalism (AES),shop,,Etherscan label (octal mirror) / Marketplace,https://etherscan.io/accounts/label/marketplace,community
ethereum,0x2a9bdcff37ab68b95a53435adfd8892e86084f93,Alpha Quark Token,shop,,Etherscan label / Marketplace,https://etherscan.io/accounts/label/marketplace,community
ethereum,0xc28a4162e3cc1838bad6dfaec83d57a0d62c80f3,Anysale (SALE),shop,,Etherscan label (octal mirror) / Marketplace,https://etherscan.io/accounts/label/marketplace,community
ethereum,0x198d14f2ad9ce69e76ea330b374de4957c3f850a,APENFT (NFT),shop,,Etherscan label / Marketplace,https://etherscan.io/accounts/label/marketplace,community
ethereum,0xf7413489c474ca4399eee604716c72879eea3615,APYSwap (APYS),shop,,Etherscan label / Marketplace,https://etherscan.io/accounts/label/marketplace,community
ethereum,0x8c342307f3ab1267d39ba76af6c319edd64bfb86,ARTAIST AI,shop,,Etherscan label / Marketplace,https://etherscan.io/accounts/label/marketplace,community
ethereum,0x55f827820fd24663d12df336148d8032fd57ea06,ArtCoin (ART),shop,,Etherscan label / Marketplace,https://etherscan.io/accounts/label/marketplace,community
ethereum,0x6e9b4c2f6bd57b7b924d29b5dcfca1273ecc94a2,Asset Vault (AV),shop,,Etherscan label (octal mirror) / Marketplace,https://etherscan.io/accounts/label/marketplace,community
ethereum,0x017b584acfd16d767541ae9e80cdc702f4527b0b,ASYAGRO (ASY),shop,,Etherscan label / Marketplace,https://etherscan.io/accounts/label/marketplace,community
ethereum,0x461733c17b0755ca5649b6db08b3e213fcf22546,ATN (ATN),shop,,Etherscan label / Marketplace,https://etherscan.io/accounts/label/marketplace,community
ethereum,0x38c751500bfbf3f525b37a393a2f0c1bf5e8386a,bazaaar.io,shop,,Etherscan label / Marketplace,https://etherscan.io/accounts/label/marketplace,community
ethereum,0x8d96b4ab6c741a4c8679ae323a100d74f085ba8f,BAZAARS (BZR),shop,,Etherscan label / Marketplace,https://etherscan.io/accounts/label/marketplace,community
ethereum,0x6e8908cfa881c9f6f2c64d3436e7b80b1bf0093f,Bistroo Token (BIST),shop,,Etherscan label (octal mirror) / Marketplace,https://etherscan.io/accounts/label/marketplace,community
ethereum,0x4d31200e6d7854c2f664af7fc38a21600960f74d,Bit Financial (BFC),shop,,Etherscan label (octal mirror) / Marketplace,https://etherscan.io/accounts/label/marketplace,community
ethereum,0x1500205f50bf3fd976466d0662905c9ff254fc9c,BitBoost (BBT),shop,,Etherscan label / Marketplace,https://etherscan.io/accounts/label/marketplace,community
ethereum,0xff9ab84c4d038a142a8cb20479e8589daf6ca158,BitcoinFashion (BTCF),shop,,Etherscan label (octal mirror) / Marketplace,https://etherscan.io/accounts/label/marketplace,community
ethereum,0xa7d10ff962eda41f3b037e3af1d8b4037eba4b86,BitherCash (BICAS),shop,,Etherscan label / Marketplace,https://etherscan.io/accounts/label/marketplace,community
ethereum,0x39da41747a83aee658334415666f3ef92dd0d541,Blur.io: Marketplace 2,shop,,Etherscan label / Marketplace,https://etherscan.io/accounts/label/marketplace,community
ethereum,0xe7f69ea2a79521136ee0bf3c50f6b5f1ea0ab0cd,BountiesNetwork V2,shop,,Etherscan label / Marketplace,https://etherscan.io/accounts/label/marketplace,community
ethereum,0x7a647637e75d34a7798ba06bd1adf5c084bb5dd5,BSYToken (BSY),shop,,Etherscan label / Marketplace,https://etherscan.io/accounts/label/marketplace,community
ethereum,0x36905fc93280f52362a1cbab151f25dc46742fb5,BTOCoin (BTO),shop,,Etherscan label / Marketplace,https://etherscan.io/accounts/label/marketplace,community
ethereum,0x5ea82c27efc7634f1c5ad20a3561c453433a2f3a,BTRIPS (BTR),shop,,Etherscan label / Marketplace,https://etherscan.io/accounts/label/marketplace,community
ethereum,0xf83c8cdb4fa387f904c8f6af6756abb39f1a10e2,BuyzookaToken,shop,,Etherscan label / Marketplace,https://etherscan.io/accounts/label/marketplace,community
ethereum,0x30b1efb052205e6ca3c4888c3c50c5b339cc0602,Cargo Gems (GEM),shop,,Etherscan label / Marketplace,https://etherscan.io/accounts/label/marketplace,community
ethereum,0x1122b6a0e00dce0563082b6e2953f3a943855c1f,Centrality Token,shop,,Etherscan label / Marketplace,https://etherscan.io/accounts/label/marketplace,community
ethereum,0x06a00715e6f92210af9d7680b584931faf71a833,Chronicle (XNL),shop,,Etherscan label / Marketplace,https://etherscan.io/accounts/label/marketplace,community
ethereum,0x79c6d5aad23b3795b1d95cc9740a2f6df7f4ed70,clewee (clew),shop,,Etherscan label / Marketplace,https://etherscan.io/accounts/label/marketplace,community
ethereum,0x0743392132d1a03a902c477e5a176f256ba3220c,Coimatic 3.0 (CTIC3),shop,,Etherscan label (octal mirror) / Marketplace,https://etherscan.io/accounts/label/marketplace,community
ethereum,0x6a7260e44789aef24fdaf72d80ecdc253aaa079e,Corra (CORA),shop,,Etherscan label / Marketplace,https://etherscan.io/accounts/label/marketplace,community
ethereum,0x5c872500c00565505f3624ab435c222e558e9ff8,CoTrader (COT),shop,,Etherscan label / Marketplace,https://etherscan.io/accounts/label/marketplace,community
ethereum,0x6b7734c5ecc51116b806e2ea6decbb3b97f4f92e,CRUISEBIT ERC223,shop,,Etherscan label / Marketplace,https://etherscan.io/accounts/label/marketplace,community
ethereum,0x0b722dc0f7a5611ce4bf3cfdeba8d9ff3abd39d5,Crypto Byte Collectible,shop,,Etherscan label / Marketplace,https://etherscan.io/accounts/label/marketplace,community
ethereum,0x927937aa4c989f8c907941e39abd79cc2bfd7cb1,Crystal Blue (BLUE),shop,,Etherscan label / Marketplace,https://etherscan.io/accounts/label/marketplace,community
ethereum,0x2eec2d8ffb26eb04dd37078f52913321d840f607,Cyclops (Cyclops),shop,,Etherscan label (octal mirror) / Marketplace,https://etherscan.io/accounts/label/marketplace,community
ethereum,0x255d578049b0cc729dcec2f12fa59867eb0ececb,dArtflex Token,shop,,Etherscan label / Marketplace,https://etherscan.io/accounts/label/marketplace,community
ethereum,0x765f0c16d1ddc279295c1a7c24b0883f62d33f75,DaTa eXchange Token,shop,,Etherscan label / Marketplace,https://etherscan.io/accounts/label/marketplace,community
ethereum,0x20566d84d979841849478e3d17fc81445152b84b,dDEXX Token (dDEXX),shop,,Etherscan label / Marketplace,https://etherscan.io/accounts/label/marketplace,community
ethereum,0x25e4579f028e2629ed15c70a378d82209cfb5e7d,DDS.Store (DDS),shop,,Etherscan label / Marketplace,https://etherscan.io/accounts/label/marketplace,community
ethereum,0xac48f566bfb00b40112a868b45e44730798abe8d,DeBear.Club (DEAR),shop,,Etherscan label / Marketplace,https://etherscan.io/accounts/label/marketplace,community
ethereum,0xc5e095f55abbff29960c6cd4d11954f31607c883,DeFiXy (DFX),shop,,Etherscan label / Marketplace,https://etherscan.io/accounts/label/marketplace,community
ethereum,0x9695e0114e12c0d3a3636fab5a18e6b737529023,DFYN Token (DFYN),shop,,Etherscan label / Marketplace,https://etherscan.io/accounts/label/marketplace,community
ethereum,0x3cbf23c081faa5419810ce0f6bc1ecb73006d848,Digi (DIGI),shop,,Etherscan label / Marketplace,https://etherscan.io/accounts/label/marketplace,community
ethereum,0xc4f521d163d593a759f526dabf012cc7581d808f,Digital Files,shop,,Etherscan label / Marketplace,https://etherscan.io/accounts/label/marketplace,community
ethereum,0x0d1e686af0e86bebce1f2fa428cd33b699319b73,dloop Art Registry,shop,,Etherscan label / Marketplace,https://etherscan.io/accounts/label/marketplace,community
ethereum,0xa6c8c300a411d7d669b5dca6c762f07fe932bbae,Dreamr (DRMR),shop,,Etherscan label / Marketplace,https://etherscan.io/accounts/label/marketplace,community
ethereum,0xbe1fa1303e2979ab4d4e5df3d1c6e3656acab027,Dripto (DRYP),shop,,Etherscan label / Marketplace,https://etherscan.io/accounts/label/marketplace,community
ethereum,0x6fc436606771ba2cff576695fe9ca04d8d95d4ec,EnigmaNFT1155,shop,,Etherscan label / Marketplace,https://etherscan.io/accounts/label/marketplace,community
ethereum,0xe1fe881845ce91d16628a677cff12584476955ce,EnigmaNFT721 (NFT721),shop,,Etherscan label / Marketplace,https://etherscan.io/accounts/label/marketplace,community
ethereum,0x72852e6f234e34e695ca7452fe392dacdff3ec17,Ethair Token (ETHR),shop,,Etherscan label / Marketplace,https://etherscan.io/accounts/label/marketplace,community
ethereum,0x0b1724cc9fda0186911ef6a75949e9c0d3f0f2f3,Etheriya (RIYA),shop,,Etherscan label (octal mirror) / Marketplace,https://etherscan.io/accounts/label/marketplace,community
ethereum,0xd33d0eb1c0c0295c3a2409a9101dd511823bf217,FANS.UNIQUE (FANS),shop,,Etherscan label / Marketplace,https://etherscan.io/accounts/label/marketplace,community
ethereum,0xab4c44973befba9294f47e21e6beb79a3c1d7d9f,Fayre (FAYRE),shop,,Etherscan label / Marketplace,https://etherscan.io/accounts/label/marketplace,community
ethereum,0x52a7cb918c11a16958be40cba7e31e32a499a465,fidentiaX (fdX),shop,,Etherscan label / Marketplace,https://etherscan.io/accounts/label/marketplace,community
ethereum,0x2993682fe51f7dede2eb01a65e4eabb430c251f3,Focus (FOTO),shop,,Etherscan label / Marketplace,https://etherscan.io/accounts/label/marketplace,community
ethereum,0x3b3ee1931dc30c1957379fac9aba94d1c48a5405,Foundation (FND),shop,,Etherscan label / Marketplace,https://etherscan.io/accounts/label/marketplace,community
ethereum,0xe6602b34d8510b033e000975b3322537c7172441,Frontrow (FRR),shop,,Etherscan label (octal mirror) / Marketplace,https://etherscan.io/accounts/label/marketplace,community
ethereum,0x4df47b4969b2911c966506e3592c41389493953b,FundRequest (FND),shop,,Etherscan label / Marketplace,https://etherscan.io/accounts/label/marketplace,community
ethereum,0x6bff2fe249601ed0db3a87424a2e923118bb0312,FYOOZ (FYZ),shop,,Etherscan label / Marketplace,https://etherscan.io/accounts/label/marketplace,community
ethereum,0x728f30fa2f100742c7949d1961804fa8e0b1387d,GamerCoin (GHX),shop,,Etherscan label / Marketplace,https://etherscan.io/accounts/label/marketplace,community
ethereum,0xf653580a71a96f0f8896f73c7008b47603f568c9,Gem: Contract Deployer 3,shop,,Etherscan label / Marketplace,https://etherscan.io/accounts/label/marketplace,community
ethereum,0xf24629fbb477e10f2cf331c2b7452d8596b5c7a5,Gem: GemSwap,shop,,Etherscan label / Marketplace,https://etherscan.io/accounts/label/marketplace,community
ethereum,0x83c8f28c26bf6aaca652df1dbbe0e1b56f8baba2,Gem: GemSwap 2,shop,,Etherscan label / Marketplace,https://etherscan.io/accounts/label/marketplace,community
ethereum,0x0000000031f7382a812c64b604da4fc520afef4b,Gem: Single Contract Checkout 1,shop,,Etherscan label / Marketplace,https://etherscan.io/accounts/label/marketplace,community
ethereum,0x0000000035634b55f3d99b071b5a354f48e10bef,Gem: Single Contract Checkout 2,shop,,Etherscan label / Marketplace,https://etherscan.io/accounts/label/marketplace,community
ethereum,0x00000000a50bb64b4bbeceb18715748dface08af,Gem: Single Contract Checkout 3,shop,,Etherscan label / Marketplace,https://etherscan.io/accounts/label/marketplace,community
ethereum,0xe0b9a2c3e9f40cf74b2c7f591b2b0cca055c3112,Gen Shards (GS),shop,,Etherscan label / Marketplace,https://etherscan.io/accounts/label/marketplace,community
ethereum,0x556d4f40982cb95e0714989e0c229c42be8b1499,Golteum (GLTM),shop,,Etherscan label (octal mirror) / Marketplace,https://etherscan.io/accounts/label/marketplace,community
ethereum,0x7c2e5b7ec572199d3841f6a38f7d4868bd0798f1,HAVY (HAVY),shop,,Etherscan label / Marketplace,https://etherscan.io/accounts/label/marketplace,community
ethereum,0xa46b3e109b176ecef4f76f173e4170cea660f454,HeartX Utility Token,shop,,Etherscan label / Marketplace,https://etherscan.io/accounts/label/marketplace,community
ethereum,0x42707e709daee0eb5273b79aad755c5f18309adf,INVENT Protocol,shop,,Etherscan label / Marketplace,https://etherscan.io/accounts/label/marketplace,community
ethereum,0x1fb78556ee121475d95a6b71b951996140f0d248,iZOBi (iZOBi),shop,,Etherscan label / Marketplace,https://etherscan.io/accounts/label/marketplace,community
ethereum,0x84f20bf5bb4be345d3ab37c565f732753435dbe3,JustCarbon Removal Token,shop,,Etherscan label / Marketplace,https://etherscan.io/accounts/label/marketplace,community
ethereum,0xf6bf74a97d78f2242376769ef1e79885cf1f0c1c,Kaaso (KAASO),shop,,Etherscan label / Marketplace,https://etherscan.io/accounts/label/marketplace,community
ethereum,0xabb3738f04dc2ec20f4ae4462c3d069d02ae045b,KnownOriginDigitalAsset,shop,,Etherscan label / Marketplace,https://etherscan.io/accounts/label/marketplace,community
ethereum,0xfbeef911dc5821886e1dda71586d90ed28174b7d,KnownOriginDigitalAsset,shop,,Etherscan label / Marketplace,https://etherscan.io/accounts/label/marketplace,community
ethereum,0x7ca5af5ba3472af6049f63c1abc324475d44efc1,Kondux (KNDX),shop,,Etherscan label / Marketplace,https://etherscan.io/accounts/label/marketplace,community
ethereum,0x838d8e11b160dec88fe62bf0f743fb7000941e13,Krios/GIG Token (GIG),shop,,Etherscan label (octal mirror) / Marketplace,https://etherscan.io/accounts/label/marketplace,community
ethereum,0xf70d160102cf7a22c1e432d6928a9d625db91170,KUVERIT (KUV),shop,,Etherscan label / Marketplace,https://etherscan.io/accounts/label/marketplace,community
ethereum,0x8b29bcfd2f28dd3fed94a12787c98eba4285da97,LITEPFP,shop,,Etherscan label / Marketplace,https://etherscan.io/accounts/label/marketplace,community
ethereum,0x867ffb5a3871b500f65bdfafe0136f9667deae06,LocalEthereum 1,shop,,Etherscan label / Marketplace,https://etherscan.io/accounts/label/marketplace,community
ethereum,0xde1df189259dd9ea1686ed939bdfc03a97621423,LooBrNFT,shop,,Etherscan label / Marketplace,https://etherscan.io/accounts/label/marketplace,community
ethereum,0x3df9bbeff9ca570f7447e63cd657b0fbb14ab0db,LookRev LeafNFT,shop,,Etherscan label / Marketplace,https://etherscan.io/accounts/label/marketplace,community
ethereum,0x29c6cf35d1497362d4ce07152f7b87eec1aa679d,LooksCoin V2 (LOOK2),shop,,Etherscan label / Marketplace,https://etherscan.io/accounts/label/marketplace,community
ethereum,0x59728544b08ab483533076417fbbb2fd0b17ce3a,LooksRare: Exchange,shop,,Etherscan label / Marketplace,https://etherscan.io/accounts/label/marketplace,community
ethereum,0x54012cdf4119de84218f7eb90eeb87e25ae6ebd7,LUFFY (LUFFY),shop,,Etherscan label / Marketplace,https://etherscan.io/accounts/label/marketplace,community
ethereum,0x7121d00b4fa18f13da6c2e30d19c04844e6afdc8,LUFFY (LUFFY),shop,,Etherscan label (octal mirror) / Marketplace,https://etherscan.io/accounts/label/marketplace,community
ethereum,0x1a37ab7420c3b9beacdd8329656061c685ffea15,MBAS (MBAS),shop,,Etherscan label / Marketplace,https://etherscan.io/accounts/label/marketplace,community
ethereum,0x66186008c1050627f979d464eabb258860563dbe,MediShares (MDS),shop,,Etherscan label / Marketplace,https://etherscan.io/accounts/label/marketplace,community
ethereum,0xbed4ab0019ff361d83ddeb74883dac8a70f5ea1e,MerchDAO (MRCH),shop,,Etherscan label / Marketplace,https://etherscan.io/accounts/label/marketplace,community
ethereum,0xfb5453340c03db5ade474b27e68b6a9c6b2823eb,MetaFactory (ROBOT),shop,,Etherscan label / Marketplace,https://etherscan.io/accounts/label/marketplace,community
ethereum,0x7a6425c9b3f5521bfa5d71df710a2fb80508319b,miime: Exchange,shop,,Etherscan label / Marketplace,https://etherscan.io/accounts/label/marketplace,community
ethereum,0xc23d925684919c1619f13427817d3fee6c24debb,Mintable Shared Store (MINT),shop,,Etherscan label (octal mirror) / Marketplace,https://etherscan.io/accounts/label/marketplace,community
ethereum,0x638c082e5fed7d42c8665bfd395ee516fdcf2d87,MintMarketplace,shop,,Etherscan label / Marketplace,https://etherscan.io/accounts/label/marketplace,community
ethereum,0xb6c6920327b33f8eec26786c7462c5f4098d47e3,Minty Art (MINTY),shop,,Etherscan label (octal mirror) / Marketplace,https://etherscan.io/accounts/label/marketplace,community
ethereum,0xbd1848e1491d4308ad18287a745dd4db2a4bd55b,MOchi MArket (MOMA),shop,,Etherscan label / Marketplace,https://etherscan.io/accounts/label/marketplace,community
ethereum,0x2cc1be643e0882fb096f7f96d2b6ca079ad5270c,Money Plant Token,shop,,Etherscan label / Marketplace,https://etherscan.io/accounts/label/marketplace,community
ethereum,0xba75fbc4c7a553081f7a137b6e652520db444660,MonstaVerse (MONSTR),shop,,Etherscan label / Marketplace,https://etherscan.io/accounts/label/marketplace,community
ethereum,0x8c76155f890e268882c8fd91d3350332b18d3a0b,MyOwnItem (MOI),shop,,Etherscan label (octal mirror) / Marketplace,https://etherscan.io/accounts/label/marketplace,community
ethereum,0xcb8d1260f9c92a3a545d409466280ffdd7af7042,NFT Protocol (NFT),shop,,Etherscan label / Marketplace,https://etherscan.io/accounts/label/marketplace,community
ethereum,0x8e0fe2947752be0d5acf73aae77362daf79cb379,NFTrade Token,shop,,Etherscan label / Marketplace,https://etherscan.io/accounts/label/marketplace,community
ethereum,0x63f926871be333ba545c5a9111aa7604010dd4e3,NFTubbies Marketplace,shop,,Etherscan label / Marketplace,https://etherscan.io/accounts/label/marketplace,community
ethereum,0x1a746a2228ec6ebd432194b03d0c3f38429c8ec7,NOMIDMAN (MANO),shop,,Etherscan label / Marketplace,https://etherscan.io/accounts/label/marketplace,community
ethereum,0x2b17b8927a8e9844b6ca11c5e0e818bb633c044d,OMNIS-BIT (OMNIS),shop,,Etherscan label / Marketplace,https://etherscan.io/accounts/label/marketplace,community
ethereum,0x18c2e87d183c5338a9142f97db176f3832b1d6de,OpenSea: Payments,shop,,Etherscan label / Marketplace,https://etherscan.io/accounts/label/marketplace,community
ethereum,0x7be8076f4ea4a4ad08075c2508e481d6c946d12b,OpenSea: Wyvern Exchange v1,shop,,Etherscan label / Marketplace,https://etherscan.io/accounts/label/marketplace,community
ethereum,0xa9a7260748d927efd5637ce952de959b61e03ac1,Osilate (OSI),shop,,Etherscan label (octal mirror) / Marketplace,https://etherscan.io/accounts/label/marketplace,community
ethereum,0x170b275ced089fffaebfe927f445a350ed9160dc,OwnData (OWN),shop,,Etherscan label / Marketplace,https://etherscan.io/accounts/label/marketplace,community
ethereum,0x0db03b6cde0b2d427c64a04feafd825938368f1f,PDATA (PDATA),shop,,Etherscan label / Marketplace,https://etherscan.io/accounts/label/marketplace,community
ethereum,0x37613d64258c0fe09d5e53eecb091da5b8fa8707,Pi-Protocol (PIP),shop,,Etherscan label / Marketplace,https://etherscan.io/accounts/label/marketplace,community
ethereum,0xa113b79c09f0794568b8864a24197e0b817041ea,Pink Panther (PINK),shop,,Etherscan label (octal mirror) / Marketplace,https://etherscan.io/accounts/label/marketplace,community
ethereum,0xb53e08b97724126bda6d237b94f766c0b81c90fe,PIXBY (PIXBY),shop,,Etherscan label / Marketplace,https://etherscan.io/accounts/label/marketplace,community
ethereum,0x095cf7f3e82a1dcadbf0fbc59023f419883ea296,PocketArena (POC),shop,,Etherscan label / Marketplace,https://etherscan.io/accounts/label/marketplace,community
ethereum,0x0adf0bc748296bcba9f394d783a5f5e9406d6874,Portion Art Token,shop,,Etherscan label / Marketplace,https://etherscan.io/accounts/label/marketplace,community
ethereum,0x6d0f5149c502faf215c89ab306ec3e50b15e2892,Portion Token,shop,,Etherscan label / Marketplace,https://etherscan.io/accounts/label/marketplace,community
ethereum,0xe4dae00bc1c46ea2f44ae71b1beb8b171c15d812,PREMA (PRMX),shop,,Etherscan label / Marketplace,https://etherscan.io/accounts/label/marketplace,community
ethereum,0x3adfc4999f77d04c8341bac5f3a76f58dff5b37a,Privatix (PRIX),shop,,Etherscan label / Marketplace,https://etherscan.io/accounts/label/marketplace,community
ethereum,0xe47ffbddb8114f0d169cd46b973674f67fbaaf05,Quantbook Token (QTBK),shop,,Etherscan label (octal mirror) / Marketplace,https://etherscan.io/accounts/label/marketplace,community
ethereum,0x4daeb4a06f70f4b1a5c329115731fe4b89c0b227,Quasacoin (QUA),shop,,Etherscan label / Marketplace,https://etherscan.io/accounts/label/marketplace,community
ethereum,0x46a948acd1feac5a3bc48733ca54f14090c7ab73,Quencies (QUE),shop,,Etherscan label (octal mirror) / Marketplace,https://etherscan.io/accounts/label/marketplace,community
ethereum,0xda9fdab21bc4a5811134a6e0ba6ca06624e67c07,QUIDD (QUIDD),shop,,Etherscan label / Marketplace,https://etherscan.io/accounts/label/marketplace,community
ethereum,0x083726edb7b0300d8ce56f1e816efaef9c75d547,QUIK (QUIK),shop,,Etherscan label (octal mirror) / Marketplace,https://etherscan.io/accounts/label/marketplace,community
ethereum,0xe7623b874531eb96e049f9d5a47ad14bd25ce28d,RAKUZA (RAKUZA),shop,,Etherscan label / Marketplace,https://etherscan.io/accounts/label/marketplace,community
ethereum,0xebdf9a7ae0009b958c6d09501eb9ac1dafeb31ab,REDiToken (REDi),shop,,Etherscan label / Marketplace,https://etherscan.io/accounts/label/marketplace,community
ethereum,0x44c06e1b600afd9f7818eb7ed2ff725b84a5dfed,ROED TOKEN (RTC),shop,,Etherscan label / Marketplace,https://etherscan.io/accounts/label/marketplace,community
ethereum,0x2e1311220248c0e9dca0bc080521f0ba8bfc12ff,SAFU Community Token,shop,,Etherscan label / Marketplace,https://etherscan.io/accounts/label/marketplace,community
ethereum,0x04e0af0af1b7f0023c6b12af5a94df59b0e8cf59,Sensitrust Token,shop,,Etherscan label / Marketplace,https://etherscan.io/accounts/label/marketplace,community
ethereum,0x22ef3753e3658e81d5a0d0889ce078178fe66595,Sheng (SHENG),shop,,Etherscan label / Marketplace,https://etherscan.io/accounts/label/marketplace,community
ethereum,0x9b02dd390a603add5c07f9fd9175b7dabe8d63b7,Shopping.io (SPI),shop,,Etherscan label / Marketplace,https://etherscan.io/accounts/label/marketplace,community
ethereum,0x2bdc0d42996017fce214b21607a515da41a9e0c5,SkinCoin (SKIN),shop,,Etherscan label / Marketplace,https://etherscan.io/accounts/label/marketplace,community
ethereum,0x56ee8c9bd1d445a3324ad83e86d8be309db8f85d,Solareum (SLRM),shop,,Etherscan label / Marketplace,https://etherscan.io/accounts/label/marketplace,community
ethereum,0x05e7f2499ff153fea2f20bbde0b5584c911c0af1,Something Token,shop,,Etherscan label / Marketplace,https://etherscan.io/accounts/label/marketplace,community
ethereum,0x7e8539d1e5cb91d63e46b8e188403b3f262a949b,SOMIDAX (SMDX),shop,,Etherscan label / Marketplace,https://etherscan.io/accounts/label/marketplace,community
ethereum,0x0dde6f6e345bfd23f3f419f0dfe04e93143b44fb,SOTA (SOTA),shop,,Etherscan label / Marketplace,https://etherscan.io/accounts/label/marketplace,community
ethereum,0x637b1c41e3e34a2b0c77beb57bcfee3c88cc50fc,Spume (SPUME),shop,,Etherscan label / Marketplace,https://etherscan.io/accounts/label/marketplace,community
ethereum,0xa16a609ff4e1a15b6ccb469e7a5dd14e89305283,Spume (SPUME),shop,,Etherscan label / Marketplace,https://etherscan.io/accounts/label/marketplace,community
ethereum,0x2bc04c703f44e3b1ab85283094c82d9091c90bdd,StarBlock Exchange Contract,shop,,Etherscan label / Marketplace,https://etherscan.io/accounts/label/marketplace,community
ethereum,0xf446831fb5727341d8542436f9c5307917a02850,StarBlock Genesis Pass,shop,,Etherscan label / Marketplace,https://etherscan.io/accounts/label/marketplace,community
ethereum,0x92d80eb45b094b642f7839cc5fd40ab72ec61cc2,StarBlock Shared Storefront (STBSS),shop,,Etherscan label (octal mirror) / Marketplace,https://etherscan.io/accounts/label/marketplace,community
ethereum,0x1e66008a24a486456a796e0c771fdc0cdf43cad9,STELLAR CLASSIC,shop,,Etherscan label / Marketplace,https://etherscan.io/accounts/label/marketplace,community
ethereum,0xd2e5decc08a80be6538f89f9ab8ff296e2f724df,STIMA (STIMA),shop,,Etherscan label / Marketplace,https://etherscan.io/accounts/label/marketplace,community
ethereum,0xcb39c3502415152b2ec90ff07ee18cc94f681a72,storeum (STO),shop,,Etherscan label (octal mirror) / Marketplace,https://etherscan.io/accounts/label/marketplace,community
ethereum,0x0371a82e4a9d0a4312f3ee2ac9c6958512891372,Student Coin (STU),shop,,Etherscan label (octal mirror) / Marketplace,https://etherscan.io/accounts/label/marketplace,community
ethereum,0x3446dd70b2d52a6bf4a5a192d9b0a161295ab7f9,SUDO GOVERNANCE TOKEN,shop,,Etherscan label / Marketplace,https://etherscan.io/accounts/label/marketplace,community
ethereum,0xb932a70a57673d89f4acffbe830e8ed7f75fb9e0,SuperRare (SUPR),shop,,Etherscan label / Marketplace,https://etherscan.io/accounts/label/marketplace,community
ethereum,0xb9e7f8568e08d5659f5d29c4997173d84cdf2607,SwarmCity (SWT),shop,,Etherscan label / Marketplace,https://etherscan.io/accounts/label/marketplace,community
ethereum,0x7abbc18ef3e01b8b93cf236a6d68dfc35c5e48aa,TeamPizza (TPC),shop,,Etherscan label (octal mirror) / Marketplace,https://etherscan.io/accounts/label/marketplace,community
ethereum,0x805ea9c07b49dd23ce11ec66dc6d8a2957385035,Transient (TSCT),shop,,Etherscan label / Marketplace,https://etherscan.io/accounts/label/marketplace,community
ethereum,0x186d0ba3dfc3386c464eecd96a61fbb1e2da00bf,TravaFinance Token,shop,,Etherscan label / Marketplace,https://etherscan.io/accounts/label/marketplace,community
ethereum,0xa4e3d035f8194dc0e9e0f4fe8813eaf08084fc94,TridentGuard (TRID),shop,,Etherscan label / Marketplace,https://etherscan.io/accounts/label/marketplace,community
ethereum,0xe6db41a000916fa272787348d87dcb51cb8a9a48,TrusMarketHub Token,shop,,Etherscan label / Marketplace,https://etherscan.io/accounts/label/marketplace,community
ethereum,0x2d3e7d4870a51b918919e7b851fe19983e4c38d5,UBCoin (UBC),shop,,Etherscan label / Marketplace,https://etherscan.io/accounts/label/marketplace,community
ethereum,0x3758e00b100876c854636ef8db61988931bb8025,Uniqly (UNIQ),shop,,Etherscan label / Marketplace,https://etherscan.io/accounts/label/marketplace,community
ethereum,0x8fc1a87af3ad30a90caa197b6c7adb80d9f2ac44,UNITY (Unity),shop,,Etherscan label / Marketplace,https://etherscan.io/accounts/label/marketplace,community
ethereum,0x922ac473a3cc241fd3a0049ed14536452d58d73c,VALID (VLD),shop,,Etherscan label / Marketplace,https://etherscan.io/accounts/label/marketplace,community
ethereum,0xf81a676e51f1cd18d78abdb7bf3467ca2bf97f7d,VoltNFT (VOLTY),shop,,Etherscan label / Marketplace,https://etherscan.io/accounts/label/marketplace,community
ethereum,0xa3abac46f5c4f8ee2e7e61b7dea5f0bdf2254163,Want Marketplaces Utility Token,shop,,Etherscan label / Marketplace,https://etherscan.io/accounts/label/marketplace,community
ethereum,0xb4e3362ee28105cd6d99278424d2176c4f3d76ce,Webercoin (WBC),shop,,Etherscan label (octal mirror) / Marketplace,https://etherscan.io/accounts/label/marketplace,community
ethereum,0x9a0587eae7ef64b2b38a10442a44cfa43edd7d2a,Welltrado token,shop,,Etherscan label / Marketplace,https://etherscan.io/accounts/label/marketplace,community
ethereum,0x3f17dd476faf0a4855572f0b6ed5115d9bba22ad,WIBSON (WIB),shop,,Etherscan label / Marketplace,https://etherscan.io/accounts/label/marketplace,community
ethereum,0x6bc08509b36a98e829dffad49fde5e412645d0a3,WoofWork.io (WOOF),shop,,Etherscan label / Marketplace,https://etherscan.io/accounts/label/marketplace,community
ethereum,0x74312363e45dcaba76c59ec49a7aa8a65a67eed3,X2Y2: Exchange,shop,,Etherscan label / Marketplace,https://etherscan.io/accounts/label/marketplace,community
ethereum,0x0f3a02baec9607f2b52b3ab629cbcea2047e1124,XPOP Entertainment,shop,,Etherscan label / Marketplace,https://etherscan.io/accounts/label/marketplace,community
ethereum,0x5319e86f0e41a06e49eb37046b8c11d78bcad68c,ZELWIN (ZLW),shop,,Etherscan label / Marketplace,https://etherscan.io/accounts/label/marketplace,community
ethereum,0xdef1c0ded9bec7f1a1670819833240f027b25eff,0x Exchange Proxy,protocol,,0x Protocol deployed addresses,https://0x.org/docs/developer-resources/deployed-addresses,official
ethereum,0xe41d2489571d322189246dafa5ebde1f4699f498,0x Protocol Token,protocol,,Uniswap Labs Default token list,https://tokens.uniswap.org,official
ethereum,0x111111111117dc0aa78b770fa6a738034120c302,1inch,protocol,,Uniswap Labs Default token list,https://tokens.uniswap.org,official
ethereum,0x1111111254eeb25477b68fb85ed929f73a960582,1inch Aggregation Router V5,protocol,,1inch Aggregation Router V5,https://docs.1inch.io/,official
ethereum,0x111111125421ca6dc452d289314280a0f8842a65,1inch Aggregation Router V6,protocol,,1inch Aggregation Router V6,https://docs.1inch.io/,official
ethereum,0x7fc66500c84a76ad7e9c93437bfc5ac33e2ddae9,Aave,protocol,,Uniswap default token list,https://tokens.uniswap.org,official
ethereum,0x464c71f6c2f760dda6093dcb91c24c39e5d6e18c,Aave Collector,protocol,,Aave address book,https://github.com/bgd-labs/aave-address-book/blob/main/src/ts/AaveV3Ethereum.ts,official
ethereum,0xec568fffba86c094cf06b22134b23074dfe2252c,Aave Governance V2,protocol,,Aave governance,https://docs.aave.com/developers/deployed-contracts/governance-contracts,official
ethereum,0x0a16f2fcc0d44fae41cc54e079281d84a363becd,Aave Protocol Data Provider,protocol,,Aave address book,https://github.com/bgd-labs/aave-address-book/blob/main/src/ts/AaveV3Ethereum.ts,official
ethereum,0x2dad8162a989cd99d673de4425bb2298db1e1aa2,Aave UI Pool Data Provider,protocol,,Aave address book,https://github.com/bgd-labs/aave-address-book/blob/main/src/ts/AaveV3Ethereum.ts,official
ethereum,0xc2aacf6553d20d1e9d78e365aaba8032af9c85b0,Aave V3 ACL Manager,protocol,,Aave address book,https://github.com/bgd-labs/aave-address-book/blob/main/src/ts/AaveV3Ethereum.ts,official
ethereum,0x54586be62e3c3580375ae3723c145253060ca0c2,Aave V3 Oracle,protocol,,Aave address book,https://github.com/bgd-labs/aave-address-book/blob/main/src/ts/AaveV3Ethereum.ts,official
ethereum,0x87870bca3f3fd6335c3f4ce8392d69350b4fa4e2,Aave V3 Pool,protocol,,Aave V3 deployments,https://docs.aave.com/developers/deployed-contracts/v3-mainnet,official
ethereum,0x2f39d218133afab8f2b819b1066c7e434ad94e9e,Aave V3 Pool Addresses Provider,protocol,,Aave address book,https://github.com/bgd-labs/aave-address-book/blob/main/src/ts/AaveV3Ethereum.ts,official
ethereum,0x3f382dbd960e3a9bbceae22651e88158d2791550,Aavegotchi,protocol,,Uniswap Labs Default token list,https://tokens.uniswap.org,official
ethereum,0x44108f0223a3c3028f5fe7aec7f9bb2e66bef82f,Across Protocol Token,protocol,,Uniswap Labs Default token list,https://tokens.uniswap.org,official
ethereum,0x8b1484d57abbe239bb280661377363b03c89caea,ADI,protocol,,Uniswap Labs Default token list,https://tokens.uniswap.org,official
ethereum,0x32353a6c91143bfd6c7d363b546e62a9a2489a20,Adventure Gold,protocol,,Uniswap Labs Default token list,https://tokens.uniswap.org,official
ethereum,0x91af0fbb28aba7e31403cb457106ce79397fd4e6,Aergo,protocol,,Uniswap Labs Default token list,https://tokens.uniswap.org,official
ethereum,0xbe0ed4138121ecfc5c0e56b40517da27e6c5226b,Aethir Token,protocol,,Uniswap Labs Default token list,https://tokens.uniswap.org,official
ethereum,0xb528edbef013aff855ac3c50b381f253af13b997,Aevo,protocol,,Uniswap Labs Default token list,https://tokens.uniswap.org,official
ethereum,0x1a7e4e63778b4f12a199c062f3efdd288afcbce8,agEur,protocol,,Uniswap Labs Default token list,https://tokens.uniswap.org,official
ethereum,0x626e8036deb333b408be468f951bdb42433cbf18,AIOZ Network,protocol,,Uniswap Labs Default token list,https://tokens.uniswap.org,official
ethereum,0x27054b13b1b798b345b591a4d22e6562d47ea75a,AirSwap,protocol,,Uniswap Labs Default token list,https://tokens.uniswap.org,official
ethereum,0xdbdb4d16eda451d0503b854cf79d55697f90c8df,Alchemix,protocol,,Uniswap Labs Default token list,https://tokens.uniswap.org,official
ethereum,0xed04915c23f00a313a544955524eb7dbd823143d,Alchemy Pay,protocol,,Uniswap Labs Default token list,https://tokens.uniswap.org,official
ethereum,0x27702a26126e0b3702af63ee09ac4d1a084ef628,Aleph im,protocol,,Uniswap Labs Default token list,https://tokens.uniswap.org,official
ethereum,0x6b0b3a982b4634ac68dd83a4dbf02311ce324181,Alethea Artificial Liquid Intelligence,protocol,,Uniswap Labs Default token list,https://tokens.uniswap.org,official
ethereum,0x888888848b652b3e3a0f34c96e00eec0f3a23f72,Alien Worlds,protocol,,Uniswap Labs Default token list,https://tokens.uniswap.org,official
ethereum,0x8408d45b61f5823298f19a09b53b7339c0280489,Allora,protocol,,Uniswap Labs Default token list,https://tokens.uniswap.org,official
ethereum,0xa1faa113cbe53436df28ff0aee54275c13b40975,Alpha Venture DAO,protocol,,Uniswap Labs Default token list,https://tokens.uniswap.org,official
ethereum,0x8457ca5040ad67fdebbcc8edce889a335bc0fbfb,AltLayer,protocol,,Uniswap Labs Default token list,https://tokens.uniswap.org,official
ethereum,0xff20817765cb7f73d4bde2e66e067e58d11095c2,Amp,protocol,,Uniswap Labs Default token list,https://tokens.uniswap.org,official
ethereum,0x77fba179c79de5b7653f68b5039af940ada60ce0,Ampleforth Governance Token,protocol,,Uniswap Labs Default token list,https://tokens.uniswap.org,official
ethereum,0x3e5a19c91266ad8ce2477b91585d1856b84062df,Ancient8,protocol,,Uniswap Labs Default token list,https://tokens.uniswap.org,official
ethereum,0x8290333cef9e6d528dd5618fb97a76f268f3edd4,Ankr,protocol,,Uniswap Labs Default token list,https://tokens.uniswap.org,official
ethereum,0xcedbea37c8872c4171259cdfd5255cb8923cf8e7,Anoma,protocol,,Uniswap Labs Default token list,https://tokens.uniswap.org,official
ethereum,0x4d224452801aced8b2f0aebe155379bb5d594381,ApeCoin,protocol,,Uniswap Labs Default token list,https://tokens.uniswap.org,official
ethereum,0x0b38210ea11411557c13457d4da7dc6ea731b88a,API3,protocol,,Uniswap Labs Default token list,https://tokens.uniswap.org,official
ethereum,0x5a9610919f5e81183823a2be4bd1beb2b4da2a20,aPriori,protocol,,Uniswap Labs Default token list,https://tokens.uniswap.org,official
ethereum,0x594daad7d77592a2b97b725a7ad59d7e188b5bfa,Apu Apustaja,protocol,,Uniswap Labs Default token list,https://tokens.uniswap.org,official
ethereum,0x98a878b1cd98131b271883b390f68d2c90674665,apxUSD,protocol,,Uniswap Labs Default token list,https://tokens.uniswap.org,official
ethereum,0x4e59b44847b379578588920ca78fbf26c0b4956c,Arachnid CREATE2 Deployer,protocol,,Arachnid deterministic-deployment-proxy,https://github.com/Arachnid/deterministic-deployment-proxy,official
ethereum,0x3fab184622dc19b6109349b94811493bf2a45362,Arachnid CREATE2 Deployer Signer,protocol,,Arachnid deterministic-deployment-proxy,https://github.com/Arachnid/deterministic-deployment-proxy,official
ethereum,0xa117000000f279d81a1d3cc75430faa017fa5a2e,Aragon,protocol,,Uniswap Labs Default token list,https://tokens.uniswap.org,official
ethereum,0xb50721bcf8d664c30412cfbc6cf7a15145234ad1,Arbitrum,protocol,,Uniswap Labs Default token list,https://tokens.uniswap.org,official
ethereum,0x8315177ab297ba92a06054ce80a67ed4dbd7ed3a,Arbitrum One Bridge,protocol,,Arbitrum docs contract addresses,https://docs.arbitrum.io/build-decentralized-apps/reference/contract-addresses,official
ethereum,0x760723cd2e632826c38fef8cd438a4cc7e7e1a40,Arbitrum One Classic Outbox,protocol,,Arbitrum docs contract addresses,https://docs.arbitrum.io/build-decentralized-apps/reference/contract-addresses,official
ethereum,0x4dbd4fc535ac27206064b68ffcf827b0a60bab3f,Arbitrum One Delayed Inbox,protocol,,Arbitrum docs contract addresses,https://docs.arbitrum.io/build-decentralized-apps/reference/contract-addresses,official
ethereum,0xcee284f754e854890e311e3280b767f80797180d,Arbitrum One L1 Custom Gateway,protocol,,Arbitrum docs contract addresses,https://docs.arbitrum.io/build-decentralized-apps/reference/contract-addresses,official
ethereum,0xa3a7b6f88361f48403514059f1f16c8e78d60eec,Arbitrum One L1 ERC20 Gateway,protocol,,Arbitrum docs contract addresses,https://docs.arbitrum.io/build-decentralized-apps/reference/contract-addresses,official
ethereum,0x72ce9c846789fdb6fc1f34ac4ad25dd9ef7031ef,Arbitrum One L1 Gateway Router,protocol,,Arbitrum docs contract addresses,https://docs.arbitrum.io/build-decentralized-apps/reference/contract-addresses,official
ethereum,0xd92023e9d9911199a6711321d1277285e6d4e2db,Arbitrum One L1 WETH Gateway,protocol,,Arbitrum docs contract addresses,https://docs.arbitrum.io/build-decentralized-apps/reference/contract-addresses,official
ethereum,0x0b9857ae2d4a3dbe74ffe1d7df045bb7f96e4840,Arbitrum One Outbox,protocol,,Arbitrum docs contract addresses,https://docs.arbitrum.io/build-decentralized-apps/reference/contract-addresses,official
ethereum,0x4dceb440657f21083db8add07665f8ddbe1dcfc0,Arbitrum One Rollup,protocol,,Arbitrum docs contract addresses,https://docs.arbitrum.io/build-decentralized-apps/reference/contract-addresses,official
ethereum,0x1c479675ad559dc151f6ec7ed3fbf8cee79582b6,Arbitrum One Sequencer Inbox,protocol,,Arbitrum docs contract addresses,https://docs.arbitrum.io/build-decentralized-apps/reference/contract-addresses,official
ethereum,0xb98d4c97425d9908e66e53a6fdf673acca0be986,Arcblock,protocol,,Uniswap Labs Default token list,https://tokens.uniswap.org,official
ethereum,0x6e2a43be0b1d33b726f0ca3b8de60b3482b8b050,Arkham,protocol,,Uniswap Labs Default token list,https://tokens.uniswap.org,official
ethereum,0xba50933c268f567bdc86e1ac131be072c6b0b71a,ARPA Chain,protocol,,Uniswap Labs Default token list,https://tokens.uniswap.org,official
ethereum,0x845576c64f9754cf09d87e45b720e82f3eef522c,Artverse Token,protocol,,Uniswap Labs Default token list,https://tokens.uniswap.org,official
ethereum,0x64d91f12ece7362f91a6f8e7940cd55f05060b92,ASH,protocol,,Uniswap Labs Default token list,https://tokens.uniswap.org,official
ethereum,0x2565ae0385659badcada1031db704442e1b69982,Assemble Protocol,protocol,,Uniswap Labs Default token list,https://tokens.uniswap.org,official
ethereum,0x4cce605ed955295432958d8951d0b176c10720d5,AUDD,protocol,,Uniswap Labs Default token list,https://tokens.uniswap.org,official
ethereum,0x18aaa7115705e8be94bffebde57af9bfc265b998,Audius,protocol,,Uniswap Labs Default token list,https://tokens.uniswap.org,official
ethereum,0xcf6a0a7826fa124b7705d6f3c675ead76f1e540d,AUGUR,protocol,,Uniswap Labs Default token list,https://tokens.uniswap.org,official
ethereum,0x00000000efe302beaa2b3e6e1b18d08d69a9012a,AUSD,protocol,,Uniswap Labs Default token list,https://tokens.uniswap.org,official
ethereum,0xa2120b9e674d3fc3875f415a7df52e382f141225,Automata,protocol,,Uniswap Labs Default token list,https://tokens.uniswap.org,official
ethereum,0xa6c0c097741d55ecd9a3a7def3a8253fd022ceb9,AVA,protocol,,Uniswap Labs Default token list,https://tokens.uniswap.org,official
ethereum,0x5c8d0c48810fd37a0a824d074ee290e64f7a8fa2,Avalon,protocol,,Uniswap Labs Default token list,https://tokens.uniswap.org,official
ethereum,0x467719ad09025fcc6cf6f8311755809d45a5e5f3,Axelar,protocol,,Uniswap Labs Default token list,https://tokens.uniswap.org,official
ethereum,0xbb0e17ef65f82ab018d8edd776e8dd940327b28b,Axie Infinity,protocol,,Uniswap Labs Default token list,https://tokens.uniswap.org,official
ethereum,0xa27ec0006e59f245217ff08cd52a7e8b169e62d2,Aztec,protocol,,Uniswap Labs Default token list,https://tokens.uniswap.org,official
ethereum,0x3472a5a71965499acd81997a54bba8d852c6e53d,Badger DAO,protocol,,Uniswap Labs Default token list,https://tokens.uniswap.org,official
ethereum,0xba100000625a3754423978a60c9317c58a424e3d,Balancer,protocol,,Uniswap Labs Default token list,https://tokens.uniswap.org,official
ethereum,0x1f573d6fb3f13d689ff844b4ce37794d79a7ff1c,Bancor Network Token,protocol,,Uniswap Labs Default token list,https://tokens.uniswap.org,official
ethereum,0xba11d00c5f74255f56a5e366f4f77f5a186d7f55,Band Protocol,protocol,,Uniswap Labs Default token list,https://tokens.uniswap.org,official
ethereum,0x0391d2021f89dc339f60fff84546ea23e337750f,BarnBridge,protocol,,Uniswap Labs Default token list,https://tokens.uniswap.org,official
ethereum,0x8efb6b5c4767b09dc9aa6af4eaa89f749522bae2,Base Address Manager,protocol,,Base docs contract addresses,https://docs.base.org/base-chain/network-information/base-contracts,official
ethereum,0x909f6cf47ed12f010a796527f562bfc26c7f4e72,Base Anchor State Registry,protocol,,Base docs contract addresses,https://docs.base.org/base-chain/network-information/base-contracts,official
ethereum,0x5050f69a9786f081509234f1a7f4684b5e5b76c9,Base Batch Sender,protocol,,Base docs contract addresses,https://docs.base.org/base-chain/network-information/base-contracts,official
ethereum,0x9855054731540a48b28990b63dcf4f33d8ae46a1,Base CB Multisig,protocol,,Base docs contract addresses,https://docs.base.org/base-chain/network-information/base-contracts,official
ethereum,0x819501cda743a606a93dbef254fe0d263ce7d102,Base Challenger,protocol,,Base docs contract addresses,https://docs.base.org/base-chain/network-information/base-contracts,official
ethereum,0xd0d07924add740a87e41ca8a0d4cbbf6b074ef71,Base Delayed WETH,protocol,,Base docs contract addresses,https://docs.base.org/base-chain/network-information/base-contracts,official
ethereum,0x43edb88c4b80fdd2adff2412a7bebf9df42cb40e,Base Dispute Game Factory,protocol,,Base docs contract addresses,https://docs.base.org/base-chain/network-information/base-contracts,official
ethereum,0x866e82a600a1414e583f7f13623f1ac5d58b0afa,Base L1 Cross Domain Messenger,protocol,,Base docs contract addresses,https://docs.base.org/base-chain/network-information/base-contracts,official
ethereum,0x608d94945a64503e642e6370ec598e519a2c1e53,Base L1 ERC721 Bridge,protocol,,Base docs contract addresses,https://docs.base.org/base-chain/network-information/base-contracts,official
ethereum,0x3154cf16ccdb4c6d922629664174b904d80f2c35,Base L1 Standard Bridge,protocol,,Base docs contract addresses,https://docs.base.org/base-chain/network-information/base-contracts,official
ethereum,0x05cc379ebd9b30bba19c6fa282ab29218ec61d84,Base OptimismMintableERC20Factory,protocol,,Base docs contract addresses,https://docs.base.org/base-chain/network-information/base-contracts,official
ethereum,0x49048044d57e1c92a77f79988d21fa8faf74e97e,Base OptimismPortal,protocol,,Base docs contract addresses,https://docs.base.org/base-chain/network-information/base-contracts,official
ethereum,0xc1366fabe614d42d367a1ece61821238a1d31cf5,Base Output Proposer,protocol,,Base docs contract addresses,https://docs.base.org/base-chain/network-information/base-contracts,official
ethereum,0x0475cbcaebd9ce8afa5025828d5b98dfb67e059e,Base Proxy Admin,protocol,,Base docs contract addresses,https://docs.base.org/base-chain/network-information/base-contracts,official
ethereum,0x7bb41c3008b3f03fe483b28b8db90e19cf07595c,Base Proxy Admin Owner,protocol,,Base docs contract addresses,https://docs.base.org/base-chain/network-information/base-contracts,official
ethereum,0x20acf55a3dcfe07fc4cecacfa1628f788ec8a4dd,Base Security Council,protocol,,Base docs contract addresses,https://docs.base.org/base-chain/network-information/base-contracts,official
ethereum,0x73a79fab69143498ed3712e519a88a918e1f4072,Base System Config,protocol,,Base docs contract addresses,https://docs.base.org/base-chain/network-information/base-contracts,official
ethereum,0x14536667cd30e52c0b458baaccb9fada7046e056,Base SystemConfig Owner,protocol,,Base docs contract addresses,https://docs.base.org/base-chain/network-information/base-contracts,official
ethereum,0x4f2b33840227ddd0e28da8d4185d6fa07adfed87,Based one,protocol,,Uniswap Labs Default token list,https://tokens.uniswap.org,official
ethereum,0x0d8775f648430679a709e98d2b0cb6250d2887ef,Basic Attention Token,protocol,,Uniswap Labs Default token list,https://tokens.uniswap.org,official
ethereum,0x00000000219ab540356cbb839cbe05303d7705fa,Beacon Deposit Contract,protocol,,ethereum.org staking deposit contract,https://ethereum.org/en/staking/deposit-contract/,official
ethereum,0x62d0a8458ed7719fdaf978fe5929c6d342b0bfce,Beam,protocol,,Uniswap Labs Default token list,https://tokens.uniswap.org,official
ethereum,0xf17e65822b568b3903685a7c9f496cf7656cc6c2,Biconomy,protocol,,Uniswap Labs Default token list,https://tokens.uniswap.org,official
ethereum,0x64bc2ca1be492be7185faa2c8835d9b824c8a194,Big Time,protocol,,Uniswap Labs Default token list,https://tokens.uniswap.org,official
ethereum,0xb1110919016846972056ab995054d65560d5f05e,Billions,protocol,,Uniswap Labs Default token list,https://tokens.uniswap.org,official
ethereum,0x4fabb145d64652a948d72533023f6e7a623c7c53,Binance USD,protocol,,Uniswap Labs Default token list,https://tokens.uniswap.org,official
ethereum,0x85c4edc43724e954e5849caaab61a26a9cb65f1b,Binance Wrapped BCH,protocol,,Wrapped Tokens token list,https://wrapped.tokensoft.eth.link,official
ethereum,0x9be89d2a4cd102d8fecc6bf9da793be995c22541,Binance Wrapped BTC,protocol,,Wrapped Tokens token list,https://wrapped.tokensoft.eth.link,official
ethereum,0x7884f51dc1410387371ce61747cb6264e1daee0b,Binance Wrapped DOT,protocol,,Wrapped Tokens token list,https://wrapped.tokensoft.eth.link,official
ethereum,0x8e16bf47065fe843a82f4399baf5abac4e0822b7,Binance Wrapped FIL,protocol,,Wrapped Tokens token list,https://wrapped.tokensoft.eth.link,official
ethereum,0xcb1592591996765ec0efc1f92599a19767ee5ffa,BIO,protocol,,Uniswap Labs Default token list,https://tokens.uniswap.org,official
ethereum,0x1a4b46696b2bb4794eb3d4c26f1c55f9170fa4c5,BitDAO,protocol,,Uniswap Labs Default token list,https://tokens.uniswap.org,official
ethereum,0x98078db053902644191f93988341e31289e1c8fe,Blast ETH Yield Manager,protocol,,Blast docs contracts,https://docs.blast.io/building/contracts,official
ethereum,0x3a05e5d33d7ab3864d53aaec93c8301c1fa49115,Blast L1 Blast Bridge,protocol,,Blast docs contracts,https://docs.blast.io/building/contracts,official
ethereum,0x5d4472f31bd9385709ec61305afc749f0fa8e9d0,Blast L1 Cross Domain Messenger,protocol,,Blast docs contracts,https://docs.blast.io/building/contracts,official
ethereum,0xa45a0c7c47db8c6e99b2d7c4939f7f7cf69c8975,Blast L1 ERC721 Bridge,protocol,,Blast docs contracts,https://docs.blast.io/building/contracts,official
ethereum,0x697402166fbf2f22e970df8a6486ef171dbfc524,Blast L1 Standard Bridge,protocol,,Blast docs contracts,https://docs.blast.io/building/contracts,official
ethereum,0x826d1b0d4111ad9146eb8941d7ca2b6a44215c76,Blast L2OutputOracle,protocol,,Blast docs contracts,https://docs.blast.io/building/contracts,official
ethereum,0x0ec68c5b10f21effb74f2a5c61dfe6b08c0db6cb,Blast OptimismPortal,protocol,,Blast docs contracts,https://docs.blast.io/building/contracts,official
ethereum,0xa230285d5683c74935ad14c446e137c8c8828438,Blast USD Yield Manager,protocol,,Blast docs contracts,https://docs.blast.io/building/contracts,official
ethereum,0xd0a6053f087e87a25dc60701ba6e663b1a548e85,BLOCKLORDS,protocol,,Uniswap Labs Default token list,https://tokens.uniswap.org,official
ethereum,0x5283d291dbcf85356a21ba090e6db59121208b44,Blur,protocol,,Uniswap Labs Default token list,https://tokens.uniswap.org,official
ethereum,0x5732046a883704404f284ce41ffadd5b007fd668,Bluzelle,protocol,,Uniswap Labs Default token list,https://tokens.uniswap.org,official
ethereum,0xc9746f73cc33a36c2cd55b8aefd732586946cedd,BOB,protocol,,Uniswap Labs Default token list,https://tokens.uniswap.org,official
ethereum,0x42bbfa2e77757c645eeaad1655e0911a7553efbc,Boba Network,protocol,,Uniswap Labs Default token list,https://tokens.uniswap.org,official
ethereum,0x9813037ee221f0bfda40f938b757d13076c0b411,Bone ShibaSwap,protocol,,Shiba Inu docs,https://docs.shibatoken.com/,official
ethereum,0xa9b1eb5908cfc3cdf91f9b8b3a74108598009096,Bounce,protocol,,Uniswap Labs Default token list,https://tokens.uniswap.org,official
ethereum,0x000006c2a22ff4a44ff1f5d0f2ed65f781f55555,Boundless,protocol,,Uniswap Labs Default token list,https://tokens.uniswap.org,official
ethereum,0x799ebfabe77a6e34311eeee9825190b9ece32824,Braintrust,protocol,,Uniswap Labs Default token list,https://tokens.uniswap.org,official
ethereum,0x086f405146ce90135750bbec9a063a8b20a8bffb,Brevis,protocol,,Uniswap Labs Default token list,https://tokens.uniswap.org,official
ethereum,0x62a29205f7ff00f4233d9779c210150787638e7f,BuilderNet,protocol,,BuilderNet public identity,https://buildernet.org/docs/public-identity,official
ethereum,0xdadb0d80178819f2319190d340ce9a924f783711,BuilderNet fee recipient,protocol,,BuilderNet public identity,https://buildernet.org/docs/public-identity,official
ethereum,0x850b00e055388c1b56f137e0852bc02d8b05534e,BuilderNet published identity,protocol,,BuilderNet public identity,https://buildernet.org/docs/public-identity,official
ethereum,0x851b00b12f73770337fbd219b439aba7bd8e770d,BuilderNet published identity,protocol,,BuilderNet public identity,https://buildernet.org/docs/public-identity,official
ethereum,0x852b0070e2522fcb06dcb159fabcdc7a4b5e1221,BuilderNet published identity,protocol,,BuilderNet public identity,https://buildernet.org/docs/public-identity,official
ethereum,0x853b0078c722ade5dd089dd9ce2eea3890dcc825,BuilderNet published identity,protocol,,BuilderNet public identity,https://buildernet.org/docs/public-identity,official
ethereum,0x855b00e6b2c5dd524d2689bd43e0a965262810cb,BuilderNet published identity,protocol,,BuilderNet public identity,https://buildernet.org/docs/public-identity,official
ethereum,0x856b00042301181ccf5277309c6f44595e343a28,BuilderNet published identity,protocol,,BuilderNet public identity,https://buildernet.org/docs/public-identity,official
ethereum,0x857b00388fc623b52cec21b5dde4f0e543dd824d,BuilderNet published identity,protocol,,BuilderNet public identity,https://buildernet.org/docs/public-identity,official
ethereum,0xe2ad0bf751834f2fbdc62a41014f84d67ca1de2a,Caldera,protocol,,Uniswap Labs Default token list,https://tokens.uniswap.org,official
ethereum,0x99991c6aabba5a096f24f250b73580f5179b9999,Cap,protocol,,Uniswap Labs Default token list,https://tokens.uniswap.org,official
ethereum,0x491604c0fdf08347dd1fa4ee062a822a5dd06b5d,Cartesi,protocol,,Uniswap Labs Default token list,https://tokens.uniswap.org,official
ethereum,0x4f9254c83eb525f9fcf346490bbb3ed28a81c667,Celer Network,protocol,,Uniswap Labs Default token list,https://tokens.uniswap.org,official
ethereum,0x3294395e62f4eb6af3f1fcf89f5602d90fb3ef69,Celo native asset (Wormhole),protocol,,Uniswap Labs Default token list,https://tokens.uniswap.org,official
ethereum,0xcccccccccc33d538dbc2ee4feab0a7a1ff4e8a94,Centrifuge,protocol,,Uniswap Labs Default token list,https://tokens.uniswap.org,official
ethereum,0xa2cd3d43c775978a96bdbf12d733d5a1ed94fb18,Chain,protocol,,Uniswap Labs Default token list,https://tokens.uniswap.org,official
ethereum,0x514910771af9ca656af840dff83e8264ecf986ca,ChainLink Token,protocol,,Uniswap Labs Default token list,https://tokens.uniswap.org,official
ethereum,0x9126236476efba9ad8ab77855c60eb5bf37586eb,Checkmate,protocol,,Uniswap Labs Default token list,https://tokens.uniswap.org,official
ethereum,0x3506424f91fd33084466f402d5d97f05f8e3b4af,Chiliz,protocol,,Uniswap Labs Default token list,https://tokens.uniswap.org,official
ethereum,0x8a2279d4a90b6fe1c4b30fa660cc9f926797baa2,Chromia,protocol,,Uniswap Labs Default token list,https://tokens.uniswap.org,official
ethereum,0x485d17a6f1b8780392d53d64751824253011a260,ChronoTech,protocol,,Uniswap Labs Default token list,https://tokens.uniswap.org,official
ethereum,0x81d40f21f12a8f0e3252bccb954d722d4c464b64,Circle CCTP MessageTransmitterV2,protocol,,Circle CCTP EVM smart contracts,https://developers.circle.com/cctp/evm-smart-contracts,official
ethereum,0xec546b6b005471ecf012e5af77fbec07e0fd8f78,Circle CCTP MessageV2,protocol,,Circle CCTP EVM smart contracts,https://developers.circle.com/cctp/evm-smart-contracts,official
ethereum,0x28b5a0e9c621a5badaa536219b3a228c8168cf5d,Circle CCTP TokenMessengerV2,protocol,,Circle CCTP EVM smart contracts,https://developers.circle.com/cctp/evm-smart-contracts,official
ethereum,0x71f54f818671cd0d7ea140da213e5c8b5c92a408,Circle CCTP TokenMessengerWithFees,protocol,,Circle CCTP EVM smart contracts,https://developers.circle.com/cctp/evm-smart-contracts,official
ethereum,0xfd78ee919681417d192449715b2594ab58f5d002,Circle CCTP TokenMinterV2,protocol,,Circle CCTP EVM smart contracts,https://developers.circle.com/cctp/evm-smart-contracts,official
ethereum,0x0a992d191deec73a461eff9bf6869c1de1a4d0c2,Circle MessageTransmitter (CCTP),protocol,,Circle CCTP contracts,https://developers.circle.com/stablecoins/docs/cctp-protocol-contracts,official
ethereum,0xbd3fa81b58ba92a82136038b25adec7066af3155,Circle TokenMessenger (CCTP),protocol,,Circle CCTP contracts,https://developers.circle.com/stablecoins/docs/cctp-protocol-contracts,official
ethereum,0x3d658390460295fb963f54dc0899cfb1c30776df,Circuits of Value,protocol,,Uniswap Labs Default token list,https://tokens.uniswap.org,official
ethereum,0x41e5560054824ea6b0732e656e3ad64e20e94e45,Civic,protocol,,Uniswap Labs Default token list,https://tokens.uniswap.org,official
ethereum,0x66761fa41377003622aee3c7675fc7b5c1c2fac5,Clearpool,protocol,,Uniswap Labs Default token list,https://tokens.uniswap.org,official
ethereum,0x80c62fe4487e1351b47ba49809ebd60ed085bf52,Clover Finance,protocol,,Uniswap Labs Default token list,https://tokens.uniswap.org,official
ethereum,0xae12c5930881c53715b369cec7606b70d8eb229f,Coin98,protocol,,Uniswap Labs Default token list,https://tokens.uniswap.org,official
ethereum,0xcbb7c0000ab88b473b1f5afd9ef808440eed33bf,Coinbase cbBTC,protocol,,Coinbase cbBTC PoR,https://www.coinbase.com/cbbtc/proof-of-reserves,official
ethereum,0xbe9895146f7af43049ca1c1ae358b0541ea49704,Coinbase cbETH,protocol,,Coinbase cbETH docs,https://www.coinbase.com/cbeth,official
ethereum,0xc00e94cb662c3520282e6f5717214004a7f26888,Compound,protocol,,Uniswap Labs Default token list,https://tokens.uniswap.org,official
ethereum,0xb3319f5d18bc0d84dd1b4825dcde5d5f7266d407,Compound 0x,protocol,,Compound token list,https://raw.githubusercontent.com/compound-finance/token-list/master/compound.tokenlist.json,official
ethereum,0x158079ee67fce2f58472a96584a73c7ab9ac95c1,Compound Augur,protocol,,Compound token list,https://raw.githubusercontent.com/compound-finance/token-list/master/compound.tokenlist.json,official
ethereum,0x6c8c6b02e7b2be14d4fa6022dfd6d75921d90e4e,Compound Basic Attention Token,protocol,,Compound token list,https://raw.githubusercontent.com/compound-finance/token-list/master/compound.tokenlist.json,official
ethereum,0xface851a4921ce59e912d19329929ce6da6eb0c7,Compound ChainLink,protocol,,Compound token list,https://raw.githubusercontent.com/compound-finance/token-list/master/compound.tokenlist.json,official
ethereum,0x70e36f6bf80a52b3b46b3af8e106cc0ed743e8e4,Compound Collateral,protocol,,Compound token list,https://raw.githubusercontent.com/compound-finance/token-list/master/compound.tokenlist.json,official
ethereum,0x5d3a536e4d6dbd6114cc1ead35777bab948e3643,Compound Dai,protocol,,Compound token list,https://raw.githubusercontent.com/compound-finance/token-list/master/compound.tokenlist.json,official
ethereum,0x4ddc2d193948926d02f9b1fe9e1daa0718270ed5,Compound Ether,protocol,,Compound token list,https://raw.githubusercontent.com/compound-finance/token-list/master/compound.tokenlist.json,official
ethereum,0xc0da02939e1441f497fd74f78ce7decb17b66529,Compound Governor Bravo,protocol,,Compound governance,https://docs.compound.finance/governance/,official
ethereum,0xf5dce57282a584d2746faf1593d3121fcac444dc,Compound Sai,protocol,,Compound token list,https://raw.githubusercontent.com/compound-finance/token-list/master/compound.tokenlist.json,official
ethereum,0x12392f67bdf24fae0af363c24ac620a2f67dad86,Compound TrueUSD,protocol,,Compound token list,https://raw.githubusercontent.com/compound-finance/token-list/master/compound.tokenlist.json,official
ethereum,0x35a18000230da775cac24873d00ff85bccded550,Compound Uniswap,protocol,,Compound token list,https://raw.githubusercontent.com/compound-finance/token-list/master/compound.tokenlist.json,official
ethereum,0x39aa39c021dfbae8fac545936693ac917d5e7563,Compound USD Coin,protocol,,Compound token list,https://raw.githubusercontent.com/compound-finance/token-list/master/compound.tokenlist.json,official
ethereum,0xf650c3d88d12db855b8bf7d11be6c55a4e07dcc9,Compound USDT,protocol,,Compound token list,https://raw.githubusercontent.com/compound-finance/token-list/master/compound.tokenlist.json,official
ethereum,0x3d9819210a31b4961b30ef54be2aed79b9c9cd3b,Compound V2 Comptroller,protocol,,Compound Comet deployments,https://github.com/compound-finance/comet/tree/main/deployments/mainnet,official
ethereum,0xa397a8c2086c554b531c02e29f3291c9704b00c7,Compound V3 Bulker,protocol,,Compound Comet deployments,https://github.com/compound-finance/comet/tree/main/deployments/mainnet,official
ethereum,0x1b0e765f6224c21223aea2af16c1c46e38885a40,Compound V3 Rewards,protocol,,Compound Comet deployments,https://github.com/compound-finance/comet/tree/main/deployments/mainnet,official
ethereum,0xc3d688b66703497daa19211eedff47f25384cdc3,Compound V3 USDC,protocol,,Compound Comet deployments,https://github.com/compound-finance/comet/tree/main/deployments/mainnet,official
ethereum,0x3afdc9bca9213a35503b077a6072f3d0d5ab0840,Compound V3 USDT,protocol,,Compound Comet deployments,https://github.com/compound-finance/comet/tree/main/deployments/mainnet,official
ethereum,0xa17581a9e3356d9a858b789d68b4d866e593ae94,Compound V3 WETH,protocol,,Compound Comet deployments,https://github.com/compound-finance/comet/tree/main/deployments/mainnet,official
ethereum,0xc11b1268c1a384e55c48c2391d8d480264a3a7f4,Compound Wrapped BTC,protocol,,Compound token list,https://raw.githubusercontent.com/compound-finance/token-list/master/compound.tokenlist.json,official
ethereum,0x4e3fbd56cd56c3e72c1403e103b45db9da5b9d2b,Convex Finance,protocol,,Uniswap Labs Default token list,https://tokens.uniswap.org,official
ethereum,0x44f49ff0da2498bcb1d3dc7c0f999578f67fd8c6,Corn,protocol,,Uniswap Labs Default token list,https://tokens.uniswap.org,official
ethereum,0xddb3422497e61e13543bea06989c0789117555c5,COTI,protocol,,Uniswap Labs Default token list,https://tokens.uniswap.org,official
ethereum,0xd417144312dbf50465b1c641d016962017ef6240,Covalent,protocol,,Uniswap Labs Default token list,https://tokens.uniswap.org,official
ethereum,0x7abc8a5768e6be61a6c693a6e4eacb5b60602c4d,Covalent X Token,protocol,,Uniswap Labs Default token list,https://tokens.uniswap.org,official
ethereum,0xdef1ca1fb7fbcdc777520aa7f396b4e015f497ab,CoW Protocol,protocol,,Uniswap Labs Default token list,https://tokens.uniswap.org,official
ethereum,0x2c4c28ddbdac9c5e7055b4c863b72ea0149d8afe,CowSwap GPv2 AllowList Authentication,protocol,,Cow Protocol networks.json,https://github.com/cowprotocol/contracts/blob/main/networks.json,official
ethereum,0x9008d19f58aabd9ed0d60971565aa8510560ab41,CowSwap GPv2 Settlement,protocol,,Cow Protocol networks.json,https://github.com/cowprotocol/contracts/blob/main/networks.json,official
ethereum,0xc92e8bdf79f0507f65a392b0ab4667716bfe0110,CowSwap GPv2 Vault Relayer,protocol,,Cow Protocol networks.json,https://github.com/cowprotocol/contracts/blob/main/networks.json,official
ethereum,0xa3ee21c306a700e682abcdfe9baa6a08f3820419,Creditcoin,protocol,,Uniswap Labs Default token list,https://tokens.uniswap.org,official
ethereum,0xa0b73e1ff0b80914ab6fe0444e65848c4c34450b,Cronos,protocol,,Uniswap Labs Default token list,https://tokens.uniswap.org,official
ethereum,0xd533a949740bb3306d119cc777fa900ba034cd52,CRV,protocol,,Curve Finance docs,https://docs.curve.finance/,official
ethereum,0xf939e0a03fb07f59a73314e73794be0e57ac1b4e,crvUSD,protocol,,Curve Finance docs,https://docs.curve.finance/,official
ethereum,0x08389495d7456e1951ddf7c3a1314a4bfb646d8b,Crypterium,protocol,,Uniswap Labs Default token list,https://tokens.uniswap.org,official
ethereum,0x321c2fe4446c7c963dc41dd58879af648838f98d,Cryptex Finance,protocol,,Uniswap Labs Default token list,https://tokens.uniswap.org,official
ethereum,0xbebc44782c7db0a1a60cb6fe97d0b483032ff1c7,Curve 3pool,protocol,,Curve Finance docs,https://docs.curve.finance/,official
ethereum,0x6b175474e89094c44da98b954eedeac495271d0f,DAI,protocol,,MakerDAO / Sky docs,https://docs.makerdao.com/,official
ethereum,0x951f086a127e280724fd93ccc543f65065afeb5e,DAPPOS,protocol,,Uniswap Labs Default token list,https://tokens.uniswap.org,official
ethereum,0x0f5d2fb29fb7d3cfee444a200298f468908cc942,Decentraland,protocol,,Uniswap Labs Default token list,https://tokens.uniswap.org,official
ethereum,0x1494ca1f11d487c2bbe4543e90080aeba4ba3c2b,DeFi Pulse Index,protocol,,Uniswap Labs Default token list,https://tokens.uniswap.org,official
ethereum,0x961c8c0b1aad0c0b10a51fef6a867e3091bcef17,DeFi Yield Protocol,protocol,,Uniswap Labs Default token list,https://tokens.uniswap.org,official
ethereum,0x3597bfd533a99c9aa083587b074434e61eb0a258,Dent,protocol,,Uniswap Labs Default token list,https://tokens.uniswap.org,official
ethereum,0x3a880652f47bfaa771908c07dd8673a787daed3a,DerivaDAO,protocol,,Uniswap Labs Default token list,https://tokens.uniswap.org,official
ethereum,0xb1d1eae60eea9525032a6dcb4c1ce336a1de71be,Derive,protocol,,Uniswap Labs Default token list,https://tokens.uniswap.org,official
ethereum,0xfb7b4564402e5500db5bb6d63ae671302777c75a,DexTools,protocol,,Uniswap Labs Default token list,https://tokens.uniswap.org,official
ethereum,0xa1d0e215a23d7030842fc67ce582a6afa3ccab83,DFI money,protocol,,Uniswap Labs Default token list,https://tokens.uniswap.org,official
ethereum,0x84ca8bc7997272c7cfb4d0cd3d55cd942b3c9419,DIA,protocol,,Uniswap Labs Default token list,https://tokens.uniswap.org,official
ethereum,0x0abdace70d3790235af448c88547603b945604ea,district0x,protocol,,Uniswap Labs Default token list,https://tokens.uniswap.org,official
ethereum,0x27c70cd1946795b6c30dd2f43ed2df4862c1d021,DOGE Killer,protocol,,Shiba Inu docs,https://docs.shibatoken.com/,official
ethereum,0x761d38e5ddf6ccf6cf7c55759d5210750b5d60f3,Dogelon Mars,protocol,,Uniswap Labs Default token list,https://tokens.uniswap.org,official
ethereum,0x0f81001ef0a83ecce5ccebf63eb302c70a39a654,Dolomite,protocol,,Uniswap Labs Default token list,https://tokens.uniswap.org,official
ethereum,0x2aeabde1ab736c59e9a19bed67681869eef39526,DOVU,protocol,,Uniswap Labs Default token list,https://tokens.uniswap.org,official
ethereum,0x3ab6ed69ef663bd986ee59205ccad8a20f98b4c2,Drep,protocol,,Uniswap Labs Default token list,https://tokens.uniswap.org,official
ethereum,0x6af487beb661ccecd1d045e9561a0dac9aa5c7db,Dual,protocol,,Uniswap Labs Default token list,https://tokens.uniswap.org,official
ethereum,0x92d6c1e31e14520e676a687f0a93788b716beff5,dYdX,protocol,,Uniswap Labs Default token list,https://tokens.uniswap.org,official
ethereum,0x6055dc6ff1077eebe5e6d2ba1a1f53d7ef8430de,Eclipse,protocol,,Uniswap Labs Default token list,https://tokens.uniswap.org,official
ethereum,0xb0076de78dc50581770bba1d211ddc0ad4f2a241,EDGEX,protocol,,Uniswap Labs Default token list,https://tokens.uniswap.org,official
ethereum,0xec53bf9167f50cdeb3ae105f56099aaab9061f83,EIGEN,protocol,,EigenLayer mainnet deployments,https://github.com/Layr-Labs/eigenlayer-contracts/blob/main/script/configs/mainnet.json,official
ethereum,0x135dda560e946695d6f155dacafc6f1f25c1f5af,EigenLayer AVSDirectory,protocol,,EigenLayer mainnet deployments,https://github.com/Layr-Labs/eigenlayer-contracts/blob/main/script/configs/mainnet.json,official
ethereum,0x39053d51b77dc0d36036fc1fcc8cb819df8ef37a,EigenLayer DelegationManager,protocol,,EigenLayer mainnet deployments,https://github.com/Layr-Labs/eigenlayer-contracts/blob/main/script/configs/mainnet.json,official
ethereum,0x91e677b07f7af907ec9a428aafa9fc14a0d3a338,EigenLayer EigenPodManager,protocol,,EigenLayer mainnet deployments,https://github.com/Layr-Labs/eigenlayer-contracts/blob/main/script/configs/mainnet.json,official
ethereum,0x7750d328b314effa365a0402ccfd489b80b0adda,EigenLayer RewardsCoordinator,protocol,,EigenLayer mainnet deployments,https://github.com/Layr-Labs/eigenlayer-contracts/blob/main/script/configs/mainnet.json,official
ethereum,0x858646372cc42e1a627fce94aa7a7033e7cf075a,EigenLayer StrategyManager,protocol,,EigenLayer mainnet deployments,https://github.com/Layr-Labs/eigenlayer-contracts/blob/main/script/configs/mainnet.json,official
ethereum,0xe6fd75ff38adca4b97fbcd938c86b98772431867,Elastos,protocol,,Uniswap Labs Default token list,https://tokens.uniswap.org,official
ethereum,0xf629cbd94d3791c9250152bd8dfbdf380e2a3b9c,Enjin Coin,protocol,,Uniswap Labs Default token list,https://tokens.uniswap.org,official
ethereum,0xfe89cc7abb2c53880561cd573757ae4b3b5bce3c,ENS DAO Wallet,protocol,,ENS DAO,https://docs.ens.domains/dao/,official
ethereum,0x031de51f3e8016514bd0963d0b2ab825a591db9a,Espresso,protocol,,Uniswap Labs Default token list,https://tokens.uniswap.org,official
ethereum,0x57e114b691db790c35207b2e685d4a43181e6061,Ethena,protocol,,Uniswap Labs Default token list,https://tokens.uniswap.org,official
ethereum,0xe3490297a08d6fc8da46edb7b6142e4f461b62d3,Ethena Minting,protocol,,Spark address registry (Ethena),https://github.com/sparkdotfi/spark-address-registry/blob/ad50b14f/src/Ethereum.sol,official
ethereum,0xfe0c30065b384f05761f15d0cc899d4f9f9cc0eb,Ether.fi,protocol,,Uniswap Labs Default token list,https://tokens.uniswap.org,official
ethereum,0xcd5fe23c85820f7b72d0926fc9b05b43e359b7ee,ether.fi weETH,protocol,,Spark address registry (weETH),https://github.com/sparkdotfi/spark-address-registry/blob/ad50b14f/src/Ethereum.sol,official
ethereum,0xfb6916095ca1df60bb79ce92ce3ea74c37c5d359,Ethereum Foundation Tip Jar,protocol,,ethereum.org / ethereumfoundation.eth historical Foundation Tip Jar,https://github.com/ethereum/ethereum-org/blob/master/views/donate.pug,official
ethereum,0xc18360217d8f7ab5e7c516566761ea12ce7f9d72,Ethereum Name Service,protocol,,Uniswap Labs Default token list,https://tokens.uniswap.org,official
ethereum,0x561b0145d8f5221995bc6a787d8d70db0604b7b8,ethereumfoundation.eth,protocol,,ethereumfoundation.eth ENS resolution,https://app.ens.domains/ethereumfoundation.eth,official
ethereum,0xbbc2ae13b23d715c30720f079fcd9b4a74093505,Ethernity Chain,protocol,,Uniswap Labs Default token list,https://tokens.uniswap.org,official
ethereum,0x2798b1cc5a993085e8a9d46e80499f1b63f42204,ETHGas,protocol,,Uniswap Labs Default token list,https://tokens.uniswap.org,official
ethereum,0xd9fcd98c322942075a5c3860693e9f4f03aae07b,Euler,protocol,,Uniswap Labs Default token list,https://tokens.uniswap.org,official
ethereum,0x1abaea1f7c830bd89acc67ec4af516284b1bc33c,Euro Coin,protocol,,Uniswap Labs Default token list,https://tokens.uniswap.org,official
ethereum,0xe7e7e741c23a4767831a56a8c99f522c5ac1e7e7,Everything,protocol,,Uniswap Labs Default token list,https://tokens.uniswap.org,official
ethereum,0x4e15361fd6b4bb609fa63c81a2be19d873717870,Fantom,protocol,,Uniswap Labs Default token list,https://tokens.uniswap.org,official
ethereum,0xaea46a60368a7bd060eec7df8cba43b7ef41ad85,Fetch ai,protocol,,Uniswap Labs Default token list,https://tokens.uniswap.org,official
ethereum,0x7c135549504245b5eae64fc0e99fa5ebabb8e35d,Fidelity Digital Dollar,protocol,,Uniswap Labs Default token list,https://tokens.uniswap.org,official
ethereum,0xcf0c122c6b73ff809c693db761e7baebe62b6a2e,FLOKI,protocol,,Uniswap Labs Default token list,https://tokens.uniswap.org,official
ethereum,0xd8a271974e8edae9d7b58e3370dc1669427503f4,Fluent,protocol,,Uniswap Labs Default token list,https://tokens.uniswap.org,official
ethereum,0x720cd16b011b987da3518fbf38c3071d4f0d1495,Flux,protocol,,Uniswap Labs Default token list,https://tokens.uniswap.org,official
ethereum,0x41545f8b9472d758bb669ed8eaeeecd7a9c4ec29,Forta,protocol,,Uniswap Labs Default token list,https://tokens.uniswap.org,official
ethereum,0x853d955acef822db058eb8505911ed77f175b99e,Frax,protocol,,Uniswap Labs Default token list,https://tokens.uniswap.org,official
ethereum,0x3432b6a60d23ca0dfca7761b7ab56459d9c964d0,Frax Share,protocol,,Uniswap Labs Default token list,https://tokens.uniswap.org,official
ethereum,0x8c15ef5b4b21951d50e53e4fbda8298ffad25057,Function X,protocol,,Uniswap Labs Default token list,https://tokens.uniswap.org,official
ethereum,0x15d4c048f83bd7e37d49ea4c83a07267ec4203da,Gala,protocol,,Gemini Token List,https://www.gemini.com/uniswap/manifest.json,official
ethereum,0xd1d2eb1b1e90b638588728b4130137d262c87cae,GALA,protocol,,Uniswap Labs Default token list,https://tokens.uniswap.org,official
ethereum,0x5faa989af96af85384b8a938c2ede4a7378d9875,Galxe,protocol,,Uniswap Labs Default token list,https://tokens.uniswap.org,official
ethereum,0x056fd409e1d7a124bd7017459dfea2f387b6d5cd,Gemini Dollar,protocol,,Uniswap Labs Default token list,https://tokens.uniswap.org,official
ethereum,0xae788f80f2756a86aa2f410c651f2af83639b95b,GensoKishi Metaverse,protocol,,Uniswap Labs Default token list,https://tokens.uniswap.org,official
ethereum,0x4d7078ddd6ccfed2f85db5b7d3ff16828d378d48,Gensyn,protocol,,Uniswap Labs Default token list,https://tokens.uniswap.org,official
ethereum,0x23894dc9da6c94ecb439911caf7d337746575a72,Geojam,protocol,,Uniswap Labs Default token list,https://tokens.uniswap.org,official
ethereum,0xde30da39c46104798bb5aa3fe8b9e0e1f348163f,Gitcoin,protocol,,Uniswap Labs Default token list,https://tokens.uniswap.org,official
ethereum,0xde21f729137c5af1b01d73af1dc21effa2b8a0d6,Gitcoin Grants Matching Pool,protocol,,Gitcoin,https://gitcoin.co/,official
ethereum,0xe343167631d89b6ffc58b88d6b7fb0228795491d,Global Dollar,protocol,,Uniswap Labs Default token list,https://tokens.uniswap.org,official
ethereum,0x6810e776880c02933d47db1b9fc05908e5386b96,Gnosis Token,protocol,,Uniswap Labs Default token list,https://tokens.uniswap.org,official
ethereum,0xccc8cb5229b0ac8069c51fd58367fd1e622afd97,Gods Unchained,protocol,,Uniswap Labs Default token list,https://tokens.uniswap.org,official
ethereum,0xdab396ccf3d84cf2d07c4454e10c8a6f5b008d2b,Goldfinch,protocol,,Uniswap Labs Default token list,https://tokens.uniswap.org,official
ethereum,0x7dd9c5cba05e151c895fde1cf355c9a1d5da6429,Golem,protocol,,Uniswap Labs Default token list,https://tokens.uniswap.org,official
ethereum,0x9c7beba8f6ef6643abd725e45a4e8387ef260649,Gravity,protocol,,Uniswap Labs Default token list,https://tokens.uniswap.org,official
ethereum,0xb30fe1cf884b48a22a50d22a9282004f2c5e9406,Grove,protocol,,Uniswap Labs Default token list,https://tokens.uniswap.org,official
ethereum,0xad29f2723fcdbcf665f210f25e06f97477e417cf,Grvt,protocol,,Uniswap Labs Default token list,https://tokens.uniswap.org,official
ethereum,0xc08512927d12348f6620a698105e1baac6ecd911,GYEN,protocol,,Uniswap Labs Default token list,https://tokens.uniswap.org,official
ethereum,0x72e4f9f808c49a2a61de9c5896298920dc4eeea9,HarryPotterObamaSonic10Inu,protocol,,Uniswap Labs Default token list,https://tokens.uniswap.org,official
ethereum,0xa0246c9032bc3a600820415ae600c6388619a14d,Harvest Finance,protocol,,Uniswap Labs Default token list,https://tokens.uniswap.org,official
ethereum,0xb3999f658c0391d94a37f7ff328f3fec942bcadc,Hashflow,protocol,,Uniswap Labs Default token list,https://tokens.uniswap.org,official
ethereum,0xade00c28244d5ce17d72e40330b1c318cd12b7c3,heyAura,protocol,,Uniswap Labs Default token list,https://tokens.uniswap.org,official
ethereum,0x71ab77b7dbb4fa7e017bc15090b2163221420282,Highstreet,protocol,,Uniswap Labs Default token list,https://tokens.uniswap.org,official
ethereum,0xf5581dfefd8fb0e4aec526be659cfab1f8c781da,HOPR,protocol,,Uniswap Labs Default token list,https://tokens.uniswap.org,official
ethereum,0xb705268213d593b8fd88d3fdeff93aff5cbdcfae,IDEX,protocol,,Uniswap Labs Default token list,https://tokens.uniswap.org,official
ethereum,0x607f4c5bb672230e8672085532f7e901544a7375,iExec RLC,protocol,,Uniswap Labs Default token list,https://tokens.uniswap.org,official
ethereum,0x767fe9edc9e0df98e07454847909b5e959d7ca0e,Illuvium,protocol,,Uniswap Labs Default token list,https://tokens.uniswap.org,official
ethereum,0xb48c6b24f36307c7a1f2a9281e978a9ef2902ba5,ImmuneFi,protocol,,Uniswap Labs Default token list,https://tokens.uniswap.org,official
ethereum,0x0000000000ffe8b47b3e2130213b802212439497,Immutable CREATE2 Factory,protocol,,OpenSea Seaport Deployment,https://github.com/ProjectOpenSea/seaport/blob/main/docs/Deployment.md,official
ethereum,0xf57e7e7c23978c3caec3c3548e3d615c346e79ff,Immutable X,protocol,,Uniswap Labs Default token list,https://tokens.uniswap.org,official
ethereum,0x0954906da0bf32d5479e25f46056d22f08464cab,Index Cooperative,protocol,,Uniswap Labs Default token list,https://tokens.uniswap.org,official
ethereum,0xdef1b2d939edc0e4d35806c59b3166f790175afe,Infinex,protocol,,Uniswap Labs Default token list,https://tokens.uniswap.org,official
ethereum,0xe28b3b32b6c345a34ff64674606124dd5aceca30,Injective,protocol,,Uniswap Labs Default token list,https://tokens.uniswap.org,official
ethereum,0xe172e9b6cfbeeb5593bdce3f077356fdb33af904,Interfold,protocol,,Uniswap Labs Default token list,https://tokens.uniswap.org,official
ethereum,0x41d5d79431a913c4ae7d69a668ecdfe5ff9dfb68,Inverse Finance,protocol,,Uniswap Labs Default token list,https://tokens.uniswap.org,official
ethereum,0x6fb3e0a217407efff7ca062d46c26e5d60a14d69,IoTeX,protocol,,Uniswap Labs Default token list,https://tokens.uniswap.org,official
ethereum,0x50f41f589afaca2ef41fdf590fe7b90cd26dee64,Irys,protocol,,Uniswap Labs Default token list,https://tokens.uniswap.org,official
ethereum,0x7420b4b9a0110cdc71fb720908340c03f9bc03ec,JasmyCoin,protocol,,Uniswap Labs Default token list,https://tokens.uniswap.org,official
ethereum,0x4b1e80cac91e2216eeb63e29b957eb91ae9c2be8,Jupiter,protocol,,Uniswap Labs Default token list,https://tokens.uniswap.org,official
ethereum,0x00bac91fd8f5b4a0dc03c8021139b76f6549ee7e,KAIO,protocol,,Uniswap Labs Default token list,https://tokens.uniswap.org,official
ethereum,0x85eee30c52b0b379b046fb0f85f4f3dc3009afec,Keep Network,protocol,,Uniswap Labs Default token list,https://tokens.uniswap.org,official
ethereum,0x1ceb5cb57c4d4e2b2433641b95dd330a33185a44,Keep3rV1,protocol,,Uniswap Labs Default token list,https://tokens.uniswap.org,official
ethereum,0x3f80b1c54ae920be41a77f8b902259d48cf24ccf,KernelDAO,protocol,,Uniswap Labs Default token list,https://tokens.uniswap.org,official
ethereum,0xeec6574eabba52bac3f0277f2cd5ac7e67197886,Kiichain,protocol,,Uniswap Labs Default token list,https://tokens.uniswap.org,official
ethereum,0x904567252d8f48555b7447c67dca23f0372e16be,Kite,protocol,,Uniswap Labs Default token list,https://tokens.uniswap.org,official
ethereum,0x464ebe77c293e473b48cfe96ddcf88fcf7bfdac0,KRYLL,protocol,,Uniswap Labs Default token list,https://tokens.uniswap.org,official
ethereum,0x96543ef8d2c75c26387c1a319ae69c0bee6f3fe7,Kujira,protocol,,Uniswap Labs Default token list,https://tokens.uniswap.org,official
ethereum,0xdd974d5c2e2928dea5f71b9825b8b646686bd200,Kyber Network Crystal,protocol,,Uniswap Labs Default token list,https://tokens.uniswap.org,official
ethereum,0x0fc2a55d5bd13033f1ee0cdd11f60f7efe66f467,Lagrange,protocol,,Uniswap Labs Default token list,https://tokens.uniswap.org,official
ethereum,0x88909d489678dd17aa6d9609f89b0419bf78fd9a,Layer3,protocol,,Uniswap Labs Default token list,https://tokens.uniswap.org,official
ethereum,0x6985884c4392d348587b19cb9eaaf157f13271cd,LayerZero,protocol,,Uniswap Labs Default token list,https://tokens.uniswap.org,official
ethereum,0x037a54aab062628c9bbae1fdb1583c195585fe41,LCX,protocol,,Uniswap Labs Default token list,https://tokens.uniswap.org,official
ethereum,0x61e90a50137e1f645c9ef4a0d3a4f01477738406,League of Kingdoms,protocol,,Uniswap Labs Default token list,https://tokens.uniswap.org,official
ethereum,0xb9e5cbb9ca5b0d659238807e84d0176930753d86,Lido Aragon Finance,protocol,,Lido deployed contracts,https://docs.lido.fi/deployed-contracts/,official
ethereum,0x2e59a20f205bb85a89c53f1936454680651e618e,Lido Aragon Voting,protocol,,Lido deployed contracts,https://docs.lido.fi/deployed-contracts/,official
ethereum,0x0f25c1dc2a9922304f2eac71dca9b07e310e8e5a,Lido Arbitrum L1 ERC20 Token Gateway,protocol,,Lido deployed contracts,https://docs.lido.fi/deployed-contracts/,official
ethereum,0x9de443adc5a411e83f1878ef24c3f52c61571e72,Lido Base L1 ERC20 Token Bridge,protocol,,Lido deployed contracts,https://docs.lido.fi/deployed-contracts/,official
ethereum,0xf98ac162eab766bdb9507c3584c00c535b8f6216,Lido Beacon Chain Depositor,protocol,,Lido deployed contracts,https://docs.lido.fi/deployed-contracts/,official
ethereum,0xe76c52750019b80b43e36df30bf4060eb73f573a,Lido Burner,protocol,,Lido deployed contracts,https://docs.lido.fi/deployed-contracts/,official
ethereum,0x5a98fcbea516cf06857215779fd812ca3bef1b32,Lido DAO,protocol,,Uniswap Labs Default token list,https://tokens.uniswap.org,official
ethereum,0xb8ffc3cd6e7cf5a098a1c92f48009765b24088dc,Lido DAO Kernel,protocol,,Lido deployed contracts,https://docs.lido.fi/deployed-contracts/,official
ethereum,0xf573e9e3de1f86b085417ab294f56e7920b4e9be,Lido Deposit Security Module,protocol,,Lido deployed contracts,https://docs.lido.fi/deployed-contracts/,official
ethereum,0xc1db28b3301331277e307fdcff8de28242a4486e,Lido Dual Governance,protocol,,Lido deployed contracts,https://docs.lido.fi/deployed-contracts/,official
ethereum,0xf0211b7660680b49de1a7e9f25c65660f0a13fea,Lido EasyTrack,protocol,,Lido deployed contracts,https://docs.lido.fi/deployed-contracts/,official
ethereum,0x388c818ca8b9251b393131c08a736a67ccb19297,Lido EL Rewards Vault,protocol,,Lido deployed contracts,https://docs.lido.fi/deployed-contracts/,official
ethereum,0xce0425301c85c5ea2a0873a2dee44d78e02d2316,Lido Emergency Protected Timelock,protocol,,Lido deployed contracts,https://docs.lido.fi/deployed-contracts/,official
ethereum,0x12a43b049a7d330cb8aeab5113032d18ae9a9030,Lido LEGO Committee,protocol,,Lido deployed contracts,https://docs.lido.fi/deployed-contracts/,official
ethereum,0x87d93d9b2c672bf9c9642d853a8682546a5012b5,Lido Liquidity Observation Lab,protocol,,Lido deployed contracts,https://docs.lido.fi/deployed-contracts/,official
ethereum,0xc1d0b3de6792bf6b4b37eccdcc24e45978cfd2eb,Lido Locator,protocol,,Lido deployed contracts,https://docs.lido.fi/deployed-contracts/,official
ethereum,0xf95f069f9ad107938f6ba802a3da87892298610e,Lido MEV Boost Relay Allowed List,protocol,,Lido deployed contracts,https://docs.lido.fi/deployed-contracts/,official
ethereum,0x55032650b14df07b85bf18a3a3ec8e0af2e028d5,Lido Node Operators Registry,protocol,,Lido deployed contracts,https://docs.lido.fi/deployed-contracts/,official
ethereum,0x76943c0d61395d8f2edf9060e1533529cae05de6,Lido Optimism L1 Tokens Bridge,protocol,,Lido deployed contracts,https://docs.lido.fi/deployed-contracts/,official
ethereum,0x98be4a407bff0c125e25fbe9eb1165504349c37d,Lido Relay Maintenance Committee,protocol,,Lido deployed contracts,https://docs.lido.fi/deployed-contracts/,official
ethereum,0xae7b191a31f627b4eb1d4dac64eab9976995b433,Lido Simple DVT Registry,protocol,,Lido deployed contracts,https://docs.lido.fi/deployed-contracts/,official
ethereum,0xfddf38947afb03c621c71b06c9c70bce73f12999,Lido Staking Router,protocol,,Lido deployed contracts,https://docs.lido.fi/deployed-contracts/,official
ethereum,0xae7ab96520de3a18e5e111b5eaab095312d7fe84,Lido stETH,protocol,,Lido deployments,https://docs.lido.fi/deployed-contracts/,official
ethereum,0x3e40d73eb977dc6a537af587d48316fee66e9c8c,Lido Treasury,protocol,,Lido deployed contracts,https://docs.lido.fi/deployed-contracts/,official
ethereum,0xa02fc823cce0d016bd7e17ac684c9abab2d6d647,Lido Treasury Management Committee,protocol,,Lido deployed contracts,https://docs.lido.fi/deployed-contracts/,official
ethereum,0x889edc2edab5f40e902b864ad4d7ade8e412f9b1,Lido Withdrawal Queue ERC721,protocol,,Lido deployed contracts,https://docs.lido.fi/deployed-contracts/,official
ethereum,0xb9d7934878b5fb9610b3fe8a5e441e8fad7e293f,Lido Withdrawal Vault,protocol,,Lido deployed contracts,https://docs.lido.fi/deployed-contracts/,official
ethereum,0x7f39c581f595b53c5cb19bd0b3f8da6c935e2ca0,Lido wstETH,protocol,,Lido deployments,https://docs.lido.fi/deployed-contracts/,official
ethereum,0x232ce3bd40fcd6f80f3d55a522d03f25df784ee2,Lighter,protocol,,Uniswap Labs Default token list,https://tokens.uniswap.org,official
ethereum,0x1789e0043623282d5dcc7f213d703c6d8bafbb04,Linea,protocol,,Uniswap Labs Default token list,https://tokens.uniswap.org,official
ethereum,0x892bb7eed71efb060ab90140e7825d8127991dd3,Linea L1 Security Council Safe,protocol,,Linea docs contracts,https://docs.linea.build/network/build/contracts,official
ethereum,0x051f1d88f0af5763fb888ec4378b4d8b29ea3319,Linea L1 Token Bridge,protocol,,Linea docs contracts,https://docs.linea.build/network/build/contracts,official
ethereum,0xd19d4b5d358258f05d7b411e21a1460d11b0876f,Linea Rollup / L1 Message Service,protocol,,Linea docs contracts,https://docs.linea.build/network/build/contracts,official
ethereum,0x8c1bed5b9a0928467c9b1341da1d7bd5e10b6549,Liquid Staked ETH,protocol,,Uniswap Labs Default token list,https://tokens.uniswap.org,official
ethereum,0x6dea81c8171d0ba574754ef6f8b412f2ed88c54d,Liquity,protocol,,Uniswap Labs Default token list,https://tokens.uniswap.org,official
ethereum,0x5f98805a4e8be255a32880fdec7f6728c6568ba0,Liquity USD,protocol,,Uniswap Labs Default token list,https://tokens.uniswap.org,official
ethereum,0x6033f7f88332b8db6ad452b7c6d5bb643990ae3f,Lisk,protocol,,Uniswap Labs Default token list,https://tokens.uniswap.org,official
ethereum,0xb59490ab09a0f526cc7305822ac65f2ab12f9723,Litentry,protocol,,Uniswap Labs Default token list,https://tokens.uniswap.org,official
ethereum,0x58b6a8a3302369daec383334672404ee733ab239,Livepeer,protocol,,Uniswap Labs Default token list,https://tokens.uniswap.org,official
ethereum,0xf0db65d17e30a966c2ae6a21f6bba71cea6e9754,Lombard,protocol,,Uniswap Labs Default token list,https://tokens.uniswap.org,official
ethereum,0xa4e8c3ec456107ea67d3075bf9e3df3a75823db0,Loom Network,protocol,,Uniswap Labs Default token list,https://tokens.uniswap.org,official
ethereum,0xbbbbca6a901c926f240b89eacb641d8aec7aeafd,LoopringCoin V2,protocol,,Uniswap Labs Default token list,https://tokens.uniswap.org,official
ethereum,0x99d8a9c45b2eca8864373a26d1459e3dff1e17f3,Magic Internet Money,protocol,,Uniswap Labs Default token list,https://tokens.uniswap.org,official
ethereum,0x5ef30b9986345249bc32d8928b7ee64de9435e39,Maker CDP Manager,protocol,,Maker/Sky community label upgraded; canonical Maker module (chainlog registry),https://chainlog.sky.money/,official
ethereum,0x9759a6ac90977b93b58547b4a71c78317f391a28,Maker DaiJoin,protocol,,MakerDAO Multi-Collateral Dai core (Sky chainlog),https://chainlog.sky.money/,official
ethereum,0x373238337bfe1146fb49989fc222523f83081ddb,Maker DSR Manager,protocol,,Maker/Sky community label upgraded; canonical Maker module (chainlog registry),https://chainlog.sky.money/,official
ethereum,0x19c0976f590d67707e62397c87829d896dc0f1f1,Maker Jug,protocol,,MakerDAO Multi-Collateral Dai core (Sky chainlog),https://chainlog.sky.money/,official
ethereum,0x197e90f9fad81970ba7976f33cbd77088e5d7cf7,Maker Pot (DSR),protocol,,MakerDAO Multi-Collateral Dai core (Sky chainlog),https://chainlog.sky.money/,official
ethereum,0x79a0fa989fb7adf1f8e80c93ee605ebb94f7c6a5,Maker PSM-GUSD-A,protocol,,Maker/Sky community label upgraded; canonical Maker module (chainlog registry),https://chainlog.sky.money/,official
ethereum,0x0a59649758aa4d66e25f08dd01271e891fe52199,Maker PSM-USDC-A,protocol,,Maker/Sky community label upgraded; canonical Maker module (chainlog registry),https://chainlog.sky.money/,official
ethereum,0x65c79fcb507308fd86aa195a13eb30381c79e482,Maker Spotter,protocol,,MakerDAO Multi-Collateral Dai core (Sky chainlog),https://chainlog.sky.money/,official
ethereum,0x35d1b3f3d7966a1dfe207aa4514c12a259a0492b,Maker Vat,protocol,,MakerDAO Multi-Collateral Dai core (Sky chainlog),https://chainlog.sky.money/,official
ethereum,0xa950524441892a31ebddf91d3ceefa04bf454466,Maker Vow,protocol,,Maker/Sky community label upgraded; canonical Maker module (chainlog registry),https://chainlog.sky.money/,official
ethereum,0x3c3a81e81dc49a522a592e7622a7e711c06bf354,Mantle,protocol,,Uniswap Labs Default token list,https://tokens.uniswap.org,official
ethereum,0x676a795fe6e43c17c668de16730c3f690feb7120,Mantle L1 Cross Domain Messenger Proxy,protocol,,Mantle v2 mantle-mainnet deployments,https://github.com/mantle-xyz/mantle-v2/tree/main/packages/contracts-bedrock/deployments/mantle-mainnet,official
ethereum,0x95fc37a27a2f68e3a647cdc081f0a89bb47c3012,Mantle L1 Standard Bridge Proxy,protocol,,Mantle v2 mantle-mainnet deployments,https://github.com/mantle-xyz/mantle-v2/tree/main/packages/contracts-bedrock/deployments/mantle-mainnet,official
ethereum,0x31d543e7be1da6efdc2206ef7822879045b9f481,Mantle L2OutputOracle Proxy,protocol,,Mantle v2 mantle-mainnet deployments,https://github.com/mantle-xyz/mantle-v2/tree/main/packages/contracts-bedrock/deployments/mantle-mainnet,official
ethereum,0xc54cb22944f2be476e02decfcd7e3e7d3e15a8fb,Mantle OptimismPortal Proxy,protocol,,Mantle v2 mantle-mainnet deployments,https://github.com/mantle-xyz/mantle-v2/tree/main/packages/contracts-bedrock/deployments/mantle-mainnet,official
ethereum,0x427ea0710fa5252057f0d88274f7aeb308386caf,Mantle SystemConfig Proxy,protocol,,Mantle v2 mantle-mainnet deployments,https://github.com/mantle-xyz/mantle-v2/tree/main/packages/contracts-bedrock/deployments/mantle-mainnet,official
ethereum,0x33349b282065b0284d756f0577fb39c158f935e6,Maple,protocol,,Uniswap Labs Default token list,https://tokens.uniswap.org,official
ethereum,0x57b946008913b82e4df85f501cbaed910e58d26c,Marlin,protocol,,Uniswap Labs Default token list,https://tokens.uniswap.org,official
ethereum,0x69af81e73a73b40adf4f3d4223cd9b1ece623074,Mask Network,protocol,,Uniswap Labs Default token list,https://tokens.uniswap.org,official
ethereum,0x08d967bb0134f2d07f7cfb6e246680c53927dd30,MATH,protocol,,Uniswap Labs Default token list,https://tokens.uniswap.org,official
ethereum,0x814e0908b12a99fecf5bc101bb5d0b8b5cdf7d26,Measurable Data Token,protocol,,Uniswap Labs Default token list,https://tokens.uniswap.org,official
ethereum,0xec67005c4e498ec7f55e092bd1d35cbc47c91892,Melon,protocol,,Uniswap Labs Default token list,https://tokens.uniswap.org,official
ethereum,0xb131f4a55907b10d1f0a50d8ab8fa09ec342cd74,Memecoin,protocol,,Uniswap Labs Default token list,https://tokens.uniswap.org,official
ethereum,0x949d48eca67b17269629c7194f4b727d4ef9e5d6,Merit Circle,protocol,,Uniswap Labs Default token list,https://tokens.uniswap.org,official
ethereum,0xf433089366899d83a9f26a773d59ec7ecf30355e,Metal,protocol,,Uniswap Labs Default token list,https://tokens.uniswap.org,official
ethereum,0x9f0c013016e8656bc256f948cd4b79ab25c7b94d,mETH Protocol,protocol,,Uniswap Labs Default token list,https://tokens.uniswap.org,official
ethereum,0x9e32b13ce7f2e80a01932b42553652e053d6ed8e,Metis,protocol,,Uniswap Labs Default token list,https://tokens.uniswap.org,official
ethereum,0x8e4cbbcc33db6c0a18561fde1f6ba35906d4848b,Mezo,protocol,,Uniswap Labs Default token list,https://tokens.uniswap.org,official
ethereum,0x081131434f93063751813c619ecca9c4dc7862a3,Mines of Dalarnia,protocol,,Uniswap Labs Default token list,https://tokens.uniswap.org,official
ethereum,0x09a3ecafa817268f77be1283176b946c4ff2e608,Mirror Protocol,protocol,,Uniswap Labs Default token list,https://tokens.uniswap.org,official
ethereum,0x9f8f72aa9304c8b593d555f12ef6589cc3a579a2,MKR,protocol,,MakerDAO / Sky docs,https://docs.makerdao.com/,official
ethereum,0x95bdca6c8edeb69c98bd5bd17660bacef1298a6f,Mode L1 Cross Domain Messenger Proxy,protocol,,Mode docs L1/L2 contracts,https://docs.mode.network/user-guides/mainnet-contract-addresses/l1-l2-contracts,official
ethereum,0x2901da832a4d0297ff0691100a8e496626cc626d,Mode L1 ERC721 Bridge Proxy,protocol,,Mode docs L1/L2 contracts,https://docs.mode.network/user-guides/mainnet-contract-addresses/l1-l2-contracts,official
ethereum,0x735adbbe72226bd52e818e7181953f42e3b0ff21,Mode L1 Standard Bridge Proxy,protocol,,Mode docs L1/L2 contracts,https://docs.mode.network/user-guides/mainnet-contract-addresses/l1-l2-contracts,official
ethereum,0x4317ba146d4933d889518a3e5e11fe7a53199b04,Mode L2OutputOracle Proxy,protocol,,Mode docs L1/L2 contracts,https://docs.mode.network/user-guides/mainnet-contract-addresses/l1-l2-contracts,official
ethereum,0x8b34b14c7c7123459cf3076b8cb929be097d0c07,Mode OptimismPortal Proxy,protocol,,Mode docs L1/L2 contracts,https://docs.mode.network/user-guides/mainnet-contract-addresses/l1-l2-contracts,official
ethereum,0x5e6432f18bc5d497b1ab2288a025fbf9d69e2221,Mode SystemConfig Proxy,protocol,,Mode docs L1/L2 contracts,https://docs.mode.network/user-guides/mainnet-contract-addresses/l1-l2-contracts,official
ethereum,0xaaee1a9723aadb7afa2810263653a34ba2c21c7a,Mog Coin,protocol,,Uniswap Labs Default token list,https://tokens.uniswap.org,official
ethereum,0x275f5ad03be0fa221b4c6649b8aee09a42d9412a,Monavale,protocol,,Uniswap Labs Default token list,https://tokens.uniswap.org,official
ethereum,0x58d97b57bb95320f9a05dc918aef65434969c2b2,MORPHO,protocol,,Morpho address book,https://docs.morpho.org/developers/contracts/addresses/,official
ethereum,0x870ac11d48b15db9a138cf899d20f13f79ba00bc,Morpho Adaptive Curve IRM,protocol,,Morpho address book,https://docs.morpho.org/developers/contracts/addresses/,official
ethereum,0xbbbbbbbbbb9cc5e90e3b3af64bdaf62c37eeffcb,Morpho Blue,protocol,,Morpho address book,https://docs.morpho.org/developers/contracts/addresses/,official
ethereum,0x6566194141eefa99af43bb5aa71460ca2dc90245,Morpho Bundler3,protocol,,Morpho address book,https://docs.morpho.org/developers/contracts/addresses/,official
ethereum,0x3a7bb36ee3f3ee32a60e9f2b33c1e5f2e83ad766,Morpho ChainlinkOracleV2 Factory,protocol,,Morpho address book,https://docs.morpho.org/developers/contracts/addresses/,official
ethereum,0x1897a8997241c1cd4bd0698647e4eb7213535c24,Morpho MetaMorpho Factory V1.1,protocol,,Morpho address book,https://docs.morpho.org/developers/contracts/addresses/,official
ethereum,0xfc98e825a2264d890f9a1e68ed50e1526abccacd,Moss Carbon Credit,protocol,,Uniswap Labs Default token list,https://tokens.uniswap.org,official
ethereum,0x3073f7aaa4db83f95e9fff17424f71d4751a3073,Movement,protocol,,Uniswap Labs Default token list,https://tokens.uniswap.org,official
ethereum,0xe2f2a5c287993345a840db3b0845fbc70f5935a5,mStable USD,protocol,,Uniswap Labs Default token list,https://tokens.uniswap.org,official
ethereum,0x65ef703f5594d2573eb71aaf55bc0cb548492df4,Multichain,protocol,,Uniswap Labs Default token list,https://tokens.uniswap.org,official
ethereum,0xb6ca7399b4f9ca56fc27cbff44f4d2e4eef1fc81,Muse DAO,protocol,,Uniswap Labs Default token list,https://tokens.uniswap.org,official
ethereum,0x5ca381bbfb58f0092df149bd3d243b08b9a8386e,MXC,protocol,,Uniswap Labs Default token list,https://tokens.uniswap.org,official
ethereum,0xac51066d7bec65dc4589368da368b212745d63e8,My Neighbor Alice,protocol,,Uniswap Labs Default token list,https://tokens.uniswap.org,official
ethereum,0x59c323346f4f62ae18289f346501389392cf5939,NatGold,protocol,,Uniswap Labs Default token list,https://tokens.uniswap.org,official
ethereum,0x812ba41e071c7b7fa4ebcfb62df5f45f6fa853ee,Neiro,protocol,,Uniswap Labs Default token list,https://tokens.uniswap.org,official
ethereum,0x230f1e241c621d5af670dad83ebcdd18971e2995,Nesa,protocol,,Uniswap Labs Default token list,https://tokens.uniswap.org,official
ethereum,0xd0ec028a3d21533fdd200838f39c85b03679285d,Newton,protocol,,Uniswap Labs Default token list,https://tokens.uniswap.org,official
ethereum,0xf57d49646621f563b0b905afc8336923ac569ec5,Nexus,protocol,,Uniswap Labs Default token list,https://tokens.uniswap.org,official
ethereum,0x5cf04716ba20127f1e2297addcf4b5035000c9eb,NKN,protocol,,Uniswap Labs Default token list,https://tokens.uniswap.org,official
ethereum,0x6e6f6d696e61decd6605bd4a57836c5db6923340,Nomina,protocol,,Uniswap Labs Default token list,https://tokens.uniswap.org,official
ethereum,0x4fe83213d56308330ec302a8bd641f1d0113a4cc,NuCypher,protocol,,Uniswap Labs Default token list,https://tokens.uniswap.org,official
ethereum,0x1776e1f26f98b1a5df9cd347953a26dd3cb46671,Numeraire,protocol,,Uniswap Labs Default token list,https://tokens.uniswap.org,official
ethereum,0x967da4048cd07ab37855c090aaf366e4ce1b9f48,Ocean Protocol,protocol,,Uniswap Labs Default token list,https://tokens.uniswap.org,official
ethereum,0x75231f58b43240c9718dd58b4967c5114342a86c,OKB,protocol,,Uniswap Labs Default token list,https://tokens.uniswap.org,official
ethereum,0xd26114cd6ee289accf82350c8d8487fedb8a0c07,OMG Network,protocol,,Uniswap Labs Default token list,https://tokens.uniswap.org,official
ethereum,0x36e66fbbce51e4cd5bd3c62b637eb411b18949d4,Omni Network,protocol,,Uniswap Labs Default token list,https://tokens.uniswap.org,official
ethereum,0xfaba6f8e4a5e8ab82f62fe7c39859fa577269be3,Ondo Finance,protocol,,Uniswap Labs Default token list,https://tokens.uniswap.org,official
ethereum,0x00000000f9490004c11cef243f5400493c00ad63,OpenSea ConduitController,protocol,,OpenSea Seaport Deployment,https://github.com/ProjectOpenSea/seaport/blob/main/docs/Deployment.md,official
ethereum,0x00000000006c3852cbef3e08e8df289169ede581,OpenSea Seaport 1.1,protocol,,OpenSea Seaport,https://github.com/ProjectOpenSea/seaport,official
ethereum,0x00000000000000adc04c56bf30ac9d3c0aaf14dc,OpenSea Seaport 1.5,protocol,,OpenSea Seaport,https://github.com/ProjectOpenSea/seaport,official
ethereum,0x0000000000000068f116a894984e2db1123eb395,OpenSea Seaport 1.6,protocol,,OpenSea Seaport,https://github.com/ProjectOpenSea/seaport,official
ethereum,0xde1fcfb0851916ca5101820a69b13a4e276bd81f,Optimism Address Manager,protocol,,Optimism superchain-registry,https://github.com/ethereum-optimism/superchain-registry,official
ethereum,0x23b2c62946350f4246f9f9d027e071f0264fd113,Optimism Anchor State Registry,protocol,,Optimism superchain-registry,https://github.com/ethereum-optimism/superchain-registry,official
ethereum,0x6887246668a3b87f54deb3b94ba47a6f63f32985,Optimism Batch Submitter,protocol,,Optimism superchain-registry,https://github.com/ethereum-optimism/superchain-registry,official
ethereum,0x9ba6e03d8b90de867373db8cf1a58d2f7f006b3a,Optimism Challenger,protocol,,Optimism superchain-registry,https://github.com/ethereum-optimism/superchain-registry,official
ethereum,0x1b6dbf05eaf22d4e70dc993e8a19dd9f3dcb3162,Optimism Delayed WETH,protocol,,Optimism superchain-registry,https://github.com/ethereum-optimism/superchain-registry,official
ethereum,0xe5965ab5962edc7477c8520243a95517cd252fa9,Optimism Dispute Game Factory,protocol,,Optimism superchain-registry,https://github.com/ethereum-optimism/superchain-registry,official
ethereum,0x322b47ff1fa8d5611f761e3e275c45b71b294d43,Optimism ETH Lockbox,protocol,,Optimism superchain-registry,https://github.com/ethereum-optimism/superchain-registry,official
ethereum,0x09f7150d8c019bef34450d6920f6b3608cefdaf2,Optimism Guardian,protocol,,Optimism superchain-registry,https://github.com/ethereum-optimism/superchain-registry,official
ethereum,0x25ace71c97b33cc4729cf772ae268934f7ab5fa1,Optimism L1 Cross Domain Messenger,protocol,,Optimism superchain-registry,https://github.com/ethereum-optimism/superchain-registry,official
ethereum,0x5a7749f83b81b301cab5f48eb8516b986daef23d,Optimism L1 ERC721 Bridge,protocol,,Optimism superchain-registry,https://github.com/ethereum-optimism/superchain-registry,official
ethereum,0x99c9fc46f92e8a1c0dec1b1747d010903e884be1,Optimism L1 Standard Bridge,protocol,,Optimism superchain-registry,https://github.com/ethereum-optimism/superchain-registry,official
ethereum,0xbeb5fc579115071764c7423a4f12edde41f106ed,Optimism Portal,protocol,,Optimism superchain-registry,https://github.com/ethereum-optimism/superchain-registry,official
ethereum,0x473300df21d047806a082244b417f96b32f13a33,Optimism Proposer,protocol,,Optimism superchain-registry,https://github.com/ethereum-optimism/superchain-registry,official
ethereum,0x543ba4aadbab8f9025686bd03993043599c6fb04,Optimism Proxy Admin,protocol,,Optimism superchain-registry,https://github.com/ethereum-optimism/superchain-registry,official
ethereum,0x5a0aae59d09fccbddb6c6cceb07b7279367c3d2a,Optimism Proxy Admin Owner,protocol,,Optimism superchain-registry,https://github.com/ethereum-optimism/superchain-registry,official
ethereum,0x95703e0982140d16f8eba6d158fccede42f04a4c,Optimism Superchain Config,protocol,,Optimism superchain-registry,https://github.com/ethereum-optimism/superchain-registry,official
ethereum,0x229047fed2591dbec1ef1118d64f7af3db9eb290,Optimism System Config,protocol,,Optimism superchain-registry,https://github.com/ethereum-optimism/superchain-registry,official
ethereum,0x847b5c174615b1b7fdf770882256e2d3e95b9d92,Optimism System Config Owner,protocol,,Optimism superchain-registry,https://github.com/ethereum-optimism/superchain-registry,official
ethereum,0xaaaa45d9549eda09e70937013520214382ffc4a2,Optimism Unsafe Block Signer,protocol,,Optimism superchain-registry,https://github.com/ethereum-optimism/superchain-registry,official
ethereum,0x6f59e0461ae5e2799f1fb3847f05a63b16d0dbf8,ORCA Alliance,protocol,,Uniswap Labs Default token list,https://tokens.uniswap.org,official
ethereum,0x4575f41308ec1483f3d399aa9a2826d74da13deb,Orchid,protocol,,Uniswap Labs Default token list,https://tokens.uniswap.org,official
ethereum,0x8207c1ffc5b6804f6024322ccf34f29c3541ae26,Origin Protocol,protocol,,Uniswap Labs Default token list,https://tokens.uniswap.org,official
ethereum,0xaa7a9ca87d3694b5755f213b5d04094b8d0f0a6f,OriginTrail,protocol,,Uniswap Labs Default token list,https://tokens.uniswap.org,official
ethereum,0x0258f474786ddfd37abce6df6bbb1dd5dfc4434a,Orion Protocol,protocol,,Uniswap Labs Default token list,https://tokens.uniswap.org,official
ethereum,0x152649ea73beab28c5b49b26eb48f7ead6d4c898,PancakeSwap,protocol,,Uniswap Labs Default token list,https://tokens.uniswap.org,official
ethereum,0x6a000f20005980200259b80c5102003040001068,ParaSwap Augustus V6,protocol,,ParaSwap smart contracts,https://developers.paraswap.network/smart-contracts,official
ethereum,0x362bc847a3a9637d3af6624eec853618a43ed7d2,PARSIQ,protocol,,Uniswap Labs Default token list,https://tokens.uniswap.org,official
ethereum,0x70d2b7c19352bb76e4409858ff5746e500f2b67c,Pawtocol,protocol,,Uniswap Labs Default token list,https://tokens.uniswap.org,official
ethereum,0x8e870d67f660d95d5be530380d0ec0bd388289e1,Pax Dollar,protocol,,Uniswap Labs Default token list,https://tokens.uniswap.org,official
ethereum,0x45804880de22913dafe09f4980848ece6ecbaf78,PAX Gold,protocol,,Uniswap Labs Default token list,https://tokens.uniswap.org,official
ethereum,0x6c3ea9036406852006290770bedfcaba0e23a0e8,PayPal USD,protocol,,Uniswap Labs Default token list,https://tokens.uniswap.org,official
ethereum,0xc1d204d77861def49b6e769347a883b15ec397ff,PayperEx,protocol,,Uniswap Labs Default token list,https://tokens.uniswap.org,official
ethereum,0x808507121b80c02388fad14726482e061b8da827,PENDLE,protocol,,Pendle V2 deployments,https://github.com/pendle-finance/pendle-core-v2-public/blob/main/deployments/1-core.json,official
ethereum,0x1a6fcc85557bc4fb7b534ed835a03ef056552d52,Pendle Market Factory V3,protocol,,Pendle V2 deployments,https://github.com/pendle-finance/pendle-core-v2-public/blob/main/deployments/1-core.json,official
ethereum,0x5542be50420e88dd7d5b4a3d488fa6ed82f6dac2,Pendle PY YT LP Oracle,protocol,,Pendle V2 deployments,https://github.com/pendle-finance/pendle-core-v2-public/blob/main/deployments/1-core.json,official
ethereum,0x888888888889758f76e7103c6cbf23abbf58f946,Pendle Router,protocol,,Pendle V2 deployments,https://github.com/pendle-finance/pendle-core-v2-public/blob/main/deployments/1-core.json,official
ethereum,0x8270400d528c34e1596ef367eedec99080a1b592,Pendle Treasury,protocol,,Pendle V2 deployments,https://github.com/pendle-finance/pendle-core-v2-public/blob/main/deployments/1-core.json,official
ethereum,0x6982508145454ce325ddbe47a25d4ec3d2311933,Pepe,protocol,,Uniswap Labs Default token list,https://tokens.uniswap.org,official
ethereum,0xa9e8acf069c58aec8825542845fd754e41a9489a,PepeCoin,protocol,,Uniswap Labs Default token list,https://tokens.uniswap.org,official
ethereum,0xbc396689893d065f41bc2c6ecbee5e0085233447,Perpetual Protocol,protocol,,Uniswap Labs Default token list,https://tokens.uniswap.org,official
ethereum,0x7613c48e0cd50e42dd9bf0f6c235063145f6f8dc,Pirate Nation,protocol,,Uniswap Labs Default token list,https://tokens.uniswap.org,official
ethereum,0x0d3cbed3f69ee050668adf3d9ea57241cba33a2b,PlayDapp,protocol,,Uniswap Labs Default token list,https://tokens.uniswap.org,official
ethereum,0x3a4f40631a4f906c2bad353ed06de7a5d3fcb430,PlayDapp,protocol,,Gemini Token List,https://www.gemini.com/uniswap/manifest.json,official
ethereum,0x4c1746a800d224393fe2470c70a35717ed4ea5f1,Plume,protocol,,Uniswap Labs Default token list,https://tokens.uniswap.org,official
ethereum,0xd8912c10681d8b21fd3742244f44658dba12264e,Pluton,protocol,,Uniswap Labs Default token list,https://tokens.uniswap.org,official
ethereum,0x83e6f1e41cdd28eaceb20cb649155049fac3d5aa,Polkastarter,protocol,,Uniswap Labs Default token list,https://tokens.uniswap.org,official
ethereum,0x7d1afa7b718fb893db30a3abc0cfc608aacfebb0,Polygon,protocol,,Uniswap Labs Default token list,https://tokens.uniswap.org,official
ethereum,0x455e53cbb86018ac2b8092fdcd39d8444affc3f6,Polygon Ecosystem Token,protocol,,Uniswap Labs Default token list,https://tokens.uniswap.org,official
ethereum,0x401f6c983ea34274ec46f84d70b31c151321188b,Polygon PoS Deposit Manager,protocol,,Polygon PoS mainnet contracts,https://github.com/maticnetwork/static/blob/master/network/mainnet/v1/index.json,official
ethereum,0x4eea1780c06709d7fa0bcaa6d0f1ab29673586c0,Polygon PoS ERC20 Predicate,protocol,,Polygon PoS mainnet contracts,https://github.com/maticnetwork/static/blob/master/network/mainnet/v1/index.json,official
ethereum,0x40ec5b33f54e0e8a33a975908c5ba1c14e5bbbdf,Polygon PoS ERC20 Predicate Proxy,protocol,,Polygon PoS bridge contracts,https://docs.polygon.technology/pos/reference/contracts/contracts-mainnet/,official
ethereum,0x36c2503d53c6948331144b85d1e74a3b96731d1b,Polygon PoS ERC721 Predicate,protocol,,Polygon PoS mainnet contracts,https://github.com/maticnetwork/static/blob/master/network/mainnet/v1/index.json,official
ethereum,0x6df5cb08d3f0193c768c8a01f42ac4424dc5086b,Polygon PoS Events Hub,protocol,,Polygon PoS mainnet contracts,https://github.com/maticnetwork/static/blob/master/network/mainnet/v1/index.json,official
ethereum,0x33a02e6cc863d393d6bf231b697b82f6e499ca71,Polygon PoS Registry,protocol,,Polygon PoS mainnet contracts,https://github.com/maticnetwork/static/blob/master/network/mainnet/v1/index.json,official
ethereum,0x86e4dc95c7fbdbf52e33d563bbdb00823894c287,Polygon PoS Root Chain,protocol,,Polygon PoS mainnet contracts,https://github.com/maticnetwork/static/blob/master/network/mainnet/v1/index.json,official
ethereum,0xa0c68c638235ee32657e8f720a23cec1bfc77c77,Polygon PoS Root Chain Manager Proxy,protocol,,Polygon PoS bridge contracts,https://docs.polygon.technology/pos/reference/contracts/contracts-mainnet/,official
ethereum,0x5e3ef299fddf15eaa0432e6e66473ace8c13d908,Polygon PoS Stake Manager,protocol,,Polygon PoS mainnet contracts,https://github.com/maticnetwork/static/blob/master/network/mainnet/v1/index.json,official
ethereum,0xa59c847bd5ac0172ff4fe912c5d29e5a71a7512b,Polygon PoS Staking Info,protocol,,Polygon PoS mainnet contracts,https://github.com/maticnetwork/static/blob/master/network/mainnet/v1/index.json,official
ethereum,0x28e4f3a7f651294b9564800b2d01f35189a5bfbe,Polygon PoS State Sender,protocol,,Polygon PoS mainnet contracts,https://github.com/maticnetwork/static/blob/master/network/mainnet/v1/index.json,official
ethereum,0x2a88696e0ffa76baa1338f2c74497cc013495922,Polygon PoS Withdraw Manager,protocol,,Polygon PoS mainnet contracts,https://github.com/maticnetwork/static/blob/master/network/mainnet/v1/index.json,official
ethereum,0x9992ec3cf6a55b00978cddf2b27bc6882d88d1ec,Polymath,protocol,,Uniswap Labs Default token list,https://tokens.uniswap.org,official
ethereum,0x9e46a38f5daabe8683e10793b06749eef7d733d1,PolySwarm,protocol,,Uniswap Labs Default token list,https://tokens.uniswap.org,official
ethereum,0x0cec1a9154ff802e7934fc916ed7ca50bde6844e,PoolTogether Governance Token,protocol,,Compound token list,https://raw.githubusercontent.com/compound-finance/token-list/master/compound.tokenlist.json,official
ethereum,0x1bbe973bef3a977fc51cbed703e8ffdefe001fed,Portal,protocol,,Uniswap Labs Default token list,https://tokens.uniswap.org,official
ethereum,0x30a25cc9c9eade4d4d9e9349be6e68c3411367d3,Portal to Bitcoin,protocol,,Uniswap Labs Default token list,https://tokens.uniswap.org,official
ethereum,0x595832f8fc6bf59c85c527fec3740a1b7a361269,Power Ledger,protocol,,Uniswap Labs Default token list,https://tokens.uniswap.org,official
ethereum,0xb23d80f5fefcddaa212212f028021b41ded428cf,Prime,protocol,,Uniswap Labs Default token list,https://tokens.uniswap.org,official
ethereum,0x226bb599a12c826476e3a771454697ea52e9e220,Propy,protocol,,Uniswap Labs Default token list,https://tokens.uniswap.org,official
ethereum,0x4ea88fa76848a8bbab72613d4171df1ebcf68399,Protocol Guild Donation (vesting),protocol,,Protocol Guild donate docs (theprotocolguild.eth),https://protocol-guild.readthedocs.io/en/latest/03-donate.html,official
ethereum,0xdddd576baf106baae54bde40bcac602bb4a7cf79,Protocol Guild Multisig,protocol,,Protocol Guild donate docs (claim/other-token multisig),https://protocol-guild.readthedocs.io/en/latest/03-donate.html,official
ethereum,0xfb5c6815ca3ac72ce9f5006869ae67f18bf77006,pSTAKE Finance,protocol,,Uniswap Labs Default token list,https://tokens.uniswap.org,official
ethereum,0x4d1c297d39c5c1277964d0e3f8aa901493664530,Puffer Finance,protocol,,Uniswap Labs Default token list,https://tokens.uniswap.org,official
ethereum,0x4123a133ae3c521fd134d7b13a2dec35b56c2463,Qredo,protocol,,Uniswap Labs Default token list,https://tokens.uniswap.org,official
ethereum,0x70b7f7044d2ca8e2f1e999b90ef16d7cb7a0cda1,Quai Network,protocol,,Uniswap Labs Default token list,https://tokens.uniswap.org,official
ethereum,0x4a220e6096b25eadb88358cb44068a3248254675,Quant,protocol,,Uniswap Labs Default token list,https://tokens.uniswap.org,official
ethereum,0x8df723295214ea6f21026eeeb4382d475f146f9f,Quantoz EURQ,protocol,,Uniswap Labs Default token list,https://tokens.uniswap.org,official
ethereum,0xc83e27f270cce0a3a3a29521173a83f402c1768b,Quantoz USDQ,protocol,,Uniswap Labs Default token list,https://tokens.uniswap.org,official
ethereum,0x99ea4db9ee77acd40b119bd1dc4e33e1c070b80d,Quantstamp,protocol,,Uniswap Labs Default token list,https://tokens.uniswap.org,official
ethereum,0x6c28aef8977c9b773996d0e8376d2ee379446f2f,Quickswap,protocol,,Uniswap Labs Default token list,https://tokens.uniswap.org,official
ethereum,0x31c8eacbffdd875c74b94b077895bd78cf1e64a3,Radicle,protocol,,Uniswap Labs Default token list,https://tokens.uniswap.org,official
ethereum,0x03ab458634910aad20ef5f1c8ee96f1d6ac54919,Rai Reflex Index,protocol,,Uniswap Labs Default token list,https://tokens.uniswap.org,official
ethereum,0xe76c6c83af64e4c60245d8c7de953df673a7a33d,RAIL Token,protocol,,RAILGUN RAIL token overview,https://docs.railgun.org/wiki/rail-token/rail-token-overview,official
ethereum,0xc480f68a3dcc3edd82134fab45c14a0fcf1da3cc,Railgun Governance,protocol,,RAILGUN docs helpful links,https://docs.railgun.org/wiki/learn/helpful-links,official
ethereum,0xa02782ce1bf85f56f8cc7c0e66e61299ac75c86f,Railgun Rewards,protocol,,RAILGUN docs helpful links,https://docs.railgun.org/wiki/learn/helpful-links,official
ethereum,0xee6a649aa3766bd117e12c161726b693a1b2ee20,Railgun Staking,protocol,,RAILGUN docs helpful links,https://docs.railgun.org/wiki/learn/helpful-links,official
ethereum,0xe8a8b458bcd1ececc6b6b58f80929b29ccecff40,Railgun Treasury,protocol,,RAILGUN docs helpful links,https://docs.railgun.org/wiki/learn/helpful-links,official
ethereum,0xf1f955016ecbcd7321c7266bccfb96c68ea5e49b,Rally,protocol,,Uniswap Labs Default token list,https://tokens.uniswap.org,official
ethereum,0xd291e7a03283640fdc51b121ac401383a46cc623,Rari Governance Token,protocol,,Uniswap Labs Default token list,https://tokens.uniswap.org,official
ethereum,0xfca59cd816ab1ead66534d82bc21e7515ce441cf,Rarible,protocol,,Uniswap Labs Default token list,https://tokens.uniswap.org,official
ethereum,0xb5f7b021a78f470d31d762c1dda05ea549904fbd,Rayls,protocol,,Uniswap Labs Default token list,https://tokens.uniswap.org,official
ethereum,0x526526528f35ac738177003b8773b402b8df8143,RE,protocol,,Uniswap Labs Default token list,https://tokens.uniswap.org,official
ethereum,0x99e980265bf36516c442be982df1772a6ccb3233,REAL,protocol,,Uniswap Labs Default token list,https://tokens.uniswap.org,official
ethereum,0xc43c6bfeda065fe2c4c11765bf838789bd0bb5de,Redstone,protocol,,Uniswap Labs Default token list,https://tokens.uniswap.org,official
ethereum,0x459086f2376525bdceba5bdda135e4e9d3fef5bf,renBCH,protocol,,Wrapped Tokens token list,https://wrapped.tokensoft.eth.link,official
ethereum,0xeb4c2781e4eba804ce9a9803c67d0893436bb27d,renBTC,protocol,,Wrapped Tokens token list,https://wrapped.tokensoft.eth.link,official
ethereum,0x6de037ef9ad2725eb40118bb1702ebb27e4aeb24,Render Token,protocol,,Uniswap Labs Default token list,https://tokens.uniswap.org,official
ethereum,0x3832d2f059e55934220881f831be501d180671a7,renDOGE,protocol,,Wrapped Tokens token list,https://wrapped.tokensoft.eth.link,official
ethereum,0x1c5db575e2ff833e46a2e9864c22f4b22e0b37c2,renZEC,protocol,,Wrapped Tokens token list,https://wrapped.tokensoft.eth.link,official
ethereum,0x3b50805453023a91a8bf641e279401a0b23fa6f9,Renzo,protocol,,Uniswap Labs Default token list,https://tokens.uniswap.org,official
ethereum,0x408e41876cccdc0f92210600ef50372656052a38,Republic Token,protocol,,Uniswap Labs Default token list,https://tokens.uniswap.org,official
ethereum,0x1985365e9f78359a9b6ad760e32412f4a445e862,Reputation Augur v1,protocol,,Uniswap Labs Default token list,https://tokens.uniswap.org,official
ethereum,0x221657776846890989a759ba2973e427dff5c9bb,Reputation Augur v2,protocol,,Uniswap Labs Default token list,https://tokens.uniswap.org,official
ethereum,0x8f8221afbb33998d8584a2b05749ba73c37a938a,Request,protocol,,Uniswap Labs Default token list,https://tokens.uniswap.org,official
ethereum,0x320623b8e4ff03373931769a31fc52a4e78b5d70,Reserve Rights,protocol,,Uniswap Labs Default token list,https://tokens.uniswap.org,official
ethereum,0x557b933a7c2c45672b610f8954a3deb39a51a8ca,REVV,protocol,,Uniswap Labs Default token list,https://tokens.uniswap.org,official
ethereum,0x6123b0049f904d730db3c36a31167d9d4121fa6b,Ribbon Finance,protocol,,Uniswap Labs Default token list,https://tokens.uniswap.org,official
ethereum,0x8292bb45bf1ee4d140127049757c2e0ff06317ed,RLUSD,protocol,,Uniswap Labs Default token list,https://tokens.uniswap.org,official
ethereum,0x32b4d049fe4c888d2b92eecaf729f44df6b1f36e,ROBO Token,protocol,,Uniswap Labs Default token list,https://tokens.uniswap.org,official
ethereum,0xd33526068d116ce69f19a9ee46f0bd304f21a51f,Rocket Pool Protocol,protocol,,Uniswap Labs Default token list,https://tokens.uniswap.org,official
ethereum,0xae78736cd615f374d3085123a210448e74fc6393,Rocket Pool rETH,protocol,,Spark address registry (rETH),https://github.com/sparkdotfi/spark-address-registry/blob/ad50b14f/src/Ethereum.sol,official
ethereum,0xfa5047c9c78b8877af97bdcb85db743fd7313d4a,Rook,protocol,,Uniswap Labs Default token list,https://tokens.uniswap.org,official
ethereum,0xa4eed63db85311e22df4473f87ccfc3dadcfa3e3,Rubic,protocol,,Uniswap Labs Default token list,https://tokens.uniswap.org,official
ethereum,0x5afe3855358e112b5647b952709e6165e1c1eeee,Safe,protocol,,Uniswap Labs Default token list,https://tokens.uniswap.org,official
ethereum,0x89d24a6b4ccb1b6faa2625fe562bdd9a23260359,Sai Stablecoin v1.0,protocol,,Compound token list,https://raw.githubusercontent.com/compound-finance/token-list/master/compound.tokenlist.json,official
ethereum,0x888883b5f5d21fb10dfeb70e8f9722b9fb0e5e51,Schuman EUR P,protocol,,Uniswap Labs Default token list,https://tokens.uniswap.org,official
ethereum,0xb2b10a289a229415a124efdef310c10cb004b6ff,Scroll L1 ERC20 Custom Gateway,protocol,,Scroll docs contracts,https://docs.scroll.io/en/developers/scroll-contracts/,official
ethereum,0xd8a791fe2be73eb6e6cf1eb0cb3f36adc9b3f8f9,Scroll L1 ERC20 Standard Gateway,protocol,,Scroll docs contracts,https://docs.scroll.io/en/developers/scroll-contracts/,official
ethereum,0x7f2b8c31f88b6006c382775eea88297ec1e3e905,Scroll L1 ETH Gateway,protocol,,Scroll docs contracts,https://docs.scroll.io/en/developers/scroll-contracts/,official
ethereum,0xf8b1378579659d8f7ee5f3c929c2f3e332e41fd6,Scroll L1 Gateway Router,protocol,,Scroll docs contracts,https://docs.scroll.io/en/developers/scroll-contracts/,official
ethereum,0x56971da63a3c0205184fef096e9ddfc7a8c2d18a,Scroll L1 Message Queue V2,protocol,,Scroll docs contracts,https://docs.scroll.io/en/developers/scroll-contracts/,official
ethereum,0x6774bcbd5cecef1336b5300fb5186a12ddd8b367,Scroll L1 Messenger,protocol,,Scroll docs contracts,https://docs.scroll.io/en/developers/scroll-contracts/,official
ethereum,0xa13baf47339d63b743e7da8741db5456dac1e556,Scroll L1 Rollup,protocol,,Scroll docs contracts,https://docs.scroll.io/en/developers/scroll-contracts/,official
ethereum,0x7ac440cae8eb6328de4fa621163a792c1ea9d4fe,Scroll L1 WETH Gateway,protocol,,Scroll docs contracts,https://docs.scroll.io/en/developers/scroll-contracts/,official
ethereum,0x4cc19356f2d37338b9802aa8e8fc58b0373296e7,SelfKey,protocol,,Uniswap Labs Default token list,https://tokens.uniswap.org,official
ethereum,0x56a3ba04e95d34268a19b2a4474dc979babdaf76,Sentient,protocol,,Uniswap Labs Default token list,https://tokens.uniswap.org,official
ethereum,0xc770eefad204b5180df6a14ee197d99d808ee52d,ShapeShift FOX Token,protocol,,Uniswap Labs Default token list,https://tokens.uniswap.org,official
ethereum,0x95ad61b0a150d79219dcf64e1e6cc01f0b64c4ce,Shiba Inu,protocol,,Uniswap Labs Default token list,https://tokens.uniswap.org,official
ethereum,0x7c84e62859d0715eb77d1b1c4154ecd6abb21bec,Shping,protocol,,Uniswap Labs Default token list,https://tokens.uniswap.org,official
ethereum,0xfb072b42907da2bf7a8e8cb5dcaa790d45fd81a8,Sidekick,protocol,,Uniswap Labs Default token list,https://tokens.uniswap.org,official
ethereum,0x868fced65edbf0056c4163515dd840e9f287a4c3,Sign,protocol,,Uniswap Labs Default token list,https://tokens.uniswap.org,official
ethereum,0x00c83aecc790e8a4453e5dd3b0b4b3680501a7a7,SKALE,protocol,,Uniswap Labs Default token list,https://tokens.uniswap.org,official
ethereum,0x56072c95faa701256059aa122697b133aded9279,SKY,protocol,,Sky protocol docs,https://developers.skyeco.com/guides/sky/token-governance-upgrade/key-info/,official
ethereum,0xcc8fa225d80b9c7d42f96e9570156c65d6caaa25,Smooth Love Potion,protocol,,Uniswap Labs Default token list,https://tokens.uniswap.org,official
ethereum,0xd31a59c85ae9d8edefec411d448f90841571b89c,SOL Wormhole,protocol,,Uniswap Labs Default token list,https://tokens.uniswap.org,official
ethereum,0xdf801468a808a32656d2ed2d2d80b72a129739f4,Somnium Space CUBEs,protocol,,Uniswap Labs Default token list,https://tokens.uniswap.org,official
ethereum,0xe6bfd33f52d82ccb5b37e16d3dd81f9ffdabb195,Space and Time,protocol,,Uniswap Labs Default token list,https://tokens.uniswap.org,official
ethereum,0xc20059e0317de91738d13af027dfc4a50781b066,Spark,protocol,,Uniswap Labs Default token list,https://tokens.uniswap.org,official
ethereum,0xda135cd78a086025bcdc87b038a1c462032b510c,SparkLend ACL Manager,protocol,,Spark address registry,https://github.com/sparkdotfi/spark-address-registry/blob/ad50b14f/src/Ethereum.sol,official
ethereum,0x8105f69d9c41644c6a0803fda7d03aa70996cfd9,SparkLend Oracle,protocol,,Spark address registry,https://github.com/sparkdotfi/spark-address-registry/blob/ad50b14f/src/Ethereum.sol,official
ethereum,0xc13e21b648a5ee794902342038ff3adab66be987,SparkLend Pool,protocol,,Spark address registry,https://github.com/sparkdotfi/spark-address-registry/blob/ad50b14f/src/Ethereum.sol,official
ethereum,0x02c3ea4e34c0cbd694d2adfa2c690eecbc1793ee,SparkLend PoolAddressesProvider,protocol,,Spark address registry,https://github.com/sparkdotfi/spark-address-registry/blob/ad50b14f/src/Ethereum.sol,official
ethereum,0x542dba469bde58faee189ffb60c6b49ce60e0738,SparkLend PoolConfigurator,protocol,,Spark address registry,https://github.com/sparkdotfi/spark-address-registry/blob/ad50b14f/src/Ethereum.sol,official
ethereum,0xfc21d6d146e6086b8359705c8b28512a983db0cb,SparkLend Protocol Data Provider,protocol,,Spark address registry,https://github.com/sparkdotfi/spark-address-registry/blob/ad50b14f/src/Ethereum.sol,official
ethereum,0xb137e7d16564c81ae2b0c8ee6b55de81dd46ece5,SparkLend Treasury,protocol,,Spark address registry,https://github.com/sparkdotfi/spark-address-registry/blob/ad50b14f/src/Ethereum.sol,official
ethereum,0xbd7d6a9ad7865463de44b05f04559f65e3b11704,SparkLend WETH Gateway,protocol,,Spark address registry,https://github.com/sparkdotfi/spark-address-registry/blob/ad50b14f/src/Ethereum.sol,official
ethereum,0x090185f2135308bad17527004364ebcc2d37e5f6,Spell Token,protocol,,Uniswap Labs Default token list,https://tokens.uniswap.org,official
ethereum,0xe0f63a424a4439cbe457d80e4f4b51ad25b2c56c,SPX6900,protocol,,Uniswap Labs Default token list,https://tokens.uniswap.org,official
ethereum,0x399b29975cbe313c56269cd5097f5ae097fa2741,Stable Mint USD,protocol,,Uniswap Labs Default token list,https://tokens.uniswap.org,official
ethereum,0x50753cfaf86c094925bf976f218d043f8791e408,StablR Euro,protocol,,Uniswap Labs Default token list,https://tokens.uniswap.org,official
ethereum,0x7b43e3875440b44613dc3bc08e7763e6da63c8f8,StablR USD,protocol,,Uniswap Labs Default token list,https://tokens.uniswap.org,official
ethereum,0x30d20208d987713f46dfd34ef128bb16c404d10f,Stader,protocol,,Uniswap Labs Default token list,https://tokens.uniswap.org,official
ethereum,0xef3a930e1ffffacd2fc13434ac81bd278b0ecc8d,Stafi,protocol,,Uniswap Labs Default token list,https://tokens.uniswap.org,official
ethereum,0xaf5191b0de278c7286d6c7cc6ab6bb8a73ba2cd6,Stargate Finance,protocol,,Uniswap Labs Default token list,https://tokens.uniswap.org,official
ethereum,0x9f96fe0633ee838d0298e8b8980e6716be81388d,StarkGate DAI Bridge,protocol,,starknet-io bridged tokens mainnet,https://github.com/starknet-io/starknet-addresses/blob/master/bridged_tokens/mainnet.json,official
ethereum,0x659a00c33263d9254fed382de81349426c795bb6,StarkGate DAI Bridge (legacy),protocol,,starknet-io bridged tokens mainnet,https://github.com/starknet-io/starknet-addresses/blob/master/bridged_tokens/mainnet.json,official
ethereum,0xf5b6ee2caeb6769659f6c091d209dfdcaf3f69eb,StarkGate ERC20 Bridge,protocol,,starknet-io bridged tokens mainnet,https://github.com/starknet-io/starknet-addresses/blob/master/bridged_tokens/mainnet.json,official
ethereum,0xae0ee0a63a2ce6baeeffe56e7714fb4efe48d419,StarkGate ETH Bridge,protocol,,starknet-io bridged tokens mainnet,https://github.com/starknet-io/starknet-addresses/blob/master/bridged_tokens/mainnet.json,official
ethereum,0xce5485cfb26914c5dce00b9baf0580364dafc7a4,StarkGate STRK Bridge,protocol,,starknet-io bridged tokens mainnet,https://github.com/starknet-io/starknet-addresses/blob/master/bridged_tokens/mainnet.json,official
ethereum,0xf6080d9fbeebcd44d89affbfd42f098cbff92816,StarkGate USDC Bridge,protocol,,starknet-io bridged tokens mainnet,https://github.com/starknet-io/starknet-addresses/blob/master/bridged_tokens/mainnet.json,official
ethereum,0xbb3400f107804dfb482565ff1ec8d8ae66747605,StarkGate USDT Bridge,protocol,,starknet-io bridged tokens mainnet,https://github.com/starknet-io/starknet-addresses/blob/master/bridged_tokens/mainnet.json,official
ethereum,0x283751a21eafbfcd52297820d27c1f1963d9b5b4,StarkGate WBTC Bridge,protocol,,starknet-io bridged tokens mainnet,https://github.com/starknet-io/starknet-addresses/blob/master/bridged_tokens/mainnet.json,official
ethereum,0xca14007eff0db1f8135f4c25b34de49ab0d42766,Starknet,protocol,,Uniswap Labs Default token list,https://tokens.uniswap.org,official
ethereum,0xc662c410c0ecf747543f5ba90660f6abebd9c8c4,Starknet Core Contract,protocol,,starknet-io/starknet-addresses,https://github.com/starknet-io/starknet-addresses,official
ethereum,0x47312450b3ac8b5b8e247a6bb6d523e7605bdb60,Starknet Verifier,protocol,,starknet-io/starknet-addresses,https://github.com/starknet-io/starknet-addresses,official
ethereum,0x744d70fdbe2ba4cf95131626614a1763df805b9e,Status,protocol,,Uniswap Labs Default token list,https://tokens.uniswap.org,official
ethereum,0xb64ef51c888972c908cfacf59b47c1afbc0ab8ac,Storj Token,protocol,,Uniswap Labs Default token list,https://tokens.uniswap.org,official
ethereum,0x006bea43baa3f7a6f765f14f10a1a1b08334ef45,Stox,protocol,,Uniswap Labs Default token list,https://tokens.uniswap.org,official
ethereum,0x6bef15d938d4e72056ac92ea4bdd0d76b1c4ad29,Succinct,protocol,,Uniswap Labs Default token list,https://tokens.uniswap.org,official
ethereum,0x0763fdccf1ae541a5961815c0872a8c5bc6de4d7,SUKU,protocol,,Uniswap Labs Default token list,https://tokens.uniswap.org,official
ethereum,0xe53ec727dbdeb9e2d5456c3be40cff031ab40a55,SuperFarm,protocol,,Uniswap Labs Default token list,https://tokens.uniswap.org,official
ethereum,0xba5bde662c17e2adff1075610382b9b691296350,SuperRare,protocol,,Uniswap Labs Default token list,https://tokens.uniswap.org,official
ethereum,0x9d39a5de30e57443bff2a8307a4256c8797a3497,sUSDe,protocol,,Spark address registry (Ethena),https://github.com/sparkdotfi/spark-address-registry/blob/ad50b14f/src/Ethereum.sol,official
ethereum,0x6b3595068778dd592e39a122f4f5a5cf09c90fe2,Sushi,protocol,,Uniswap Labs Default token list,https://tokens.uniswap.org,official
ethereum,0xc0aee478e3658e2610c5f7a4a2e1777ce9e4f2ac,SushiSwap V2 Factory,protocol,,SushiSwap V2 deployments,https://docs.sushi.com/contracts/v2/deployment-addresses,official
ethereum,0xd9e1ce17f2641f24ae83637ab66a2cca9c378b9f,SushiSwap V2 Router 02,protocol,,SushiSwap V2 deployments,https://docs.sushi.com/contracts/v2/deployment-addresses,official
ethereum,0x0a6e7ba5042b38349e437ec6db6214aec7b35676,Swell,protocol,,Uniswap Labs Default token list,https://tokens.uniswap.org,official
ethereum,0x0bb217e40f8a5cb79adf04e1aab60e5abd0dfc1e,SWFTCOIN,protocol,,Uniswap Labs Default token list,https://tokens.uniswap.org,official
ethereum,0x8ce9137d39326ad0cd6491fb5cc0cba0e089b6a9,Swipe,protocol,,Uniswap Labs Default token list,https://tokens.uniswap.org,official
ethereum,0xf293d23bf2cdc05411ca0eddd588eb1977e8dcd4,Sylo,protocol,,Uniswap Labs Default token list,https://tokens.uniswap.org,official
ethereum,0x0f2d719407fdbeff09d87557abb7232601fd9f29,Synapse,protocol,,Uniswap Labs Default token list,https://tokens.uniswap.org,official
ethereum,0x1bab804803159ad84b8854581aa53ac72455614e,Syndicate,protocol,,Uniswap Labs Default token list,https://tokens.uniswap.org,official
ethereum,0x57ab1ec28d129707052df4df418d58a2d46d5f51,Synth sUSD,protocol,,Uniswap Labs Default token list,https://tokens.uniswap.org,official
ethereum,0xc011a73ee8576fb46f5e1c5751ca3b9fe0af2a6f,Synthetix Network Token,protocol,,Uniswap Labs Default token list,https://tokens.uniswap.org,official
ethereum,0x643c4e15d7d62ad0abec4a9bd4b001aa3ef52d66,Syrup Token,protocol,,Uniswap Labs Default token list,https://tokens.uniswap.org,official
ethereum,0x18084fba666a33d37592fa2633fd49a74dd93a88,tBTC,protocol,,Uniswap Labs Default token list,https://tokens.uniswap.org,official
ethereum,0x8daebade922df735c38c80c7ebd708af50815faa,tBTC,protocol,,Wrapped Tokens token list,https://wrapped.tokensoft.eth.link,official
ethereum,0x2ab6bb8408ca3199b8fa6c92d5b455f820af03c4,TE FOOD,protocol,,Uniswap Labs Default token list,https://tokens.uniswap.org,official
ethereum,0x467bccd9d29f223bce8043b84e8c8b282827790f,Telcoin,protocol,,Uniswap Labs Default token list,https://tokens.uniswap.org,official
ethereum,0x88df592f8eb5d7bd38bfef7deb0fbc02cf3778a0,Tellor,protocol,,Uniswap Labs Default token list,https://tokens.uniswap.org,official
ethereum,0xc3d21f79c3120a4ffda7a535f8005a7c297799bf,Term Finance,protocol,,Uniswap Labs Default token list,https://tokens.uniswap.org,official
ethereum,0x3c2f61f2e27c865981d2e7aaf6b2cdf823030039,TermMax,protocol,,Uniswap Labs Default token list,https://tokens.uniswap.org,official
ethereum,0x68749665ff8d2d112fa859aa293f07a622782f38,Tether Gold,protocol,,Uniswap Labs Default token list,https://tokens.uniswap.org,official
ethereum,0xdac17f958d2ee523a2206206994597c13d831ec7,Tether USD,protocol,,Uniswap default token list,https://tokens.uniswap.org,official
ethereum,0xc944e90c64b2c07662a292be6244bdf05cda44a7,The Graph,protocol,,Uniswap Labs Default token list,https://tokens.uniswap.org,official
ethereum,0x3845badade8e6dff049820680d1f14bd3903a5d0,The Sandbox,protocol,,Uniswap Labs Default token list,https://tokens.uniswap.org,official
ethereum,0xd084b83c305dafd76ae3e1b4e1f1fe2ecccb3988,The Virtua Kolect,protocol,,Uniswap Labs Default token list,https://tokens.uniswap.org,official
ethereum,0xaffbe9a60f1f45e057fd9b6dc70004bb0ccc8b99,Theoriq,protocol,,Uniswap Labs Default token list,https://tokens.uniswap.org,official
ethereum,0xcdf7028ceab81fa0c6971208e83fa7872994bee5,Threshold Network,protocol,,Uniswap Labs Default token list,https://tokens.uniswap.org,official
ethereum,0x2e9d63788249371f1dfc918a52f8d799f4a38c94,Tokemak,protocol,,Uniswap Labs Default token list,https://tokens.uniswap.org,official
ethereum,0x4507cef57c46789ef8d1a19ea45f4216bae2b528,TokenFi,protocol,,Uniswap Labs Default token list,https://tokens.uniswap.org,official
ethereum,0x77146784315ba81904d654466968e3a7c196d1f3,Treehouse Token,protocol,,Uniswap Labs Default token list,https://tokens.uniswap.org,official
ethereum,0x228bec415ade4b61d7caf0adf8c91eac587ba369,Tria,protocol,,Uniswap Labs Default token list,https://tokens.uniswap.org,official
ethereum,0xc7283b66eb1eb5fb86327f08e1b5816b0720212b,Tribe,protocol,,Uniswap Labs Default token list,https://tokens.uniswap.org,official
ethereum,0x4c19596f5aaff459fa38b0f7ed92f11ae6543784,TrueFi,protocol,,Uniswap Labs Default token list,https://tokens.uniswap.org,official
ethereum,0x0000000000085d4780b73119b644ae5ecd22b376,TrueUSD,protocol,,Compound token list,https://raw.githubusercontent.com/compound-finance/token-list/master/compound.tokenlist.json,official
ethereum,0xa35923162c49cf95e6bf26623385eb431ad920d3,Turbo,protocol,,Uniswap Labs Default token list,https://tokens.uniswap.org,official
ethereum,0x04fa0d235c4abf4bcf4787af4cf447de572ef828,UMA Voting Token v1,protocol,,Uniswap Labs Default token list,https://tokens.uniswap.org,official
ethereum,0x441761326490cacf7af299725b6292597ee822c2,Unifi Protocol DAO,protocol,,Uniswap Labs Default token list,https://tokens.uniswap.org,official
ethereum,0x23b608675a2b2fb1890d3abbd85c5775c51691d5,Unisocks,protocol,,Uniswap Labs Default token list,https://tokens.uniswap.org,official
ethereum,0x1f9840a85d5af5bf1d1762f925bdaddc4201f984,Uniswap,protocol,,Uniswap Labs Default token list,https://tokens.uniswap.org,official
ethereum,0x5e4be8bc9637f0eaa1a755019e06a68ce081d58f,Uniswap Governor Bravo,protocol,,Uniswap governance,https://docs.uniswap.org/contracts/v1/guides/governance,official
ethereum,0x000000000022d473030f116ddee9f6b43ac78ba3,Uniswap Permit2,protocol,,Uniswap Permit2,https://docs.uniswap.org/contracts/permit2/overview,official
ethereum,0x1a9c8182c09f50c8318d769245bea52c32be35bc,Uniswap Timelock,protocol,,Uniswap governance,https://docs.uniswap.org/contracts/v1/guides/governance,official
ethereum,0xef1c6e67703c7bd7107eed8303fbe6ec2554bf6b,Uniswap Universal Router V1,protocol,,Uniswap Universal Router deployments,https://raw.githubusercontent.com/Uniswap/universal-router/main/deploy-addresses/mainnet.json,official
ethereum,0x3fc91a3afd70395cd496c647d5a6cc9d4b2b7fad,Uniswap Universal Router V1.2,protocol,,Uniswap Universal Router deployments,https://raw.githubusercontent.com/Uniswap/universal-router/main/deploy-addresses/mainnet.json,official
ethereum,0x66a9893cc07d91d95644aedd05d03f95e1dba8af,Uniswap Universal Router V2,protocol,,Uniswap Universal Router deployments,https://raw.githubusercontent.com/Uniswap/universal-router/main/deploy-addresses/mainnet.json,official
ethereum,0x4c82d1fbfe28c977cbb58d8c7ff8fcf9f70a2cca,Uniswap Universal Router V2.1.1,protocol,,Uniswap Universal Router deployments,https://raw.githubusercontent.com/Uniswap/universal-router/main/deploy-addresses/mainnet.json,official
ethereum,0x76d631990d505e4e5b432eedb852a60897824d68,Uniswap UnsupportedProtocol,protocol,,Uniswap Universal Router deployments,https://github.com/Uniswap/universal-router/blob/main/deploy-addresses/mainnet.json,official
ethereum,0x5c69bee701ef814a2b6a3edd4b1652cb9cc5aa6f,Uniswap V2 Factory,protocol,,Uniswap V2 deployments,https://docs.uniswap.org/contracts/v2/reference/smart-contracts/v2-deployments,official
ethereum,0x7a250d5630b4cf539739df2c5dacb4c659f2488d,Uniswap V2 Router02,protocol,,Uniswap V2 deployments,https://developers.uniswap.org/docs/protocols/v2/deployments,official
ethereum,0x1f98431c8ad98523631ae4a59f267346ea31f984,Uniswap V3 Factory,protocol,,Uniswap V3 Ethereum deployments,https://docs.uniswap.org/contracts/v3/reference/deployments/ethereum-deployments,official
ethereum,0xc36442b4a4522e871399cd717abdd847ab11fe88,Uniswap V3 NonfungiblePositionManager,protocol,,Uniswap V3 Ethereum deployments,https://docs.uniswap.org/contracts/v3/reference/deployments/ethereum-deployments,official
ethereum,0xb27308f9f90d607463bb33ea1bebb41c27ce5ab6,Uniswap V3 Quoter,protocol,,Uniswap V3 Ethereum deployments,https://docs.uniswap.org/contracts/v3/reference/deployments/ethereum-deployments,official
ethereum,0x61ffe014ba17989e743c5f6cb21bf9697530b21e,Uniswap V3 QuoterV2,protocol,,Uniswap V3 Ethereum deployments,https://docs.uniswap.org/contracts/v3/reference/deployments/ethereum-deployments,official
ethereum,0xe592427a0aece92de3edee1f18e0157c05861564,Uniswap V3 SwapRouter,protocol,,Uniswap V3 deployments,https://docs.uniswap.org/contracts/v3/reference/deployments/ethereum,official
ethereum,0x68b3465833fb72a70ecdf485e0e4c7bd8665fc45,Uniswap V3 SwapRouter02,protocol,,Uniswap V3 deployments,https://docs.uniswap.org/contracts/v3/reference/deployments/ethereum,official
ethereum,0x000000000004444c5dc75cb358380d2e3de08a90,Uniswap V4 PoolManager,protocol,,Uniswap V4 deployments,https://docs.uniswap.org/contracts/v4/deployments,official
ethereum,0xd1428ba554f4c8450b763a0b2040a4935c63f06c,Uniswap V4 PositionDescriptor,protocol,,Uniswap V4 deployments,https://docs.uniswap.org/contracts/v4/deployments,official
ethereum,0xbd216513d74c8cf14cf4747e6aaa6420ff64ee9e,Uniswap V4 PositionManager,protocol,,Uniswap V4 deployments,https://docs.uniswap.org/contracts/v4/deployments,official
ethereum,0x52f0e24d1c21c8a0cb1e5a5dd6198556bd9e1203,Uniswap V4 Quoter,protocol,,Uniswap V4 deployments,https://docs.uniswap.org/contracts/v4/deployments,official
ethereum,0x7ffe42c4a5deea5b0fec41c94c136cf115597227,Uniswap V4 StateView,protocol,,Uniswap V4 deployments,https://docs.uniswap.org/contracts/v4/deployments,official
ethereum,0xce24439f2d9c6a2289f741120fe202248b666666,United Stables,protocol,,Uniswap Labs Default token list,https://tokens.uniswap.org,official
ethereum,0xa0b86991c6218b36c1d19d4a2e9eb0ce3606eb48,USD Coin,protocol,,Uniswap default token list,https://tokens.uniswap.org,official
ethereum,0x4c9edd5852cd905f086c759e8383e09bff1e68b3,USDe,protocol,,Spark address registry (Ethena),https://github.com/sparkdotfi/spark-address-registry/blob/ad50b14f/src/Ethereum.sol,official
ethereum,0xdc035d45d973e3ec169d2276ddab16f1e407384f,USDS Stablecoin,protocol,,Uniswap Labs Default token list,https://tokens.uniswap.org,official
ethereum,0xc4441c2be5d8fa8126822b9929ca0b81ea0de38e,USUAL,protocol,,Uniswap Labs Default token list,https://tokens.uniswap.org,official
ethereum,0x8de5b80a0c1b02fe4976851d030b36122dbb8624,VANRY,protocol,,Uniswap Labs Default token list,https://tokens.uniswap.org,official
ethereum,0x44ff8620b8ca30902395a7bd3f2407e1a091bf73,Virtuals Protocol,protocol,,Uniswap Labs Default token list,https://tokens.uniswap.org,official
ethereum,0x3c4b6e6e1ea3d4863700d7f76b36b7f3d3f13e3d,Voyager Token,protocol,,Uniswap Labs Default token list,https://tokens.uniswap.org,official
ethereum,0xef4461891dfb3ac8572ccf7c794664a8dd927945,WalletConnect Token,protocol,,Uniswap Labs Default token list,https://tokens.uniswap.org,official
ethereum,0xc02aaa39b223fe8d0a0e5c4f27ead9083c756cc2,WETH,protocol,,public,https://github.com/gnosis/canonical-weth,official
ethereum,0x925206b8a707096ed26ae47c84747fe0bb734f59,WhiteBIT Coin,protocol,,Uniswap Labs Default token list,https://tokens.uniswap.org,official
ethereum,0x4691937a7508860f876c9c0a2a617e7d9e945d4b,WOO Network,protocol,,Uniswap Labs Default token list,https://tokens.uniswap.org,official
ethereum,0xda5e1988097297dcdc1f90d4dfe7909e847cbef6,World Liberty Financial,protocol,,Uniswap Labs Default token list,https://tokens.uniswap.org,official
ethereum,0x8d0d000ee44948fc98c9b98a4fa4921476f08b0d,World Liberty Financial USD,protocol,,Uniswap Labs Default token list,https://tokens.uniswap.org,official
ethereum,0xedb171c18ce90b633db442f2a6f72874093b49ef,Wrapped Ampleforth,protocol,,Uniswap Labs Default token list,https://tokens.uniswap.org,official
ethereum,0xf983da3ca66964c02628189ea8ca99fa9e24f66c,Wrapped Analog One Token,protocol,,Uniswap Labs Default token list,https://tokens.uniswap.org,official
ethereum,0x15334dcb171e8b65d6650321581dca83be870115,Wrapped BIND,protocol,,Wrapped Tokens token list,https://wrapped.tokensoft.eth.link,official
ethereum,0x2260fac5e5542a773aa44fbcfedf7c193bc2c599,Wrapped BTC,protocol,,Uniswap Labs Default token list,https://tokens.uniswap.org,official
ethereum,0xe452e6ea2ddeb012e20db73bf5d3863a3ac8d77a,Wrapped Celo,protocol,,Wrapped Tokens token list,https://wrapped.tokensoft.eth.link,official
ethereum,0xad3e3fc59dff318beceaab7d00eb4f68b1ecf195,Wrapped Celo Dollars,protocol,,Wrapped Tokens token list,https://wrapped.tokensoft.eth.link,official
ethereum,0xc221b7e65ffc80de234bbb6667abdd46593d34f0,Wrapped Centrifuge,protocol,,Uniswap Labs Default token list,https://tokens.uniswap.org,official
ethereum,0xa1f82e14bc09a1b42710df1a8a999b62f294e592,Wrapped CFX,protocol,,Wrapped Tokens token list,https://wrapped.tokensoft.eth.link,official
ethereum,0xa0afaa285ce85974c3c881256cb7f225e3a1178a,Wrapped CRES,protocol,,Wrapped Tokens token list,https://wrapped.tokensoft.eth.link,official
ethereum,0x09fe5f0236f0ea5d930197dce254d77b04128075,Wrapped CryptoKitties,protocol,,Wrapped Tokens token list,https://wrapped.tokensoft.eth.link,official
ethereum,0x29c8c00ec4d2aac7232d4b974707b850c1c28285,Wrapped DASH,protocol,,Wrapped Tokens token list,https://wrapped.tokensoft.eth.link,official
ethereum,0x123151402076fc819b7564510989e475c9cd93ca,Wrapped DGLD,protocol,,Wrapped Tokens token list,https://wrapped.tokensoft.eth.link,official
ethereum,0x6c28f8cab28121ed757edb36201511aa18cdd187,Wrapped FB,protocol,,Uniswap Labs Default token list,https://tokens.uniswap.org,official
ethereum,0x6e1a19f235be7ed8e3369ef73b196c07257494de,Wrapped FIL,protocol,,Wrapped Tokens token list,https://wrapped.tokensoft.eth.link,official
ethereum,0x4b7ee45f30767f36f06f79b32bf1fca6f726deda,Wrapped Filecoin,protocol,,Gemini Token List,https://www.gemini.com/uniswap/manifest.json,official
ethereum,0x53c4871322bb47e7a24136fce291a6dcc832a294,Wrapped Litecoin,protocol,,Wrapped Tokens token list,https://wrapped.tokensoft.eth.link,official
ethereum,0x0d438f3b5175bebc262bf23753c1e53d03432bde,Wrapped NXM,protocol,,Wrapped Tokens token list,https://wrapped.tokensoft.eth.link,official
ethereum,0xec0a0915a7c3443862b678b0d4721c7ab133fdcf,Wrapped Origin Axie,protocol,,Wrapped Tokens token list,https://wrapped.tokensoft.eth.link,official
ethereum,0x09b6a9e1dd102bd95b3dd5025bca3540ebf77982,Wrapped Ronin,protocol,,Uniswap Labs Default token list,https://tokens.uniswap.org,official
ethereum,0x219f4a1d142dfc564bd6e80c022cd29f3394a999,Wrapped Stellar,protocol,,Wrapped Tokens token list,https://wrapped.tokensoft.eth.link,official
ethereum,0xa3865e64121537b5b59b5e239db4acbe6f36aa74,Wrapped Tezos,protocol,,Wrapped Tokens token list,https://wrapped.tokensoft.eth.link,official
ethereum,0xf88506b0f1d30056b9e5580668d5875b9cd30f23,Wrapped Tokenlon,protocol,,Wrapped Tokens token list,https://wrapped.tokensoft.eth.link,official
ethereum,0xd4e7a6e7f9aa5909036338a3c4cd57319d613190,Wrapped Universa,protocol,,Wrapped Tokens token list,https://wrapped.tokensoft.eth.link,official
ethereum,0xa47c8bf37f92abed4a126bda807a7b7498661acd,Wrapped UST Token,protocol,,Wrapped Tokens token list,https://wrapped.tokensoft.eth.link,official
ethereum,0x5eb191d30665eab255b25ce797052878ddd3bb6f,Wrapped Zcoin,protocol,,Wrapped Tokens token list,https://wrapped.tokensoft.eth.link,official
ethereum,0x4a64515e5e1d1073e83f30cb97bed20400b66e10,Wrapped ZEC,protocol,,Wrapped Tokens token list,https://wrapped.tokensoft.eth.link,official
ethereum,0x70e8de73ce538da2beed35d14187f6959a8eca96,XSGD,protocol,,Uniswap Labs Default token list,https://tokens.uniswap.org,official
ethereum,0x55296f69f40ea6d20e478533c15a6b08b654e758,XYO Network,protocol,,Uniswap Labs Default token list,https://tokens.uniswap.org,official
ethereum,0x0bc529c00c6401aef6d220be8c6ea1667f6ad93e,yearn finance,protocol,,Uniswap Labs Default token list,https://tokens.uniswap.org,official
ethereum,0x41c84c0e2ee0b740cf0d31f63f3b6f627dc6b393,Yearn Wrapped Ether,protocol,,Wrapped Tokens token list,https://wrapped.tokensoft.eth.link,official
ethereum,0x01791f726b4103694969820be083196cc7c045ff,Yield Basis,protocol,,Uniswap Labs Default token list,https://tokens.uniswap.org,official
ethereum,0x25f8087ead173b73d6e8b84329989a8eea16cf73,Yield Guild Games,protocol,,Uniswap Labs Default token list,https://tokens.uniswap.org,official
ethereum,0xa12cc123ba206d4031d1c7f6223d1c2ec249f4f3,Zama,protocol,,Uniswap Labs Default token list,https://tokens.uniswap.org,official
ethereum,0xf091867ec603a6628ed83d274e835539d82e9cc8,Zetachain,protocol,,Uniswap Labs Default token list,https://tokens.uniswap.org,official
ethereum,0x66a5cfb2e9c529f14fe6364ad1075df3a649c0a5,ZK Token,protocol,,ZKsync L1 contracts,https://docs.zksync.io/zksync-network/environment/l1-contracts,official
ethereum,0xe1be424f442d0687129128c6c38aace44f8c8dbc,zkPass,protocol,,Uniswap Labs Default token list,https://tokens.uniswap.org,official
ethereum,0x0c0dc1171258694635aa50cec5845ac1031ca6d7,zkSync Era AllowList,protocol,,ZKsync L1 contracts,https://docs.zksync.io/zksync-network/environment/l1-contracts,official
ethereum,0xb91d905a698c28b73c61af60c63919b754fcf4de,zkSync Era Diamond Init,protocol,,ZKsync L1 contracts,https://docs.zksync.io/zksync-network/environment/l1-contracts,official
ethereum,0x32400084c286cf3e17e7b677ea9583e60a000324,zkSync Era Diamond Proxy,protocol,,ZKsync L1 contracts,https://docs.zksync.io/zksync-network/environment/l1-contracts,official
ethereum,0xe79a6d29bb0520648f25d11d65e29fb06b195f0f,zkSync Era Diamond Upgrade,protocol,,ZKsync L1 contracts,https://docs.zksync.io/zksync-network/environment/l1-contracts,official
ethereum,0xd059478a564df1353a54ac0d0e7fc55a90b92246,zkSync Era Executor Facet,protocol,,ZKsync L1 contracts,https://docs.zksync.io/zksync-network/environment/l1-contracts,official
ethereum,0xf3acf6a03ea4a914b78ec788624b25cec37c14a4,zkSync Era Getters Facet,protocol,,ZKsync L1 contracts,https://docs.zksync.io/zksync-network/environment/l1-contracts,official
ethereum,0x63b5ec36b09384ffa7106a80ec7cfdfca521fd08,zkSync Era Mailbox Facet,protocol,,ZKsync L1 contracts,https://docs.zksync.io/zksync-network/environment/l1-contracts,official
ethereum,0xa8cb082a5a689e0d594d7da1e2d72a3d63adc1bd,zkSync Era Validator Timelock,protocol,,ZKsync L1 contracts,https://docs.zksync.io/zksync-network/environment/l1-contracts,official
ethereum,0xb465882f67d236dcc0d090f78ebb0d838e9719d8,zkSync Era Verifier,protocol,,ZKsync L1 contracts,https://docs.zksync.io/zksync-network/environment/l1-contracts,official
ethereum,0x69a95185ee2a045cdc4bcd1b1df10710395e4e23,$Poolz Finance (POOLZ),protocol,,Etherscan label (octal mirror) / DeFi,https://etherscan.io/accounts/label/defi,community
ethereum,0x756bfb452cfe36a5bc82e4f5f4261a89a18c242b,(Wormhole) (),protocol,,Etherscan label / Bridge,https://etherscan.io/accounts/label/bridge,community
ethereum,0xb9f747162ab1e95d07361f9048bcdf6edda9eea7,(Wormhole) (),protocol,,Etherscan label / Bridge,https://etherscan.io/accounts/label/bridge,community
ethereum,0xe3adaa4fb7c92ab833ee08b3561d9c434aa2a3ee,(Wormhole) (),protocol,,Etherscan label / Bridge,https://etherscan.io/accounts/label/bridge,community
ethereum,0xe617dd80c621a5072bd8cba65e9d76c07327004d,(Wormhole) (),protocol,,Etherscan label / Bridge,https://etherscan.io/accounts/label/bridge,community
ethereum,0xda6d9fc5998f550a094585cf9171f0e8ee3ac59f,0x: Affiliate Fee Transformer,protocol,,Etherscan label / 0x,https://etherscan.io/accounts/label/0x-protocol,community
ethereum,0xdffe798c7172dd6deb32baee68af322e8f495ce0,0x: Asset Proxy Owner,protocol,,Etherscan label / 0x,https://etherscan.io/accounts/label/0x-protocol,community
ethereum,0xd4690a51044db77d91d7aa8f7a3a5ad5da331af0,0x: Broker V3,protocol,,Etherscan label / 0x,https://etherscan.io/accounts/label/0x-protocol,community
ethereum,0xe66b31678d6c16e9ebf358268a790b763c133750,0x: Coinbase Wallet Proxy,protocol,,Etherscan label / DEX,https://etherscan.io/accounts/label/dex,community
ethereum,0x45797531b873fd5e519477a070a955764c1a5b07,0x: Coordinator Registry V3,protocol,,Etherscan label / 0x,https://etherscan.io/accounts/label/0x-protocol,community
ethereum,0x38a795580d0f687e399913a00ddef6a17612c722,0x: Coordinator V3,protocol,,Etherscan label / 0x,https://etherscan.io/accounts/label/0x-protocol,community
ethereum,0xa3b2d1087bcebe59d188a23f75620612d967df72,0x: Deployer,protocol,,Etherscan label / 0x,https://etherscan.io/accounts/label/0x-protocol,community
ethereum,0x2d7dc2ef7c6f6a2cbc3dba4db97b2ddb40e20713,0x: Deployer 2,protocol,,Etherscan label / 0x,https://etherscan.io/accounts/label/0x-protocol,community
ethereum,0x3b39078f2a3e1512eecc8d6792fdc7f33e1cd2cf,0x: Deployer 3,protocol,,Etherscan label / 0x,https://etherscan.io/accounts/label/0x-protocol,community
ethereum,0xccc2431a7335f21d9268ba62f0b32b0f2efc463f,0x: Dev Utils,protocol,,Etherscan label / 0x,https://etherscan.io/accounts/label/0x-protocol,community
ethereum,0x74134cf88b21383713e096a5ecf59e297dc7f547,0x: Dev Utils 2,protocol,,Etherscan label / 0x,https://etherscan.io/accounts/label/0x-protocol,community
ethereum,0x161793cdca4ff9e766a706c2c49c36ac1340bbcd,0x: Dev Utils V3,protocol,,Etherscan label / 0x,https://etherscan.io/accounts/label/0x-protocol,community
ethereum,0x0ac2d6f5f5afc669d3ca38f830dad2b4f238ad3f,0x: Eth2Dai Bridge,protocol,,Etherscan label / Bridge,https://etherscan.io/accounts/label/bridge,community
ethereum,0xf740b67da229f2f10bcbd38a7979992fcc71b8eb,0x: Exchange Proxy Allowance Target,protocol,,Etherscan label / 0x,https://etherscan.io/accounts/label/0x-protocol,community
ethereum,0x22f9dcf4647084d6c31b2765f6910cd85c178c18,0x: Exchange Proxy Flash Wallet,protocol,,Etherscan label / 0x,https://etherscan.io/accounts/label/0x-protocol,community
ethereum,0x618f9c67ce7bf1a50afa1e7e0238422601b0ff6e,0x: Exchange Proxy Governor,protocol,,Etherscan label / 0x,https://etherscan.io/accounts/label/0x-protocol,community
ethereum,0x407b4128e9ecad8769b2332312a9f655cb9f5f3a,0x: Exchange Proxy Liquidity Provider Sandbox,protocol,,Etherscan label / 0x,https://etherscan.io/accounts/label/0x-protocol,community
ethereum,0x39dce47a67ad34344eab877eae3ef1fa2a1d50bb,0x: Exchange Proxy Transformer Deployer,protocol,,Etherscan label / 0x,https://etherscan.io/accounts/label/0x-protocol,community
ethereum,0x12459c951127e0c374ff9105dda097662a027093,0x: Exchange v1,protocol,,Etherscan label / 0x,https://etherscan.io/accounts/label/0x-protocol,community
ethereum,0x080bf510fcbf18b91105470639e9561022937712,0x: Exchange v2.1,protocol,,Etherscan label / 0x,https://etherscan.io/accounts/label/0x-protocol,community
ethereum,0x61935cbdd02287b511119ddb11aeb42f1593b7ef,0x: Exchange v3,protocol,,Etherscan label / 0x,https://etherscan.io/accounts/label/0x-protocol,community
ethereum,0xb4fa284689c9784a60d840eb136bb16c5246191f,0x: Fill Quote Transformer,protocol,,Etherscan label / 0x,https://etherscan.io/accounts/label/0x-protocol,community
ethereum,0xa3ac9844514b96bb502627ca9dceb57c4be289e3,0x: Forwarder 2,protocol,,Etherscan label / 0x,https://etherscan.io/accounts/label/0x-protocol,community
ethereum,0x6958f5e95332d93d21af0d7b9ca85b8212fee0a5,0x: Forwarder V3,protocol,,Etherscan label / 0x,https://etherscan.io/accounts/label/0x-protocol,community
ethereum,0x7d3455421bbc5ed534a83c88fd80387dc8271392,0x: Governor V3,protocol,,Etherscan label / 0x,https://etherscan.io/accounts/label/0x-protocol,community
ethereum,0xef701d5389ae74503d633396c4d654eabedc9d78,0x: Multi Asset Proxy V3,protocol,,Etherscan label / 0x,https://etherscan.io/accounts/label/0x-protocol,community
ethereum,0x606af0bd4501855914b50e2672c5926b896737ef,0x: MultiSig,protocol,,Etherscan label / 0x,https://etherscan.io/accounts/label/0x-protocol,community
ethereum,0x01d9f4d104668cdc0b6d13c45dff5e15d58d8f28,0x: MultiSig 2,protocol,,Etherscan label / 0x,https://etherscan.io/accounts/label/0x-protocol,community
ethereum,0x17992e4ffb22730138e4b62aaa6367fa9d3699a6,0x: Old Asset Proxy Owner,protocol,,Etherscan label / 0x,https://etherscan.io/accounts/label/0x-protocol,community
ethereum,0x4f833a24e1f95d70f028921e27040ca56e09ab0b,0x: Old Exchange v2.0,protocol,,Etherscan label / 0x,https://etherscan.io/accounts/label/0x-protocol,community
ethereum,0x7afc2d5107af94c462a194d2c21b5bdd238709d6,0x: Old Forwarder,protocol,,Etherscan label / 0x,https://etherscan.io/accounts/label/0x-protocol,community
ethereum,0x5468a1dc173652ee28d249c271fa9933144746b1,0x: Old Forwarder 2,protocol,,Etherscan label / 0x,https://etherscan.io/accounts/label/0x-protocol,community
ethereum,0xdc4587cb17d2a1829512e2cfec621f8066290e6a,0x: Old Forwarder 3,protocol,,Etherscan label / 0x,https://etherscan.io/accounts/label/0x-protocol,community
ethereum,0x9463e518dea6810309563c81d5266c1b1d149138,0x: Old Order Validator,protocol,,Etherscan label / 0x,https://etherscan.io/accounts/label/0x-protocol,community
ethereum,0xa09329c6003c9a5402102e226417738ee22cf1f2,0x: Order Validator,protocol,,Etherscan label / 0x,https://etherscan.io/accounts/label/0x-protocol,community
ethereum,0x4638a7ebe75b911b995d0ec73a81e4f85f41f24e,0x: Pay Taker Transformer,protocol,,Etherscan label / 0x,https://etherscan.io/accounts/label/0x-protocol,community
ethereum,0xa9416ce1dbde8d331210c07b5c253d94ee4cc3fd,0x: Positive Slippage Fee Transformer,protocol,,Etherscan label / 0x,https://etherscan.io/accounts/label/0x-protocol,community
ethereum,0x2a17c35ff147b32f13f19f2e311446eeb02503f3,0x: Staking,protocol,,Etherscan label / 0x,https://etherscan.io/accounts/label/0x-protocol,community
ethereum,0xa26e80e7dea86279c6d778d702cc413e6cffa777,0x: Staking Proxy V3,protocol,,Etherscan label / 0x,https://etherscan.io/accounts/label/0x-protocol,community
ethereum,0x3517b88c19508c08650616019062b898ab65ed29,0x: Static Call Proxy V3,protocol,,Etherscan label / 0x,https://etherscan.io/accounts/label/0x-protocol,community
ethereum,0xdb63d40c033d35e79cdbb21430f0fe10e9d97303,0x: Team Vesting,protocol,,Etherscan label / 0x,https://etherscan.io/accounts/label/0x-protocol,community
ethereum,0x926a74c5c36adf004c87399e65f75628b0f98d2c,0x: Token Registry,protocol,,Etherscan label / 0x,https://etherscan.io/accounts/label/0x-protocol,community
ethereum,0xd4fd252d7d2c9479a8d616f510eac6243b5dddf9,0x: Token Sale,protocol,,Etherscan label / 0x,https://etherscan.io/accounts/label/0x-protocol,community
ethereum,0x8da0d80f5007ef1e431dd2127178d224e32c2ef4,0x: Token Transfer Proxy,protocol,,Etherscan label / 0x,https://etherscan.io/accounts/label/0x-protocol,community
ethereum,0xa6baaed2053058a3c8f11e0c7a9716304454b09e,0x: Uniswap Bridge,protocol,,Etherscan label / Bridge,https://etherscan.io/accounts/label/bridge,community
ethereum,0x06adaff9c864eb59ade310bc21150a8f4d5d4ab4,0x: WBTC Merchant Deposit Address,protocol,,Etherscan label / 0x,https://etherscan.io/accounts/label/0x-protocol,community
ethereum,0xb2bc06a4efb20fc6553a69dbfa49b7be938034a7,0x: WETH Transformer,protocol,,Etherscan label / 0x,https://etherscan.io/accounts/label/0x-protocol,community
ethereum,0xba7f8b5fb1b19c1211c5d49550fcd149177a5eaf,0x: ZRX Vault V3,protocol,,Etherscan label / 0x,https://etherscan.io/accounts/label/0x-protocol,community
ethereum,0x96e471b5945373de238963b4e032d3574be4d195,0xHabitat: Rollup Bridge,protocol,,Etherscan label / Bridge,https://etherscan.io/accounts/label/bridge,community
ethereum,0x7ff4169a6b5122b664c51c95727d87750ec07c84,10Set Token (10SET),protocol,,Etherscan label (octal mirror) / DeFi,https://etherscan.io/accounts/label/defi,community
ethereum,0x5e89f8d81c74e311458277ea1be3d3247c7cd7d1,1inch Foundation: Multisig,protocol,,Etherscan label / 1inch,https://etherscan.io/accounts/label/1inch,community
ethereum,0xbaf9a5d4b0052359326a6cdab54babaa3a3a9643,1inch Liquidity Protocol: Factory Contract,protocol,,Etherscan label / 1inch,https://etherscan.io/accounts/label/1inch,community
ethereum,0x03d1b1a56708fa298198dd5e23651a29b76a16d2,1INCH Token (Vested),protocol,,Etherscan label / DEX,https://etherscan.io/accounts/label/dex,community
ethereum,0x111111125434b319222cdbf8c261674adb56f3ae,1inch v2: Aggregation Router,protocol,,Etherscan label / DEX,https://etherscan.io/accounts/label/dex,community
ethereum,0x11111112542d85b3ef69ae05771c2dccff4faa26,1inch v3: Aggregation Router,protocol,,Etherscan label / 1inch,https://etherscan.io/accounts/label/1inch,community
ethereum,0x1111111254fb6c44bac0bed2854e76f90643097d,1inch v4: Aggregation Router,protocol,,Etherscan label / DEX,https://etherscan.io/accounts/label/dex,community
ethereum,0x220bda5c8994804ac96ebe4df184d25e5c2196d4,1inch: Aggregation Executor,protocol,,Etherscan label / 1inch,https://etherscan.io/accounts/label/1inch,community
ethereum,0xf2f400c138f9fb900576263af0bc7fcde2b1b8a8,1inch: Aggregation Executor 1,protocol,,Etherscan label / 1inch,https://etherscan.io/accounts/label/1inch,community
ethereum,0x288931fa76d7b0482f0fd0bca9a50bf0d22b9fef,1inch: Aggregation Executor 2,protocol,,Etherscan label / 1inch,https://etherscan.io/accounts/label/1inch,community
ethereum,0xe295ad71242373c37c5fda7b57f26f9ea1088afe,1inch: Airdrop,protocol,,Etherscan label / 1inch,https://etherscan.io/accounts/label/1inch,community
ethereum,0xaccfac2339e16dc80c50d2fa81b5c2b049b4f947,1inch: Delegate Resolver,protocol,,Etherscan label / 1inch,https://etherscan.io/accounts/label/1inch,community
ethereum,0x5fe3b8b19949c04da3f578c6468f3d444cd7a9bb,1inch: Deployer,protocol,,Etherscan label / 1inch,https://etherscan.io/accounts/label/1inch,community
ethereum,0x7e1e3334130355799f833ffec2d731bca3e68af6,1inch: Deployer 2,protocol,,Etherscan label / 1inch,https://etherscan.io/accounts/label/1inch,community
ethereum,0xae00455eac003408a2f10e895fbc6c6445535d56,1inch: Deployer 3,protocol,,Etherscan label / 1inch,https://etherscan.io/accounts/label/1inch,community
ethereum,0x11799622f4d98a24514011e8527b969f7488ef47,1inch: Deployer 4,protocol,,Etherscan label / 1inch,https://etherscan.io/accounts/label/1inch,community
ethereum,0x11111254369792b2ca5d084ab5eea397ca8fa48b,1inch: Exchange 2,protocol,,Etherscan label / DEX,https://etherscan.io/accounts/label/dex,community
ethereum,0x84d99aa569d93a9ca187d83734c8c4a519c4e9b1,1inch: Labs Resolver,protocol,,Etherscan label / DEX,https://etherscan.io/accounts/label/dex,community
ethereum,0x119c71d3bbac22029622cbaec24854d3d32d2828,1inch: Limit Order Protocol V2,protocol,,Etherscan label / 1inch,https://etherscan.io/accounts/label/1inch,community
ethereum,0x86b8eeb45b384219819b0c394b051148b021a875,1inch: Multisig,protocol,,Etherscan label / 1inch,https://etherscan.io/accounts/label/1inch,community
ethereum,0xd47140f6ab73f6d6b6675fb1610bb5e9b5d96fe5,1inch: Old Router V2,protocol,,Etherscan label / DEX,https://etherscan.io/accounts/label/dex,community
ethereum,0xbf4543819ecede56220bcb1e8c1bba9ef290a58a,1inch: Resolver information,protocol,,Etherscan label / 1inch,https://etherscan.io/accounts/label/1inch,community
ethereum,0xe069cb01d06ba617bcdf789bf2ff0d5e5ca20c71,1inch: Router 2,protocol,,Etherscan label / DEX,https://etherscan.io/accounts/label/dex,community
ethereum,0xa88800cd213da5ae406ce248380802bd53b47647,1inch: Settlement,protocol,,Etherscan label / DEX,https://etherscan.io/accounts/label/dex,community
ethereum,0x07d91f5fb9bf7798734c3f606db065549f6893bb,1inch: Spot Price Aggregator,protocol,,Etherscan label / 1inch,https://etherscan.io/accounts/label/1inch,community
ethereum,0x1a87c0f9cca2f0926a155640e8958a8a6b0260be,1inch: Staking farm,protocol,,Etherscan label / 1inch,https://etherscan.io/accounts/label/1inch,community
ethereum,0x225d3822de44e58ee935440e0c0b829c4232086e,1inch: Team Investment Fund Collection,protocol,,Etherscan label / 1inch,https://etherscan.io/accounts/label/1inch,community
ethereum,0x7951c7ef839e26f63da87a42c9a87986507f1c07,1inch: Treasury,protocol,,Etherscan label / 1inch,https://etherscan.io/accounts/label/1inch,community
ethereum,0xcb8308fcb7bc2f84ed1bea2c016991d34de5cc77,1inch: Whitelist,protocol,,Etherscan label / 1inch,https://etherscan.io/accounts/label/1inch,community
ethereum,0xf779bdde38c39138dcaf1514b8a6b8a6c165642d,1inch: Whitelist info,protocol,,Etherscan label / 1inch,https://etherscan.io/accounts/label/1inch,community
ethereum,0x0f72714b35a366285df85886a2ee174601292a17,1SG (1SG),protocol,,Etherscan label / Stablecoin,https://etherscan.io/accounts/label/stablecoin,community
ethereum,0x009178997aff09a67d4caccfeb897fb79d036214,1sol.io (1SOL),protocol,,Etherscan label (octal mirror) / DeFi,https://etherscan.io/accounts/label/defi,community
ethereum,0xd0434503c8ec962ae53e0fb085f00e440728620e,22hrs (22hrs),protocol,,Etherscan label (octal mirror) / DeFi,https://etherscan.io/accounts/label/defi,community
ethereum,0xa4d9c768e1c6cabb127a6326c0668b49235639e8,2x Wrapped USD (2xUSD),protocol,,Etherscan label (octal mirror) / DeFi,https://etherscan.io/accounts/label/defi,community
ethereum,0x96cf107e446a6e528ffd045f4eb6dff3cdb6a666,3XT TOKEN (3XT),protocol,,Etherscan label / DEX,https://etherscan.io/accounts/label/dex,community
ethereum,0x36c6b0e43e43717890197a1d49d05eb3e5bed329,4Chan500 (4CH5),protocol,,Etherscan label (octal mirror) / DeFi,https://etherscan.io/accounts/label/defi,community
ethereum,0x0473f6ea742448ec9433b87ac410d79c08198abe,5x Wrapped USD (5xUSD),protocol,,Etherscan label (octal mirror) / DeFi,https://etherscan.io/accounts/label/defi,community
ethereum,0x8a0cc55c455bf83fed5549f1631d98f4505fc142,7Day.finance (7Day),protocol,,Etherscan label (octal mirror) / DeFi,https://etherscan.io/accounts/label/defi,community
ethereum,0xe1ca8fb551830c1bbb74d642454468b530629c1d,7seven Finance (SVN),protocol,,Etherscan label (octal mirror) / DeFi,https://etherscan.io/accounts/label/defi,community
ethereum,0x8888801af4d980682e47f1a9036e589479e835c5,88mph.app (MPH),protocol,,Etherscan label (octal mirror) / DeFi,https://etherscan.io/accounts/label/defi,community
ethereum,0x9767203e89dcd34851240b3919d4900d3e5069f1,A4 (A4),protocol,,Etherscan label (octal mirror) / DeFi,https://etherscan.io/accounts/label/defi,community
ethereum,0xd24946147829deaa935be2ad85a3291dbf109c80,Aave AMM Market USDC (aAmmUSDC),protocol,,Etherscan label (octal mirror) / Aave,https://etherscan.io/accounts/label/aave,community
ethereum,0x6ee0f7bb50a54ab5253da0667b0dc2ee526c30a8,Aave Interest bearing Binance USD (aBUSD),protocol,,Etherscan label (octal mirror) / DeFi,https://etherscan.io/accounts/label/defi,community
ethereum,0xba3d9687cf50fe253cd2e1cfeede1d6787344ed5,Aave: aAAVE Token V1,protocol,,Etherscan label / Aave,https://etherscan.io/accounts/label/aave,community
ethereum,0xffc97d72e13e01096502cb8eb52dee56f74dad7b,Aave: aAAVE Token V2,protocol,,Etherscan label / Aave,https://etherscan.io/accounts/label/aave,community
ethereum,0xd109b2a304587569c84308c55465cd9ff0317bfb,Aave: aAmmBptBALWETH Token V2,protocol,,Etherscan label / Aave,https://etherscan.io/accounts/label/aave,community
ethereum,0x358bd0d980e031e23eba9aa793926857703783bd,Aave: aAmmBptWBTCWETH Token V2,protocol,,Etherscan label / Aave,https://etherscan.io/accounts/label/aave,community
ethereum,0x79be75ffc64dd58e66787e4eae470c8a1fd08ba4,AAVE: aAmmDAI Token V2,protocol,,Etherscan label / Aave,https://etherscan.io/accounts/label/aave,community
ethereum,0xe59d2ff6995a926a574390824a657eed36801e55,Aave: aAmmUniAAVEWETH Token V2,protocol,,Etherscan label / Aave,https://etherscan.io/accounts/label/aave,community
ethereum,0xa1b0edf4460cc4d8bfaa18ed871bff15e5b57eb4,Aave: aAmmUniBATWETH Token V2,protocol,,Etherscan label / Aave,https://etherscan.io/accounts/label/aave,community
ethereum,0x0ea20e7ffb006d4cfe84df2f72d8c7bd89247db0,Aave: aAmmUniCRVWETH Token V2,protocol,,Etherscan label / Aave,https://etherscan.io/accounts/label/aave,community
ethereum,0xe340b25fe32b1011616bb8ec495a4d503e322177,Aave: aAmmUniDAIUSDC Token V2,protocol,,Etherscan label / Aave,https://etherscan.io/accounts/label/aave,community
ethereum,0x9303eabc860a743aabcc3a1629014cabcc3f8d36,Aave: aAmmUniDAIWETH Token V2,protocol,,Etherscan label / Aave,https://etherscan.io/accounts/label/aave,community
ethereum,0xb8db81b84d30e2387de0ff330420a4aaa6688134,Aave: aAmmUniLINKWETH Token V2,protocol,,Etherscan label / Aave,https://etherscan.io/accounts/label/aave,community
ethereum,0x370adc71f67f581158dc56f539df5f399128ddf9,Aave: aAmmUniMKRWETH Token V2,protocol,,Etherscan label / Aave,https://etherscan.io/accounts/label/aave,community
ethereum,0xa9e201a4e269d6cd5e9f0fcbcb78520cf815878b,Aave: aAmmUniRENWETH Token V2,protocol,,Etherscan label / Aave,https://etherscan.io/accounts/label/aave,community
ethereum,0x38e491a71291cd43e8de63b7253e482622184894,Aave: aAmmUniSNXWETH Token V2,protocol,,Etherscan label / Aave,https://etherscan.io/accounts/label/aave,community
ethereum,0x3d26dcd840fcc8e4b2193ace8a092e4a65832f9f,Aave: aAmmUniUNIWETH Token V2,protocol,,Etherscan label / Aave,https://etherscan.io/accounts/label/aave,community
ethereum,0x391e86e2c002c70dee155eaceb88f7a3c38f5976,Aave: aAmmUniUSDCWETH Token V2,protocol,,Etherscan label / Aave,https://etherscan.io/accounts/label/aave,community
ethereum,0x2365a4890ed8965e564b7e2d27c38ba67fec4c6f,Aave: aAmmUniWBTCUSDC Token V2,protocol,,Etherscan label / Aave,https://etherscan.io/accounts/label/aave,community
ethereum,0xc58f53a8adff2fb4eb16ed56635772075e2ee123,Aave: aAmmUniWBTCWETH Token V2,protocol,,Etherscan label / Aave,https://etherscan.io/accounts/label/aave,community
ethereum,0x5394794be8b6ed5572fcd6b27103f46b5f390e8f,Aave: aAmmUniYFIWETH Token V2,protocol,,Etherscan label / Aave,https://etherscan.io/accounts/label/aave,community
ethereum,0x17a79792fe6fe5c95dfe95fe3fcee3caf4fe4cb7,Aave: aAmmUSDT Token V2,protocol,,Etherscan label / Aave,https://etherscan.io/accounts/label/aave,community
ethereum,0x13b2f6928d7204328b0e8e4bcd0379aa06ea21fa,Aave: aAmmWBTC Token V2,protocol,,Etherscan label / Aave,https://etherscan.io/accounts/label/aave,community
ethereum,0xf9fb4ad91812b704ba883b11d2b576e890a6730a,Aave: aAmmWETH Token V2,protocol,,Etherscan label / Aave,https://etherscan.io/accounts/label/aave,community
ethereum,0x1e6bb68acec8fefbd87d192be09bb274170a0548,Aave: aAMPL Token V2,protocol,,Etherscan label / Aave,https://etherscan.io/accounts/label/aave,community
ethereum,0xf7dba49d571745d9d7fcb56225b05bea803ebf3c,Aave: Aave Variable Debt V2,protocol,,Etherscan label / Aave,https://etherscan.io/accounts/label/aave,community
ethereum,0x272f97b7a56a387ae942350bbc7df5700f8a4576,Aave: aBAL Token V2,protocol,,Etherscan label / Aave,https://etherscan.io/accounts/label/aave,community
ethereum,0xe1ba0fb44ccb0d11b80f92f4f8ed94ca3ff51d00,Aave: aBAT Token V1,protocol,,Etherscan label / Aave,https://etherscan.io/accounts/label/aave,community
ethereum,0x05ec93c0365baaeabf7aeffb0972ea7ecdd39cf1,Aave: aBAT Token V2,protocol,,Etherscan label / Aave,https://etherscan.io/accounts/label/aave,community
ethereum,0x41a08648c3766f9f9d85598ff102a08f4ef84f84,Aave: ABPT Token,protocol,,Etherscan label / Aave,https://etherscan.io/accounts/label/aave,community
ethereum,0xa361718326c15715591c299427c62086f69923d9,Aave: aBUSD Token V2,protocol,,Etherscan label / Aave,https://etherscan.io/accounts/label/aave,community
ethereum,0x8dae6cb04688c62d939ed9b68d32bc62e49970b1,Aave: aCRV Token V2,protocol,,Etherscan label / Aave,https://etherscan.io/accounts/label/aave,community
ethereum,0xfc1e690f61efd961294b3e1ce3313fbd8aa4f85d,Aave: aDAI Token V1,protocol,,Etherscan label / Aave,https://etherscan.io/accounts/label/aave,community
ethereum,0x028171bca77440897b824ca71d1c56cac55b68a3,Aave: aDAI Token V2,protocol,,Etherscan label / Aave,https://etherscan.io/accounts/label/aave,community
ethereum,0x712db54daa836b53ef1ecbb9c6ba3b9efb073f40,Aave: aENJ Token V1,protocol,,Etherscan label / Aave,https://etherscan.io/accounts/label/aave,community
ethereum,0xac6df26a590f08dcc95d5a4705ae8abbc88509ef,Aave: aENJ Token V2,protocol,,Etherscan label / Aave,https://etherscan.io/accounts/label/aave,community
ethereum,0x3a3a65aab0dd2a17e3f1947ba16138cd37d08c04,Aave: aETH Token,protocol,,Etherscan label / Aave,https://etherscan.io/accounts/label/aave,community
ethereum,0xd37ee7e4f452c6638c96536e68090de8cbcdb583,Aave: aGUSD Token V2,protocol,,Etherscan label / Aave,https://etherscan.io/accounts/label/aave,community
ethereum,0x9d91be44c06d373a8a226e1f3b146956083803eb,Aave: aKNC Token V1,protocol,,Etherscan label / Aave,https://etherscan.io/accounts/label/aave,community
ethereum,0x39c6b3e42d6a679d7d776778fe880bc9487c2eda,Aave: aKNC Token V2,protocol,,Etherscan label / Aave,https://etherscan.io/accounts/label/aave,community
ethereum,0x7d2d3688df45ce7c552e19c27e007673da9204b8,Aave: aLEND Token,protocol,,Etherscan label / Aave,https://etherscan.io/accounts/label/aave,community
ethereum,0xa64bd6c70cb9051f6a9ba1f163fdc07e0dfb5f84,Aave: aLINK Token V1,protocol,,Etherscan label / Aave,https://etherscan.io/accounts/label/aave,community
ethereum,0xa06bc25b5805d5f8d82847d191cb4af5a3e873e0,Aave: aLINK Token V2,protocol,,Etherscan label / Aave,https://etherscan.io/accounts/label/aave,community
ethereum,0x6fce4a401b6b80ace52baaefe4421bd188e76f6f,Aave: aMANA Token V1,protocol,,Etherscan label / Aave,https://etherscan.io/accounts/label/aave,community
ethereum,0xa685a61171bb30d4072b338c80cb7b2c865c873e,Aave: aMANA Token V2,protocol,,Etherscan label / Aave,https://etherscan.io/accounts/label/aave,community
ethereum,0x7deb5e830be29f91e298ba5ff1356bb7f8146998,Aave: aMKR Token V1,protocol,,Etherscan label / Aave,https://etherscan.io/accounts/label/aave,community
ethereum,0xc713e5e149d5d0715dcd1c156a020976e7e56b88,Aave: aMKR Token V2,protocol,,Etherscan label / Aave,https://etherscan.io/accounts/label/aave,community
ethereum,0x9a8ca7e1d64afff2664443b3803f280345f5336b,Aave: AMPL Interest Rate Strategy V2,protocol,,Etherscan label / Aave,https://etherscan.io/accounts/label/aave,community
ethereum,0xf013d90e4e4e3baf420dfea60735e75dbd42f1e1,Aave: AMPL Variable Debt V2,protocol,,Etherscan label / Aave,https://etherscan.io/accounts/label/aave,community
ethereum,0x2e8f4bdbe3d47d7d7de490437aea9915d930f1a3,Aave: aPAX Token V2,protocol,,Etherscan label / Aave,https://etherscan.io/accounts/label/aave,community
ethereum,0xc9bc48c72154ef3e5425641a3c747242112a46af,Aave: aRAI Token V2,protocol,,Etherscan label / Aave,https://etherscan.io/accounts/label/aave,community
ethereum,0x69948cc03f478b95283f7dbf1ce764d0fc7ec54c,Aave: aREN Token V1,protocol,,Etherscan label / Aave,https://etherscan.io/accounts/label/aave,community
ethereum,0xcc12abe4ff81c9378d670de1b57f8e0dd228d77a,Aave: aREN Token V2,protocol,,Etherscan label / Aave,https://etherscan.io/accounts/label/aave,community
ethereum,0x514cd6756ccbe28772d4cb81bc3156ba9d1744aa,Aave: aRENFIL Token,protocol,,Etherscan label / Aave,https://etherscan.io/accounts/label/aave,community
ethereum,0x71010a9d003445ac60c4e6a7017c1e89a477b438,Aave: aREP Token,protocol,,Etherscan label / Aave,https://etherscan.io/accounts/label/aave,community
ethereum,0x328c4c80bc7aca0834db37e6600a6c49e12da4de,Aave: aSNX Token V1,protocol,,Etherscan label / Aave,https://etherscan.io/accounts/label/aave,community
ethereum,0x35f6b052c598d933d69a4eec4d04c73a191fe6c2,Aave: aSNX Token V2,protocol,,Etherscan label / Aave,https://etherscan.io/accounts/label/aave,community
ethereum,0x625ae63000f46200499120b906716420bd059240,Aave: aSUSD Token V1,protocol,,Etherscan label / Aave,https://etherscan.io/accounts/label/aave,community
ethereum,0x6c5024cd4f8a59110119c56f8933403a539555eb,Aave: aSUSD Token V2,protocol,,Etherscan label / Aave,https://etherscan.io/accounts/label/aave,community
ethereum,0x4da9b813057d04baef4e5800e36083717b4a0341,Aave: aTUSD Token V1,protocol,,Etherscan label / Aave,https://etherscan.io/accounts/label/aave,community
ethereum,0x101cc05f4a51c0319f570d5e146a8c625198e636,Aave: aTUSD Token V2,protocol,,Etherscan label / Aave,https://etherscan.io/accounts/label/aave,community
ethereum,0xb124541127a0a657f056d9dd06188c4f1b0e5aab,Aave: aUNI Token V1,protocol,,Etherscan label / Aave,https://etherscan.io/accounts/label/aave,community
ethereum,0xb9d7cb55f463405cdfbe4e90a6d2df01c2b92bf1,Aave: aUNI Token V2,protocol,,Etherscan label / Aave,https://etherscan.io/accounts/label/aave,community
ethereum,0x9ba00d6856a4edf4665bca2c2309936572473b7e,Aave: aUSDC Token V1,protocol,,Etherscan label / Aave,https://etherscan.io/accounts/label/aave,community
ethereum,0xbcca60bb61934080951369a648fb03df4f96263c,Aave: aUSDC Token V2,protocol,,Etherscan label / Aave,https://etherscan.io/accounts/label/aave,community
ethereum,0x71fc860f7d3a592a4a98740e39db31d25db65ae8,Aave: aUSDT Token V1,protocol,,Etherscan label / Aave,https://etherscan.io/accounts/label/aave,community
ethereum,0x3ed3b47dd13ec9a98b44e6204a523e766b225811,Aave: aUSDT Token V2,protocol,,Etherscan label / Aave,https://etherscan.io/accounts/label/aave,community
ethereum,0xfc4b8ed459e00e5400be803a9bb3954234fd50e3,Aave: aWBTC Token V1,protocol,,Etherscan label / Aave,https://etherscan.io/accounts/label/aave,community
ethereum,0x9ff58f4ffb29fa2266ab25e75e2a8b3503311656,Aave: aWBTC Token V2,protocol,,Etherscan label / Aave,https://etherscan.io/accounts/label/aave,community
ethereum,0x030ba81f1c18d280636f32af80b9aad02cf0854e,Aave: aWETH Token V2,protocol,,Etherscan label / Aave,https://etherscan.io/accounts/label/aave,community
ethereum,0xf256cc7847e919fac9b808cc216cac87ccf2f47a,Aave: aXSUSHI Token V2,protocol,,Etherscan label / Aave,https://etherscan.io/accounts/label/aave,community
ethereum,0x12e51e77daaa58aa0e9247db7510ea4b46f9bead,Aave: aYFI Token V1,protocol,,Etherscan label / Aave,https://etherscan.io/accounts/label/aave,community
ethereum,0x5165d24277cd063f5ac44efd447b27025e888f37,Aave: aYFI Token V2,protocol,,Etherscan label / Aave,https://etherscan.io/accounts/label/aave,community
ethereum,0x6fb0855c404e09c47c3fbca25f08d4e41f9f062f,Aave: aZRX Token V1,protocol,,Etherscan label / Aave,https://etherscan.io/accounts/label/aave,community
ethereum,0xdf7ff54aacacbff42dfe29dd6144a69b629f8c9e,Aave: aZRX Token V2,protocol,,Etherscan label / Aave,https://etherscan.io/accounts/label/aave,community
ethereum,0xfc0eace19aa7498e0f36ef1607d282a8d6debbdd,Aave: BAL Interest Rate Strategy V2,protocol,,Etherscan label / Aave,https://etherscan.io/accounts/label/aave,community
ethereum,0x13210d4fe0d5402bd7ecbc4b5bc5cfca3b71adb0,Aave: BAL Variable Debt V2,protocol,,Etherscan label / Aave,https://etherscan.io/accounts/label/aave,community
ethereum,0xbdfc85b140edf1feafd6ed664027aa4c23b4a29f,Aave: BAT Interest Rate Strategy V2,protocol,,Etherscan label / Aave,https://etherscan.io/accounts/label/aave,community
ethereum,0x277f8676facf4daa5a6ea38ba511b7f65aa02f9f,Aave: BAT Stable Debt V2,protocol,,Etherscan label / Aave,https://etherscan.io/accounts/label/aave,community
ethereum,0xfc218a6dfe6901cb34b1a5281fc6f1b8e7e56877,Aave: BAT Variable Debt V2,protocol,,Etherscan label / Aave,https://etherscan.io/accounts/label/aave,community
ethereum,0x26d40544447f68a3de69005822195549934624b9,Aave: BUSD Interest Rate Strategy V2,protocol,,Etherscan label / Aave,https://etherscan.io/accounts/label/aave,community
ethereum,0x4a7a63909a72d268b1d8a93a9395d098688e0e5c,Aave: BUSD Stable Debt V2,protocol,,Etherscan label / Aave,https://etherscan.io/accounts/label/aave,community
ethereum,0xba429f7011c9fa04cdd46a2da24dc0ff0ac6099c,Aave: BUSD Variable Debt V2,protocol,,Etherscan label / Aave,https://etherscan.io/accounts/label/aave,community
ethereum,0x9288059a74f589c919c7cf1db433251cdfeb874b,Aave: CRV Stable Debt V2,protocol,,Etherscan label / Aave,https://etherscan.io/accounts/label/aave,community
ethereum,0x00ad8ebf64f141f1c81e9f8f792d3d1631c6c684,Aave: CRV Variable Debt V2,protocol,,Etherscan label / Aave,https://etherscan.io/accounts/label/aave,community
ethereum,0xfffe32106a68aa3ed39ccce673b646423eeab62a,Aave: DAI Interest Rate Strategy V2,protocol,,Etherscan label / Aave,https://etherscan.io/accounts/label/aave,community
ethereum,0x778a13d3eeb110a4f7bb6529f99c000119a08e92,Aave: DAI Stable Debt V2,protocol,,Etherscan label / Aave,https://etherscan.io/accounts/label/aave,community
ethereum,0x6c3c78838c761c6ac7be9f59fe808ea2a6e4379d,Aave: DAI Variable Debt V2,protocol,,Etherscan label / Aave,https://etherscan.io/accounts/label/aave,community
ethereum,0xfe1a6056ee03235f30f7a48407a5673bbf25ed48,Aave: Deployer,protocol,,Etherscan label / Aave,https://etherscan.io/accounts/label/aave,community
ethereum,0x2fbb0c60a41cb7ea5323071624dcead3d213d0fa,Aave: Deployer 2,protocol,,Etherscan label / Aave,https://etherscan.io/accounts/label/aave,community
ethereum,0x51f22ac850d29c879367a77d241734acb276b815,Aave: Deployer 3,protocol,,Etherscan label / Aave,https://etherscan.io/accounts/label/aave,community
ethereum,0x25f2226b597e8f9514b3f68f00f494cf4f286491,Aave: Ecosystem Reserve,protocol,,Etherscan label / Aave,https://etherscan.io/accounts/label/aave,community
ethereum,0x4a4fb6b26e7f516594b7242240039ea8faac897a,Aave: ENJ Interest Rate Strategy V2,protocol,,Etherscan label / Aave,https://etherscan.io/accounts/label/aave,community
ethereum,0x943dcca156b5312aa24c1a08769d67fece4ac14c,Aave: ENJ Stable Debt V2,protocol,,Etherscan label / Aave,https://etherscan.io/accounts/label/aave,community
ethereum,0x38995f292a6e31b78203254fe1cdd5ca1010a446,Aave: ENJ Variable Debt V2,protocol,,Etherscan label / Aave,https://etherscan.io/accounts/label/aave,community
ethereum,0x4a49985b14bd0ce42c25efde5d8c379a48ab02f3,Aave: Genesis Team,protocol,,Etherscan label / Aave,https://etherscan.io/accounts/label/aave,community
ethereum,0x2893405d64a7bc8db02fa617351a5399d59ecf8d,Aave: GUSD Interest Rate Strategy V2,protocol,,Etherscan label / Aave,https://etherscan.io/accounts/label/aave,community
ethereum,0xf8ac64ec6ff8e0028b37eb89772d21865321bce0,Aave: GUSD Stable Debt V2,protocol,,Etherscan label / Aave,https://etherscan.io/accounts/label/aave,community
ethereum,0x279af5b99540c1a3a7e3cdd326e19659401ef99e,Aave: GUSD Variable Debt V2,protocol,,Etherscan label / Aave,https://etherscan.io/accounts/label/aave,community
ethereum,0xd784927ff2f95ba542bfc824c8a8a98f3495f6b5,Aave: Incentives Controller,protocol,,Etherscan label / Aave,https://etherscan.io/accounts/label/aave,community
ethereum,0xe3a3de71b827cb73663a24cdb6243ba7f986cc3b,Aave: Interest Rate Strategy V2,protocol,,Etherscan label / Aave,https://etherscan.io/accounts/label/aave,community
ethereum,0xfdbda42d2ac1bfbbc10555eb255de8387b8977c4,Aave: KNC Interest Rate Strategy V2,protocol,,Etherscan label / Aave,https://etherscan.io/accounts/label/aave,community
ethereum,0x9915dfb872778b2890a117da1f35f335eb06b54f,Aave: KNC Stable Debt V2,protocol,,Etherscan label / Aave,https://etherscan.io/accounts/label/aave,community
ethereum,0x6b05d1c608015ccb8e205a690cb86773a96f39f1,Aave: KNC Variable Debt V2,protocol,,Etherscan label / Aave,https://etherscan.io/accounts/label/aave,community
ethereum,0x317625234562b1526ea2fac4030ea499c5291de4,Aave: LEND To AAVE Migrator,protocol,,Etherscan label / Aave,https://etherscan.io/accounts/label/aave,community
ethereum,0x80fb784b7ed66730e8b1dbd9820afd29931aab03,Aave: LEND Token,protocol,,Etherscan label / Aave,https://etherscan.io/accounts/label/aave,community
ethereum,0x8a32f49ffba88aba6eff96f45d8bd1d4b3f35c7d,Aave: Lending Rate Oracle V2,protocol,,Etherscan label / Aave,https://etherscan.io/accounts/label/aave,community
ethereum,0xed6547b83276b076b771b88fccbd68bdedb3927f,Aave: Link Interest Rate Strategy V2,protocol,,Etherscan label / Aave,https://etherscan.io/accounts/label/aave,community
ethereum,0xfb4aec4cc858f2539ebd3d37f2a43eae5b15b98a,Aave: Link Stable Debt V2,protocol,,Etherscan label / Aave,https://etherscan.io/accounts/label/aave,community
ethereum,0x0b8f12b1788bfde65aa1ca52e3e9f3ba401be16d,Aave: Link Variable Debt V2,protocol,,Etherscan label / Aave,https://etherscan.io/accounts/label/aave,community
ethereum,0x004fc239848d8a8d3304729b78ba81d73d83c99f,Aave: Mana Interest Rate Strategy V2,protocol,,Etherscan label / Aave,https://etherscan.io/accounts/label/aave,community
ethereum,0xd86c74ea2224f4b8591560652b50035e4e5c0a3b,Aave: MANA Stable Debt V2,protocol,,Etherscan label / Aave,https://etherscan.io/accounts/label/aave,community
ethereum,0x0a68976301e46ca6ce7410db28883e309ea0d352,Aave: Mana Variable Debt V2,protocol,,Etherscan label / Aave,https://etherscan.io/accounts/label/aave,community
ethereum,0xc01c8e4b12a89456a9fd4e4e75b72546bf53f0b5,Aave: MKR Stable Debt V2,protocol,,Etherscan label / Aave,https://etherscan.io/accounts/label/aave,community
ethereum,0xba728ead5e496be00dcf66f650b6d7758ecb50f8,Aave: MKR Variable Debt V2,protocol,,Etherscan label / Aave,https://etherscan.io/accounts/label/aave,community
ethereum,0x404d396fc42e20d14585a1a10cd64bddc6c6574a,Aave: PAX Interest Rate Strategy V2,protocol,,Etherscan label / Aave,https://etherscan.io/accounts/label/aave,community
ethereum,0xfdb93b3b10936cf81fa59a02a7523b6e2149b2b7,Aave: PAX Variable Debt V2,protocol,,Etherscan label / Aave,https://etherscan.io/accounts/label/aave,community
ethereum,0xa50ba011c48153de246e5192c8f9258a2ba79ca9,Aave: Price Oracle V2,protocol,,Etherscan label / Aave,https://etherscan.io/accounts/label/aave,community
ethereum,0x057835ad21a177dbdd3090bb1cae03eacf78fc6d,Aave: Protocol Data Provider V2,protocol,,Etherscan label / Aave,https://etherscan.io/accounts/label/aave,community
ethereum,0x4965f6fa20fe9728decf5165016fc338a5a85abf,Aave: Proxy,protocol,,Etherscan label / Aave,https://etherscan.io/accounts/label/aave,community
ethereum,0xa7d4df837926cd55036175afef38395d56a64c22,Aave: RAI Interest Rate Strategy V2,protocol,,Etherscan label / Aave,https://etherscan.io/accounts/label/aave,community
ethereum,0xb5385132ee8321977fff44b60cde9fe9ab0b4e6b,Aave: RAI Variable Debt V2,protocol,,Etherscan label / Aave,https://etherscan.io/accounts/label/aave,community
ethereum,0x9b1e3c7483f0f21abfeae3aebc9b47b5f23f5bb0,Aave: REN Interest Rate Strategy V2,protocol,,Etherscan label / Aave,https://etherscan.io/accounts/label/aave,community
ethereum,0x3356ec1efa75d9d150da1ec7d944d9edf73703b7,Aave: REN Stable Debt V2,protocol,,Etherscan label / Aave,https://etherscan.io/accounts/label/aave,community
ethereum,0xcd9d82d33bd737de215cdac57fe2f7f04df77fe0,Aave: REN Variable Debt V2,protocol,,Etherscan label / Aave,https://etherscan.io/accounts/label/aave,community
ethereum,0xb140cb1306b396c658a5438602b6857842e1e98a,Aave: RenFIL Interest Rate Strategy V2,protocol,,Etherscan label / Aave,https://etherscan.io/accounts/label/aave,community
ethereum,0xcaad05c49e14075077915cb5c820eb3245afb950,Aave: RenFIL Stable Debt V2,protocol,,Etherscan label / Aave,https://etherscan.io/accounts/label/aave,community
ethereum,0x348e2ebd5e962854871874e444f4122399c02755,Aave: RenFIL Variable Debt V2,protocol,,Etherscan label / Aave,https://etherscan.io/accounts/label/aave,community
ethereum,0xcc92073dde8ae03baa1812ac5cf22e69b5e76914,Aave: SNX Interest Rate Strategy V2,protocol,,Etherscan label / Aave,https://etherscan.io/accounts/label/aave,community
ethereum,0x8575c8ae70bdb71606a53aea1c6789cb0fbf3166,Aave: SNX Stable Debt V2,protocol,,Etherscan label / Aave,https://etherscan.io/accounts/label/aave,community
ethereum,0x267eb8cf715455517f9bd5834aeae3cea1ebdbd8,Aave: SNX Variable Debt V2,protocol,,Etherscan label / Aave,https://etherscan.io/accounts/label/aave,community
ethereum,0x4da27a545c0c5b758a6ba100e3a049001de870f5,Aave: Staked Aave,protocol,,Etherscan label / Aave,https://etherscan.io/accounts/label/aave,community
ethereum,0xa1116930326d21fb917d5a27f1e9943a9595fb47,Aave: stkABPT Token,protocol,,Etherscan label / Aave,https://etherscan.io/accounts/label/aave,community
ethereum,0x3082d0a473385ed2cbd1f16087ab8b7bf79f0355,Aave: SUSD Interest Rate Strategy V2,protocol,,Etherscan label / Aave,https://etherscan.io/accounts/label/aave,community
ethereum,0x30b0f7324fedf89d8eff397275f8983397efe4af,Aave: SUSD Stable Debt V2,protocol,,Etherscan label / Aave,https://etherscan.io/accounts/label/aave,community
ethereum,0xdc6a3ab17299d9c2a412b0e0a4c1f55446ae0817,Aave: SUSD Variable Debt V2,protocol,,Etherscan label / Aave,https://etherscan.io/accounts/label/aave,community
ethereum,0x4a75f0ae51a5d616ada4db52be140d89302aaf78,Aave: Team Gnosis Safe,protocol,,Etherscan label / Aave,https://etherscan.io/accounts/label/aave,community
ethereum,0xe3d9988f676457123c5fd01297605efdd0cba1ae,Aave: Token Burner Address,protocol,,Etherscan label / Aave,https://etherscan.io/accounts/label/aave,community
ethereum,0x89c51828427f70d77875c6747759fb17ba10ceb0,Aave: Treasury,protocol,,Etherscan label / Aave,https://etherscan.io/accounts/label/aave,community
ethereum,0x0ddec679166c367ae45036c8b2c169c5fb2dcee1,Aave: TUSD Interest Rate Strategy V2,protocol,,Etherscan label / Aave,https://etherscan.io/accounts/label/aave,community
ethereum,0x7f38d60d94652072b2c44a18c0e14a481ec3c0dd,Aave: TUSD Stable Debt V2,protocol,,Etherscan label / Aave,https://etherscan.io/accounts/label/aave,community
ethereum,0x01c0eb1f8c6f1c1bf74ae028697ce7aa2a8b0e92,Aave: TUSD Variable Debt V2,protocol,,Etherscan label / Aave,https://etherscan.io/accounts/label/aave,community
ethereum,0x24abfac8dd8f270d752837fdfe3b3c735361f4ee,Aave: UNI Interest Rate Strategy V2,protocol,,Etherscan label / Aave,https://etherscan.io/accounts/label/aave,community
ethereum,0xd939f7430dc8d5a427f156de1012a56c18acb6aa,Aave: UNI Stable Debt V2,protocol,,Etherscan label / Aave,https://etherscan.io/accounts/label/aave,community
ethereum,0x5bdb050a92cadccfcdcccbfc17204a1c9cc0ab73,Aave: UNI Variable Debt V2,protocol,,Etherscan label / Aave,https://etherscan.io/accounts/label/aave,community
ethereum,0x8cae0596bc1ed42dc3f04c4506cfe442b3e74e27,Aave: USDC Interest Rate Strategy V2,protocol,,Etherscan label / Aave,https://etherscan.io/accounts/label/aave,community
ethereum,0xe4922afab0bbadd8ab2a88e0c79d884ad337fca6,Aave: USDC Stable Debt V2,protocol,,Etherscan label / Aave,https://etherscan.io/accounts/label/aave,community
ethereum,0x98c23e9d8f34fefb1b7bd6a91b7ff122f4e16f5c,Aave: USDC V3,protocol,,Etherscan label / Aave,https://etherscan.io/accounts/label/aave,community
ethereum,0x619beb58998ed2278e08620f97007e1116d5d25b,Aave: USDC Variable Debt V2,protocol,,Etherscan label / Aave,https://etherscan.io/accounts/label/aave,community
ethereum,0x515e87cb3fec986050f202a2bbfa362a2188bc3f,Aave: USDT Interest Rate Strategy V2,protocol,,Etherscan label / Aave,https://etherscan.io/accounts/label/aave,community
ethereum,0xe91d55ab2240594855abd11b3faae801fd4c4687,Aave: USDT Stable Debt V2,protocol,,Etherscan label / Aave,https://etherscan.io/accounts/label/aave,community
ethereum,0x531842cebbdd378f8ee36d171d6cc9c4fcf475ec,Aave: USDT Variable Debt V2,protocol,,Etherscan label / Aave,https://etherscan.io/accounts/label/aave,community
ethereum,0xf41e8f817e6c399d1ade102059c454093b24f35b,Aave: WBTC Interest Rate Strategy V2,protocol,,Etherscan label / Aave,https://etherscan.io/accounts/label/aave,community
ethereum,0x51b039b9afe64b78758f8ef091211b5387ea717c,Aave: WBTC Stable Debt V2,protocol,,Etherscan label / Aave,https://etherscan.io/accounts/label/aave,community
ethereum,0x9c39809dec7f95f5e0713634a4d0701329b3b4d2,Aave: WBTC Variable Debt V2,protocol,,Etherscan label / Aave,https://etherscan.io/accounts/label/aave,community
ethereum,0xcc9a0b7c43dc2a5f023bb9b738e45b0ef6b06e04,Aave: WETH Gateway,protocol,,Etherscan label / Aave,https://etherscan.io/accounts/label/aave,community
ethereum,0x4ce076b9dd956196b814e54e1714338f18fde3f4,Aave: WETH Interest Rate Strategy V2,protocol,,Etherscan label / Aave,https://etherscan.io/accounts/label/aave,community
ethereum,0x4e977830ba4bd783c0bb7f15d3e243f73ff57121,Aave: WETH Stable Debt V2,protocol,,Etherscan label / Aave,https://etherscan.io/accounts/label/aave,community
ethereum,0xf63b34710400cad3e044cffdcab00a0f32e33ecf,Aave: WETH Variable Debt V2,protocol,,Etherscan label / Aave,https://etherscan.io/accounts/label/aave,community
ethereum,0xdcd33426ba191383f1c9b431a342498fdac73488,Aave: WETHGateway V2,protocol,,Etherscan label / Aave,https://etherscan.io/accounts/label/aave,community
ethereum,0xb49034ada4be5c6bb3823a623c6250267110b06b,Aave: xSushi Interest Rate Strategy V2,protocol,,Etherscan label / Aave,https://etherscan.io/accounts/label/aave,community
ethereum,0xfafedf95e21184e3d880bd56d4806c4b8d31c69a,Aave: xSushi Variable Debt V2,protocol,,Etherscan label / Aave,https://etherscan.io/accounts/label/aave,community
ethereum,0xfd71623d7f41360aefe200de4f17e20a29e1d58c,Aave: YFI Interest Rate Strategy V2,protocol,,Etherscan label / Aave,https://etherscan.io/accounts/label/aave,community
ethereum,0xca823f78c2dd38993284bb42ba9b14152082f7bd,Aave: YFI Stable Debt V2,protocol,,Etherscan label / Aave,https://etherscan.io/accounts/label/aave,community
ethereum,0x7ebd09022be45ad993baa1cec61166fcc8644d97,Aave: YFI Variable Debt V2,protocol,,Etherscan label / Aave,https://etherscan.io/accounts/label/aave,community
ethereum,0x1a4babc0e20d892167792ac79618273711afd3e7,Aave: ZRX Interest Rate Strategy V2,protocol,,Etherscan label / Aave,https://etherscan.io/accounts/label/aave,community
ethereum,0x071b4323a24e73a5afeebe34118cd21b8faaf7c3,Aave: ZRX Stable Debt V2,protocol,,Etherscan label / Aave,https://etherscan.io/accounts/label/aave,community
ethereum,0x85791d117a392097590bded3bd5abb8d5a20491a,Aave: ZRX Variable Debt V2,protocol,,Etherscan label / Aave,https://etherscan.io/accounts/label/aave,community
ethereum,0x7b7473a76d6ae86ce19f7352a1e89f6c9dc39020,Abracadabra.Money: ALCX Market,protocol,,Etherscan label / Abracadabra,https://etherscan.io/accounts/label/abracadabra-money,community
ethereum,0x806e16ec797c69afa8590a55723ce4cc1b54050e,Abracadabra.Money: Cvx3pool Market,protocol,,Etherscan label / Abracadabra,https://etherscan.io/accounts/label/abracadabra-money,community
ethereum,0x4eaed76c3a388f4a841e9c765560bbe7b3e4b3a0,Abracadabra.Money: cvxtricrypto2 Market,protocol,,Etherscan label / Abracadabra,https://etherscan.io/accounts/label/abracadabra-money,community
ethereum,0xd96f48665a1410c0cd669a88898eca36b9fc2cce,Abracadabra.Money: Degenbox,protocol,,Etherscan label / Abracadabra,https://etherscan.io/accounts/label/abracadabra-money,community
ethereum,0x05500e2ee779329698df35760bedcaac046e7c27,Abracadabra.Money: FTM Market,protocol,,Etherscan label / Abracadabra,https://etherscan.io/accounts/label/abracadabra-money,community
ethereum,0xdf2c270f610dc35d8ffda5b453e74db5471e126b,Abracadabra.Money: MIM Treasury Wallet,protocol,,Etherscan label / Abracadabra,https://etherscan.io/accounts/label/abracadabra-money,community
ethereum,0x5f0dee98360d8200b20812e174d139a1a633edd2,Abracadabra.Money: Multisig,protocol,,Etherscan label / Abracadabra,https://etherscan.io/accounts/label/abracadabra-money,community
ethereum,0xc319eea1e792577c319723b5e60a15da3857e7da,Abracadabra.Money: sSPELL Market,protocol,,Etherscan label / Abracadabra,https://etherscan.io/accounts/label/abracadabra-money,community
ethereum,0x5a7c5505f3cfb9a0d9a8493ec41bf27ee48c406d,Abracadabra.Money: Team Tokens,protocol,,Etherscan label / Abracadabra,https://etherscan.io/accounts/label/abracadabra-money,community
ethereum,0xe6191aa754f9a881e0a73f2028edf324242f39e2,Abracadabra.Money: UST Strategy,protocol,,Etherscan label / Abracadabra,https://etherscan.io/accounts/label/abracadabra-money,community
ethereum,0x003d5a75d284824af736df51933be522de9eed0f,Abracadabra.Money: wsOHM Market,protocol,,Etherscan label / Abracadabra,https://etherscan.io/accounts/label/abracadabra-money,community
ethereum,0x98a84eff6e008c5ed0289655ccdca899bcb6b99f,Abracadabra.Money: xSUSHI Market,protocol,,Etherscan label / Abracadabra,https://etherscan.io/accounts/label/abracadabra-money,community
ethereum,0xebfde87310dc22404d918058faa4d56dc4e93f0a,Abracadabra.Money: yvcrvIB Market,protocol,,Etherscan label / Abracadabra,https://etherscan.io/accounts/label/abracadabra-money,community
ethereum,0x0bca8ebcb26502b013493bf8fe53aa2b1ed401c1,Abracadabra.Money: yvstETH Market,protocol,,Etherscan label / Abracadabra,https://etherscan.io/accounts/label/abracadabra-money,community
ethereum,0x6cbafee1fab76ca5b5e144c43b3b50d42b7c8c8f,Abracadabra.Money: yvUSDC v2 Market,protocol,,Etherscan label / Abracadabra,https://etherscan.io/accounts/label/abracadabra-money,community
ethereum,0x551a7cff4de931f32893c928bbc3d25bf1fc5147,Abracadabra.Money: yvUSDT v2 Market,protocol,,Etherscan label / Abracadabra,https://etherscan.io/accounts/label/abracadabra-money,community
ethereum,0x920d9bd936da4eafb5e25c6bdc9f6cb528953f9f,Abracadabra.Money: yvWETH v2 Market,protocol,,Etherscan label / Abracadabra,https://etherscan.io/accounts/label/abracadabra-money,community
ethereum,0xffbf4892822e0d552cff317f65e1ee7b5d3d9ae6,Abracadabra.Money: yvYFI Market,protocol,,Etherscan label / Abracadabra,https://etherscan.io/accounts/label/abracadabra-money,community
ethereum,0xec5483804e637d45cde22fa0869656b64b5ab1ab,ACENT (ACE),protocol,,Etherscan label (octal mirror) / DeFi,https://etherscan.io/accounts/label/defi,community
ethereum,0x176b98ab38d1ae8ff3f30bf07f9b93e26f559c17,ACO: Factory Contract,protocol,,Etherscan label / DeFi,https://etherscan.io/accounts/label/defi,community
ethereum,0x3b03509645713718b78951126e0a6de6f10043f5,Across Protocol: Across Config Store V2,protocol,,Etherscan label / Across,https://etherscan.io/accounts/label/across-protocol,community
ethereum,0x937958992799bf4a9a656e6596fd10d7da5c2216,Across Protocol: Arbitrum Adapter V2,protocol,,Etherscan label / Across,https://etherscan.io/accounts/label/across-protocol,community
ethereum,0x0d8563d3b8b3fec542aae50a530c606dac4d1c4f,Across Protocol: Arbitrum Messenger,protocol,,Etherscan label / Across,https://etherscan.io/accounts/label/across-protocol,community
ethereum,0x43298f9f91a4545df64748e78a2c777c580573d6,Across Protocol: Badger Bridge Pool,protocol,,Etherscan label / Bridge,https://etherscan.io/accounts/label/bridge,community
ethereum,0x33b0ec794c15d6cc705818e70d4cace7bcfb5af3,Across Protocol: Boba Adapter V2,protocol,,Etherscan label / Across,https://etherscan.io/accounts/label/across-protocol,community
ethereum,0x30b44c676a05f1264d1de9cc31db5f2a945186b6,Across Protocol: Bridge Admin,protocol,,Etherscan label / Bridge,https://etherscan.io/accounts/label/bridge,community
ethereum,0x527e872a5c3f0c7c24fe33f2593cfb890a285084,Across Protocol: Ethereum Adapter V2,protocol,,Etherscan label / Across,https://etherscan.io/accounts/label/across-protocol,community
ethereum,0x22ed83a9ee26236486f57ce8385a247e5bfb71ff,Across Protocol: Optimism Adapter V2,protocol,,Etherscan label / Across,https://etherscan.io/accounts/label/across-protocol,community
ethereum,0x3e94e8d4316a1ebfb2245e45e6f0b8724094ce1a,Across Protocol: Polygon Adapter V2,protocol,,Etherscan label / Across,https://etherscan.io/accounts/label/across-protocol,community
ethereum,0x48d990abda20afa1fd1da713abc041b60a922c65,Across Protocol: Polygon Token Bridger V2,protocol,,Etherscan label / Across,https://etherscan.io/accounts/label/across-protocol,community
ethereum,0x428ab2ba90eba0a4be7af34c9ac451ab061ac010,Across Protocol: Relayer,protocol,,Etherscan label / Across,https://etherscan.io/accounts/label/across-protocol,community
ethereum,0x15652636f3898f550b257b89926d5566821c32e1,Across Protocol: Relayer 2,protocol,,Etherscan label / Across,https://etherscan.io/accounts/label/across-protocol,community
ethereum,0x4060dba72344da74edaeeae51a71a57f7e96b6b4,Across Protocol: Skinny Optimistic Oracle,protocol,,Etherscan label / Across,https://etherscan.io/accounts/label/across-protocol,community
ethereum,0xdfe0ec39291e3b60aca122908f86809c9ee64e90,Across Protocol: UMA Bridge Pool,protocol,,Etherscan label / Bridge,https://etherscan.io/accounts/label/bridge,community
ethereum,0x256c8919ce1ab0e33974cf6aa9c71561ef3017b6,Across Protocol: USDC Bridge Pool,protocol,,Etherscan label / Bridge,https://etherscan.io/accounts/label/bridge,community
ethereum,0x02fbb64517e1c6ed69a6faa3abf37db0482f1152,Across Protocol: WBTC Bridge Pool,protocol,,Etherscan label / Bridge,https://etherscan.io/accounts/label/bridge,community
ethereum,0x7355efc63ae731f584380a9838292c7046c1e433,Across Protocol: WETH Bridge Pool,protocol,,Etherscan label / Bridge,https://etherscan.io/accounts/label/bridge,community
ethereum,0xc314b0e758d5ff74f63e307a86ebfe183c95767b,Adappter Token (ADP),protocol,,Etherscan label (octal mirror) / DeFi,https://etherscan.io/accounts/label/defi,community
ethereum,0x635d081fd8f6670135d8a3640e2cf78220787d56,ADD (ADD),protocol,,Etherscan label (octal mirror) / DeFi,https://etherscan.io/accounts/label/defi,community
ethereum,0x780005ce3ab898bb402c124b4f71ff084d550111,Afercoin (AFR),protocol,,Etherscan label (octal mirror) / DeFi,https://etherscan.io/accounts/label/defi,community
ethereum,0x9bde1b41187f62ffa812e7c3d00f5a22df9a3a19,AFREUM (AFR),protocol,,Etherscan label (octal mirror) / DeFi,https://etherscan.io/accounts/label/defi,community
ethereum,0xe8fff15bb5e14095bfdfa8bb85d83cc900c23c56,AfroDex,protocol,,Etherscan label / DEX,https://etherscan.io/accounts/label/dex,community
ethereum,0x08130635368aa28b217a4dfb68e1bf8dc525621c,AfroDex (AfroX),protocol,,Etherscan label / DEX,https://etherscan.io/accounts/label/dex,community
ethereum,0xd8a8843b0a5aba6b030e92b3f4d669fad8a5be50,AfroDex Labs Token,protocol,,Etherscan label / DEX,https://etherscan.io/accounts/label/dex,community
ethereum,0x2d80f5f5328fdcb6eceb7cacf5dd8aedaec94e20,AGA Token (AGA),protocol,,Etherscan label / Protocol,https://etherscan.io/accounts/label/protocol,community
ethereum,0x5f27184fa83fe0e5aef2344b6d9eb3bd2118a290,agGOLD (agGOLD),protocol,,Etherscan label / Stablecoin,https://etherscan.io/accounts/label/stablecoin,community
ethereum,0x0be4447860ddf283884bbaa3702749706750b09e,AggregatedFinance (AGFI),protocol,,Etherscan label (octal mirror) / DeFi,https://etherscan.io/accounts/label/defi,community
ethereum,0x1d48257386165d44e303c579386c46089b2775f5,AgroToken Wheat Argentina,protocol,,Etherscan label / Stablecoin,https://etherscan.io/accounts/label/stablecoin,community
ethereum,0xa7a5c03399f4739f4afa934bb9053c992b53d7a2,AICRYPTO (AIC),protocol,,Etherscan label (octal mirror) / DeFi,https://etherscan.io/accounts/label/defi,community
ethereum,0x7050dc49ec7a7eebc60b9358e0ab5893b7a707f6,AIE Token (AIE),protocol,,Etherscan label (octal mirror) / DeFi,https://etherscan.io/accounts/label/defi,community
ethereum,0x4572f2554421bd64bef1c22c8a81840e8d496bea,AirSwap,protocol,,Etherscan label / DEX,https://etherscan.io/accounts/label/dex,community
ethereum,0x60b47716d3893b06cc43b66d7c8221e0cac63a9b,Airswap: DAO Multisig,protocol,,Etherscan label / AirSwap,https://etherscan.io/accounts/label/airswap,community
ethereum,0x072073f78a2d58610ee3d5e170ca7ac9cb58a345,AirSwap: Delegate,protocol,,Etherscan label / AirSwap,https://etherscan.io/accounts/label/airswap,community
ethereum,0x7eeab4f134fcfa6fcaf3987d391f1d626f75f6e1,AirSwap: Deployer,protocol,,Etherscan label / AirSwap,https://etherscan.io/accounts/label/airswap,community
ethereum,0x1ff808e34e4df60326a3fc4c2b0f80748a3d60c2,AirSwap: Deployer 2,protocol,,Etherscan label / AirSwap,https://etherscan.io/accounts/label/airswap,community
ethereum,0x7f18bb4dd92cf2404c54cba1a9be4a1153bdb078,AirSwap: Deployer 3,protocol,,Etherscan label / AirSwap,https://etherscan.io/accounts/label/airswap,community
ethereum,0xba9ab9710bd461f30c247f4ca2cb7f453c22570e,AirSwap: Indexer,protocol,,Etherscan label / AirSwap,https://etherscan.io/accounts/label/airswap,community
ethereum,0x8fd3121013a07c57f0d69646e86e7a4880b467b7,AirSwap: Legacy,protocol,,Etherscan label / AirSwap,https://etherscan.io/accounts/label/airswap,community
ethereum,0xc549a5c701cb6e6cbc091007a80c089c49595468,AirSwap: Light,protocol,,Etherscan label / DEX,https://etherscan.io/accounts/label/dex,community
ethereum,0xebbd58cd1c31c08ef7a17337c264ba502762e993,AirSwap: MultiSig,protocol,,Etherscan label / AirSwap,https://etherscan.io/accounts/label/airswap,community
ethereum,0x579120871266ccd8de6c85ef59e2ff6743e7cd15,AirSwap: sAST Token,protocol,,Etherscan label / AirSwap,https://etherscan.io/accounts/label/airswap,community
ethereum,0xa42d613d8b8b6cb9507f46a5dd3fd98276570fd7,AirSwap: Types,protocol,,Etherscan label / AirSwap,https://etherscan.io/accounts/label/airswap,community
ethereum,0xfaf0708d1aed2566205d61f471d7e4aeb10910ea,AirSwap: WBTC Merchant Deposit Address,protocol,,Etherscan label / AirSwap,https://etherscan.io/accounts/label/airswap,community
ethereum,0x28de5c5f56b6216441ee114e832808d5b9d4a775,AirSwap: Wrapper,protocol,,Etherscan label / AirSwap,https://etherscan.io/accounts/label/airswap,community
ethereum,0x8ab7404063ec4dbcfd4598215992dc3f8ec853d7,Akropolis (AKRO),protocol,,Etherscan label (octal mirror) / DeFi,https://etherscan.io/accounts/label/defi,community
ethereum,0x94d863173ee77439e4292284ff13fad54b3ba182,Akropolis Delphi (ADEL),protocol,,Etherscan label (octal mirror) / DeFi,https://etherscan.io/accounts/label/defi,community
ethereum,0xb26c4b3ca601136daf98593feaeff9e0ca702a8d,Aladdin Token (ALD),protocol,,Etherscan label (octal mirror) / DeFi,https://etherscan.io/accounts/label/defi,community
ethereum,0xa58f22e0766b3764376c92915ba545d583c19dbc,Alchemist Coin: MistX Router,protocol,,Etherscan label / DEX,https://etherscan.io/accounts/label/dex,community
ethereum,0xfcadf926669e7cad0e50287ea7d563020289ed2c,Alchemist Coin: MistX Router 2,protocol,,Etherscan label / DEX,https://etherscan.io/accounts/label/dex,community
ethereum,0xf8317bd5f48b6fe608a52b48c856d3367540b73b,Alchemix Finance: alETH Alchemist,protocol,,Etherscan label / Alchemix,https://etherscan.io/accounts/label/alchemix-finance,community
ethereum,0x062bf725dc4cdf947aa79ca2aaccd4f385b13b5c,Alchemix Finance: alETH Alchemist V2,protocol,,Etherscan label / Alchemix,https://etherscan.io/accounts/label/alchemix-finance,community
ethereum,0xa3dfccbad1333dc69997da28c961ff8b2879e653,Alchemix Finance: alETH Alchemist Whitelist V2,protocol,,Etherscan label / Alchemix,https://etherscan.io/accounts/label/alchemix-finance,community
ethereum,0x9fd9946e526357b35d95bcb4b388614be4cfd4ac,Alchemix Finance: alETH Transmuter,protocol,,Etherscan label / Alchemix,https://etherscan.io/accounts/label/alchemix-finance,community
ethereum,0x6d75657771256c7a8cb4d475fdf5047b70160132,Alchemix Finance: alETH Transmuter Vault Adaptor,protocol,,Etherscan label / Alchemix,https://etherscan.io/accounts/label/alchemix-finance,community
ethereum,0x546e6711032ec744a7708d4b7b283a210a85b3bc,Alchemix Finance: alETH Vault Adaptor,protocol,,Etherscan label / Alchemix,https://etherscan.io/accounts/label/alchemix-finance,community
ethereum,0xc21d353ff4ee73c572425697f4f5aad2109fe35b,Alchemix Finance: alUSD Alchemist,protocol,,Etherscan label / Alchemix,https://etherscan.io/accounts/label/alchemix-finance,community
ethereum,0x5c6374a2ac4ebc38dea0fc1f8716e5ea1add94dd,Alchemix Finance: alUSD Alchemist V2,protocol,,Etherscan label / Alchemix,https://etherscan.io/accounts/label/alchemix-finance,community
ethereum,0x78537a6ceba16f412e123a90472c6e0e9a8f1132,Alchemix Finance: alUSD Alchemist Whitelist V2,protocol,,Etherscan label / Alchemix,https://etherscan.io/accounts/label/alchemix-finance,community
ethereum,0xee69bd81bd056339368c97c4b2837b4dc4b796e7,Alchemix Finance: alUSD Transmuter,protocol,,Etherscan label / Alchemix,https://etherscan.io/accounts/label/alchemix-finance,community
ethereum,0x6fe02be0ec79dcf582cbdb936d7037d2eb17f661,Alchemix Finance: alUSD Transmuter Vault Adaptor,protocol,,Etherscan label / Alchemix,https://etherscan.io/accounts/label/alchemix-finance,community
ethereum,0xb039ea6153c827e59b620bdcd974f7bbfe68214a,Alchemix Finance: alUSD Vault Adaptor,protocol,,Etherscan label / Alchemix,https://etherscan.io/accounts/label/alchemix-finance,community
ethereum,0xa840c73a004026710471f727252a9a2800a5197f,Alchemix Finance: DAI Transmuter V2,protocol,,Etherscan label / Alchemix,https://etherscan.io/accounts/label/alchemix-finance,community
ethereum,0xdd8ac2d5a739bb4a591c5b0c7e613b810fe83ff1,Alchemix Finance: DAI Transmuter Whitelist V2,protocol,,Etherscan label / Alchemix,https://etherscan.io/accounts/label/alchemix-finance,community
ethereum,0x9e2b6378ee8ad2a4a95fe481d63caba8fb0ebbf9,Alchemix Finance: Dev Multisig,protocol,,Etherscan label / Alchemix,https://etherscan.io/accounts/label/alchemix-finance,community
ethereum,0xf547b87cd37607bddabafd9bf1ea4587a0f4acfb,Alchemix Finance: Implementation V2,protocol,,Etherscan label / Alchemix,https://etherscan.io/accounts/label/alchemix-finance,community
ethereum,0x105cd312418311dd49bc1e88459019ed4ef218dc,Alchemix Finance: Olympus Pro DAI Bond,protocol,,Etherscan label / Alchemix,https://etherscan.io/accounts/label/alchemix-finance,community
ethereum,0x246c00f93001c344038a0d9cf012754b539c1014,Alchemix Finance: Olympus Pro Treasury,protocol,,Etherscan label / Alchemix,https://etherscan.io/accounts/label/alchemix-finance,community
ethereum,0x6d987dda4358a9ba4f695ca4e6aa3933d7bc1b08,Alchemix Finance: Olympus Pro WETH Bond,protocol,,Etherscan label / Alchemix,https://etherscan.io/accounts/label/alchemix-finance,community
ethereum,0xab7a49b971afdc7ee26255038c82b4006d122086,Alchemix Finance: Transmuter,protocol,,Etherscan label / Alchemix,https://etherscan.io/accounts/label/alchemix-finance,community
ethereum,0x4370675ab54fc710a27e29ea2bb5563468b5948f,Alchemix Finance: Transmuter Buffer Implementation,protocol,,Etherscan label / Alchemix,https://etherscan.io/accounts/label/alchemix-finance,community
ethereum,0x1eed2dbeb9fc23ab483f447f38f289ca15f79bac,Alchemix Finance: Transmuter Buffer V2,protocol,,Etherscan label / Alchemix,https://etherscan.io/accounts/label/alchemix-finance,community
ethereum,0xbc2fb245594a68c927c930fbe2d00680a8c90b9e,Alchemix Finance: Transmuter Buffer V2 2,protocol,,Etherscan label / Alchemix,https://etherscan.io/accounts/label/alchemix-finance,community
ethereum,0xad2a6c1c6025be8c703930dcd921a2fa25220298,Alchemix Finance: Transmuter Implementation V2,protocol,,Etherscan label / Alchemix,https://etherscan.io/accounts/label/alchemix-finance,community
ethereum,0x8392f6669292fa56123f71949b52d883ae57e225,Alchemix Finance: Treasury,protocol,,Etherscan label / Alchemix,https://etherscan.io/accounts/label/alchemix-finance,community
ethereum,0x49930ad9ebbbc0eb120ccf1a318c3ae5bb24df55,Alchemix Finance: USDC Transmuter V2,protocol,,Etherscan label / Alchemix,https://etherscan.io/accounts/label/alchemix-finance,community
ethereum,0x35b2c16de6f283ab0949964d90ccf930f378ade6,Alchemix Finance: USDC Transmuter Whitelist V2,protocol,,Etherscan label / Alchemix,https://etherscan.io/accounts/label/alchemix-finance,community
ethereum,0xfc30820ba6d045b95d13a5b8df4fb0e6b5bdf5b9,Alchemix Finance: USDT Transmuter V2,protocol,,Etherscan label / Alchemix,https://etherscan.io/accounts/label/alchemix-finance,community
ethereum,0x46f992d00c2dfb6fbbbb64d69ab353c2fc435ace,Alchemix Finance: USDT Transmuter Whitelist V2,protocol,,Etherscan label / Alchemix,https://etherscan.io/accounts/label/alchemix-finance,community
ethereum,0xa22a7ec2d82a471b1dacc4b37345cf428e76d67a,Alchemix Finance: WETH Gateway,protocol,,Etherscan label / Alchemix,https://etherscan.io/accounts/label/alchemix-finance,community
ethereum,0x3b36368e1157a91275c41a2d1d6f58ff860d4f9f,Alchemix Finance: WETH Gateway V2,protocol,,Etherscan label / Alchemix,https://etherscan.io/accounts/label/alchemix-finance,community
ethereum,0x03323143a5f0d0679026c2a9fb6b0391e4d64811,Alchemix Finance: WETH Transmuter V2,protocol,,Etherscan label / Alchemix,https://etherscan.io/accounts/label/alchemix-finance,community
ethereum,0x211c74db951c161c5a379363716ebdca5125ef59,Alchemix Finance: WETH Transmuter Whitelist V2,protocol,,Etherscan label / Alchemix,https://etherscan.io/accounts/label/alchemix-finance,community
ethereum,0x5951f159ef502f0571a5d7e136a580dcadea42eb,Alchemix Finance: yDAI 2 V2,protocol,,Etherscan label / Alchemix,https://etherscan.io/accounts/label/alchemix-finance,community
ethereum,0xa7aa5be408b817a516b40daea7a919664f13f193,Alchemix Finance: yDAI V2,protocol,,Etherscan label / Alchemix,https://etherscan.io/accounts/label/alchemix-finance,community
ethereum,0xa258c4606ca8206d8aa700ce2143d7db854d168c,Alchemix Finance: Yearn yvWETH Vault,protocol,,Etherscan label / Alchemix,https://etherscan.io/accounts/label/alchemix-finance,community
ethereum,0x1d28d426e4e20b9d43130c23252b8ed6f9cb388e,Alchemix Finance: yUSDC V2,protocol,,Etherscan label / Alchemix,https://etherscan.io/accounts/label/alchemix-finance,community
ethereum,0xbc6da0fe9ad5f3b0d58160288917aa56653660e9,Alchemix USD (alUSD),protocol,,Etherscan label / Stablecoin,https://etherscan.io/accounts/label/stablecoin,community
ethereum,0x0100546f2cd4c9d97f798ffc9755e47865ff7ee6,Alchemix: alETH Token,protocol,,Etherscan label / Alchemix,https://etherscan.io/accounts/label/alchemix-finance,community
ethereum,0x5b75c16c049efbeee42c00760ebd39725ea3dd69,Alero Swap (ALS),protocol,,Etherscan label (octal mirror) / DeFi,https://etherscan.io/accounts/label/defi,community
ethereum,0xdf7a6a1214b3cbd3f9812434437f61a0d4cbbe1f,ALFweb3Project (ALFw3),protocol,,Etherscan label (octal mirror) / DeFi,https://etherscan.io/accounts/label/defi,community
ethereum,0x94d916873b22c9c1b53695f1c002f78537b9b3b2,AlgoVest (AVS),protocol,,Etherscan label (octal mirror) / DeFi,https://etherscan.io/accounts/label/defi,community
ethereum,0xd17fe392fad2e2f99f97e5a80a4d81950e96298e,Alkemi Earn: Company Tokens Safe,protocol,,Etherscan label / DeFi,https://etherscan.io/accounts/label/defi,community
ethereum,0x5bea205a2d342e87af7642e374dd02d44c136c6f,Alkemi Earn: Ecosystem Tokens Safe,protocol,,Etherscan label / DeFi,https://etherscan.io/accounts/label/defi,community
ethereum,0x83a38054b1a56f59964dd57b16532255fa2c999c,Alkemi Earn: Team Tokens Safe,protocol,,Etherscan label / DeFi,https://etherscan.io/accounts/label/defi,community
ethereum,0x3106a0a076bedae847652f42ef07fd58589e001f,Alkimi Exchange,protocol,,Etherscan label / DEX,https://etherscan.io/accounts/label/dex,community
ethereum,0xbbbd1bbb4f9b936c3604906d7592a644071de884,Allbridge: Bridge,protocol,,Etherscan label / Bridge,https://etherscan.io/accounts/label/bridge,community
ethereum,0x52a56685eefc648f01f97ece0184da416410b0da,ALLCOINSWAP (WAP),protocol,,Etherscan label / DEX,https://etherscan.io/accounts/label/dex,community
ethereum,0xb56a1f3310578f23120182fb2e58c087efe6e147,AllCoinsYieldCapital (ACYC),protocol,,Etherscan label (octal mirror) / DeFi,https://etherscan.io/accounts/label/defi,community
ethereum,0x00a8b738e453ffd858a7edf03bccfe20412f0eb0,AllianceBlock Token (ALBT),protocol,,Etherscan label (octal mirror) / DeFi,https://etherscan.io/accounts/label/defi,community
ethereum,0xd8d93e91ea5f24d0e2a328bc242055d40f00be1a,Allnodes: Lido Node Operator,protocol,,Etherscan label / Lido,https://etherscan.io/accounts/label/lido,community
ethereum,0x4c6719bf85903d18c295da44216f862b01b36f43,AlloHash (ALH),protocol,,Etherscan label (octal mirror) / DeFi,https://etherscan.io/accounts/label/defi,community
ethereum,0x1e5193ccc53f25638aa22a940af899b692e10b09,Alluo Token (ALLUO),protocol,,Etherscan label (octal mirror) / DeFi,https://etherscan.io/accounts/label/defi,community
ethereum,0xf17a3fe536f8f7847f1385ec1bc967b2ca9cae8d,Alongside Crypto Market Index (AMKT),protocol,,Etherscan label (octal mirror) / DeFi,https://etherscan.io/accounts/label/defi,community
ethereum,0x014b0efa7de33b9ee1cd4c543b6a5b2d8c6c112e,Alpha Genesis (AGEN),protocol,,Etherscan label (octal mirror) / DeFi,https://etherscan.io/accounts/label/defi,community
ethereum,0x9ba5774715db9e3747c10c3efde3c43a95b99479,AlphaSwapToken (AST),protocol,,Etherscan label (octal mirror) / DeFi,https://etherscan.io/accounts/label/defi,community
ethereum,0xaa99199d1e9644b588796f3215089878440d58e0,ALPHR (ALPHR),protocol,,Etherscan label (octal mirror) / DeFi,https://etherscan.io/accounts/label/defi,community
ethereum,0x92fc4338ad16d07be1d79098015cb2957d21fdc0,Alta: Vault 1,protocol,,Etherscan label / DeFi,https://etherscan.io/accounts/label/defi,community
ethereum,0x5706d4cc27b5f5b59d026c6e03deded995455071,Alta: Vault 2,protocol,,Etherscan label / DeFi,https://etherscan.io/accounts/label/defi,community
ethereum,0xb1ed41dc1fe9b723a31137afdd1201d17917fe91,Alttex (ALTX),protocol,,Etherscan label / DEX,https://etherscan.io/accounts/label/dex,community
ethereum,0x8185bc4757572da2a610f887561c32298f1a5748,Aluna (ALN),protocol,,Etherscan label (octal mirror) / DeFi,https://etherscan.io/accounts/label/defi,community
ethereum,0x0e8ba001a821f3ce0734763d008c9d7c957f5852,AmadeusRelay,protocol,,Etherscan label / DEX,https://etherscan.io/accounts/label/dex,community
ethereum,0xd4e06e176c96894bcac6101124492854e08a4323,AmmbrFi Governance Token (GOV),protocol,,Etherscan label (octal mirror) / DeFi,https://etherscan.io/accounts/label/defi,community
ethereum,0x307c4708b9451917efd91a57f4d3b5644220b90d,AmmbrFi Token (AFI),protocol,,Etherscan label (octal mirror) / DeFi,https://etherscan.io/accounts/label/defi,community
ethereum,0xf1a7a19029b66bd8c01c74a93722a2b741a1e0ca,Amongus.finance Ticket (ATICKET),protocol,,Etherscan label (octal mirror) / DeFi,https://etherscan.io/accounts/label/defi,community
ethereum,0x5456bc77dd275c45c3c15f0cf936b763cf57c3b5,Anchor (ANCT),protocol,,Etherscan label / Stablecoin,https://etherscan.io/accounts/label/stablecoin,community
ethereum,0xd1b9e138516ee74ee27949eb1b58584a4bede267,Angel (AGL),protocol,,Etherscan label (octal mirror) / DeFi,https://etherscan.io/accounts/label/defi,community
ethereum,0x31429d1856ad1377a8a0079410b297e1a9e214c2,ANGLE (ANGLE),protocol,,Etherscan label / Protocol,https://etherscan.io/accounts/label/protocol,community
ethereum,0x39e21919697717e5258b3ae7d87f3c40d64f09a9,AngryBird.Finance (ANGB),protocol,,Etherscan label (octal mirror) / DeFi,https://etherscan.io/accounts/label/defi,community
ethereum,0x5a8f92addfe1cd48b51e1fa926144c0918dbab67,AnimeVerse (Anime),protocol,,Etherscan label (octal mirror) / DeFi,https://etherscan.io/accounts/label/defi,community
ethereum,0x5cc56c266143f29a5054b9ae07f3ac3513a7965e,Ankr DOT Reward Earning Bond (aDOTb),protocol,,Etherscan label (octal mirror) / DeFi,https://etherscan.io/accounts/label/defi,community
ethereum,0x84da8e731172827fcb233b911678e2a82e27baf2,Ankr KSM Reward Earning Bond (aKSMb),protocol,,Etherscan label (octal mirror) / DeFi,https://etherscan.io/accounts/label/defi,community
ethereum,0x26dcfbfa8bc267b250432c01c982eaf81cc5480c,Ankr Staked MATIC (ankrMATIC),protocol,,Etherscan label (octal mirror) / DeFi,https://etherscan.io/accounts/label/defi,community
ethereum,0x5a7e6c8204a1359db9aacab7ba5fc309b7981efd,anonUSD,protocol,,Etherscan label / Stablecoin,https://etherscan.io/accounts/label/stablecoin,community
ethereum,0x9b99cca871be05119b2012fd4474731dd653febe,Antimatter.Finance Governance Token,protocol,,Etherscan label / Protocol,https://etherscan.io/accounts/label/protocol,community
ethereum,0xe692c8d72bd4ac7764090d54842a305546dd1de5,ANY Blocknet (aBLOCK),protocol,,Etherscan label (octal mirror) / Multichain,https://etherscan.io/accounts/label/multichain,community
ethereum,0x8b90ac446d4360332129e92f857a9d536db9d7c2,Anyblock Analytics: Lido Node Operator,protocol,,Etherscan label / Lido,https://etherscan.io/accounts/label/lido,community
ethereum,0xf99d58e463a2e07e5692127302c20a191861b4d6,Anyswap (ANY),protocol,,Etherscan label / DEX,https://etherscan.io/accounts/label/dex,community
ethereum,0x7ea2be2df7ba6e54b1a9c70676f668455e329d29,anyUSDC,protocol,,Etherscan label / Stablecoin,https://etherscan.io/accounts/label/stablecoin,community
ethereum,0x92df60c51c710a1b1c20e42d85e221f3a1bfc7f2,ApeSwapFinance Banana,protocol,,Etherscan label / DEX,https://etherscan.io/accounts/label/dex,community
ethereum,0x52a8845df664d76c69d2eea607cd793565af42b8,ApeX Token (APEX),protocol,,Etherscan label (octal mirror) / DeFi,https://etherscan.io/accounts/label/defi,community
ethereum,0xf345754d715fb208f7b3965fa5fa0b4cff2dfe8f,Apex Ventures (Apex),protocol,,Etherscan label (octal mirror) / DeFi,https://etherscan.io/accounts/label/defi,community
ethereum,0xa2ce22d8b75847e6f3dd80800736993b1b79c4b9,Apolline (APLN),protocol,,Etherscan label (octal mirror) / DeFi,https://etherscan.io/accounts/label/defi,community
ethereum,0x1a7a8bd9106f2b8d977e08582dc7d24c723ab0db,AppCoins (APPC),protocol,,Etherscan label / Protocol,https://etherscan.io/accounts/label/protocol,community
ethereum,0x95a4492f028aa1fd432ea71146b433e7b4446611,APY Governance Token (APY),protocol,,Etherscan label (octal mirror) / DeFi,https://etherscan.io/accounts/label/defi,community
ethereum,0x94ba5a1afc430163fa815aba03efce81487370e1,Aqualair (AQLR),protocol,,Etherscan label (octal mirror) / DeFi,https://etherscan.io/accounts/label/defi,community
ethereum,0xa59075221b50c598aed0eae0bb9869639513af0d,Arbitrum Nova: Challenge Manager,protocol,,Etherscan label / Protocol,https://etherscan.io/accounts/label/protocol,community
ethereum,0xc4448b71118c9071bcb9734a0eac55d18a153949,Arbitrum Nova: Delayed Inbox,protocol,,Etherscan label / Protocol,https://etherscan.io/accounts/label/protocol,community
ethereum,0x23122da8c581aa7e0d07a36ff1f16f799650232f,Arbitrum Nova: L1 Arb-Custom Gateway,protocol,,Etherscan label / Bridge,https://etherscan.io/accounts/label/bridge,community
ethereum,0xc840838bc438d73c16c2f8b22d2ce3669963cd48,Arbitrum Nova: L1 Gateway Router,protocol,,Etherscan label / Bridge,https://etherscan.io/accounts/label/bridge,community
ethereum,0xe4e2121b479017955be0b175305b35f312330bae,Arbitrum Nova: L1 WETH Gateway,protocol,,Etherscan label / Bridge,https://etherscan.io/accounts/label/bridge,community
ethereum,0x7adca86896c4220f19b2f7f9746e7a99e57b0fc5,Arbitrum Nova: One Step Proof Entry,protocol,,Etherscan label / Protocol,https://etherscan.io/accounts/label/protocol,community
ethereum,0x8323b58c522690e6afae94044825f0c79a93d236,Arbitrum Nova: One Step Prover 0,protocol,,Etherscan label / Protocol,https://etherscan.io/accounts/label/protocol,community
ethereum,0x9cbc3f14a57ce6ead0e770f528e2f1e8b8c37613,Arbitrum Nova: One Step Prover Host Io,protocol,,Etherscan label / Protocol,https://etherscan.io/accounts/label/protocol,community
ethereum,0x1efb116ebc38ce895eb2e5e009234e0e0836f2f5,Arbitrum Nova: One Step Prover Math,protocol,,Etherscan label / Protocol,https://etherscan.io/accounts/label/protocol,community
ethereum,0x7a6c0503107858f82a790e481024134092e19979,Arbitrum Nova: One Step Prover Memory,protocol,,Etherscan label / Protocol,https://etherscan.io/accounts/label/protocol,community
ethereum,0xfb209827c58283535b744575e11953dcc4bead88,Arbitrum Nova: Rollup,protocol,,Etherscan label / Protocol,https://etherscan.io/accounts/label/protocol,community
ethereum,0x211e1c4c7f1bf5351ac850ed10fd68cffcf6c21b,Arbitrum Nova: Sequencer Inbox,protocol,,Etherscan label / Protocol,https://etherscan.io/accounts/label/protocol,community
ethereum,0x6ad1dc4ab5475d9f8cd10118c9d28b06f0c8a2d9,Arbitrum One: Challenge,protocol,,Etherscan label / Protocol,https://etherscan.io/accounts/label/protocol,community
ethereum,0xd3b5b60020504bc3489d6949d545893982ba3011,Arbitrum One: L1 DAI Gateway,protocol,,Etherscan label / Bridge,https://etherscan.io/accounts/label/bridge,community
ethereum,0x4812be53be02b9f38063cf55fef0a19d2ba8bb3a,Arbitrum One: One Step Proof,protocol,,Etherscan label / Protocol,https://etherscan.io/accounts/label/protocol,community
ethereum,0x2df287a3b2fd0916c0b3d4882201ff360acd6ec3,Arbitrum One: One Step Proof 2,protocol,,Etherscan label / Protocol,https://etherscan.io/accounts/label/protocol,community
ethereum,0xce81e7d009e53c02242b724819df1869da5e9fd8,Arbitrum One: One Step Proof Hash,protocol,,Etherscan label / Protocol,https://etherscan.io/accounts/label/protocol,community
ethereum,0x1e13bb8cf5f44c4c7fc585797336eaae3935113c,Arbitrum: Challenge Factory,protocol,,Etherscan label / Protocol,https://etherscan.io/accounts/label/protocol,community
ethereum,0xe5896783a2f463446e1f624e64aa6836be4c6f58,Arbitrum: Challenge Manager,protocol,,Etherscan label / Bridge,https://etherscan.io/accounts/label/bridge,community
ethereum,0xa10c7ce4b876998858b1a9e12b10092229539400,Arbitrum: DAI L1 Escrow,protocol,,Etherscan label / Bridge,https://etherscan.io/accounts/label/bridge,community
ethereum,0x27a6cf5e8350b44273fb10f98d78525c5dad6d8a,Arbitrum: Node Factory,protocol,,Etherscan label / Protocol,https://etherscan.io/accounts/label/protocol,community
ethereum,0x3e1f62aa8076000c3218493fe3e0ae40bcb9a1df,Arbitrum: OneStepProof Entry,protocol,,Etherscan label / Protocol,https://etherscan.io/accounts/label/protocol,community
ethereum,0x499a4f574f2e4f8837e242adec86223ef7deefcc,Arbitrum: OneStepProver 0,protocol,,Etherscan label / Protocol,https://etherscan.io/accounts/label/protocol,community
ethereum,0xb965b08a826d4c7634e0df4c5ef5e1d1f9b5d13a,Arbitrum: OneStepProver Host Io,protocol,,Etherscan label / Protocol,https://etherscan.io/accounts/label/protocol,community
ethereum,0xd315ac3a82e8edaa84b347f478e0f59801747970,Arbitrum: OneStepProver Math,protocol,,Etherscan label / Protocol,https://etherscan.io/accounts/label/protocol,community
ethereum,0xb556f3bb0fdcfeaf81a1c393e024a69a3327b676,Arbitrum: OneStepProver Memory,protocol,,Etherscan label / Protocol,https://etherscan.io/accounts/label/protocol,community
ethereum,0x667e23abd27e623c11d4cc00ca3ec4d0bd63337a,Arbitrum: Outbox,protocol,,Etherscan label / Bridge,https://etherscan.io/accounts/label/bridge,community
ethereum,0x14797f5432f699cb4d4db04df599b74952d78d7b,Arbitrum: Outbox Entry,protocol,,Etherscan label / Bridge,https://etherscan.io/accounts/label/bridge,community
ethereum,0x5ef0d09d1e6204141b4d37530808ed19f60fba35,Arbitrum: Rollup,protocol,,Etherscan label / Protocol,https://etherscan.io/accounts/label/protocol,community
ethereum,0xc8c3194ed3be7b2393fefe811a2cc39297442c0b,Arbitrum: Rollup Event Bridge,protocol,,Etherscan label / Protocol,https://etherscan.io/accounts/label/protocol,community
ethereum,0xc82e3db60a52cf7529253b4ec688f631aad9e7c2,ARC (ARC),protocol,,Etherscan label (octal mirror) / DeFi,https://etherscan.io/accounts/label/defi,community
ethereum,0xcd91538b91b4ba7797d39a2f66e63810b50a33d0,ARC STABLEx (STABLEx),protocol,,Etherscan label (octal mirror) / DeFi,https://etherscan.io/accounts/label/defi,community
ethereum,0x97f3d01339215916994c9f40f61b89921c613b4d,ArchProtocol (ARCH),protocol,,Etherscan label (octal mirror) / DeFi,https://etherscan.io/accounts/label/defi,community
ethereum,0x1321f1f1aa541a56c31682c57b80ecfccd9bb288,ARCx Governance Token (ARCX),protocol,,Etherscan label (octal mirror) / DeFi,https://etherscan.io/accounts/label/defi,community
ethereum,0x29917c3b1c2b4779a7b61f08d98b3da0fcf3b6a4,ArgenPeso (ARGP),protocol,,Etherscan label / Stablecoin,https://etherscan.io/accounts/label/stablecoin,community
ethereum,0xbb6cf73a00f480d0951ba979a7606857cdde626b,Arix (ARIX),protocol,,Etherscan label / DEX,https://etherscan.io/accounts/label/dex,community
ethereum,0x1337def18c680af1f9f45cbcab6309562975b1dd,Armor NXM (arNXM),protocol,,Etherscan label (octal mirror) / DeFi,https://etherscan.io/accounts/label/defi,community
ethereum,0xcdd0a6b15b49a9eb3ce011cce22fac2ccf09ece6,ARMTOKEN (TARM),protocol,,Etherscan label (octal mirror) / DeFi,https://etherscan.io/accounts/label/defi,community
ethereum,0x84b588a04bb152b0ee7a4c2a57917889a8c27c53,Artem ARTT (aARTT),protocol,,Etherscan label (octal mirror) / DeFi,https://etherscan.io/accounts/label/defi,community
ethereum,0x4f3781fb0811fd0b4ba6cc9450990e878fd07546,Artem FTX Token (aFTT),protocol,,Etherscan label (octal mirror) / DeFi,https://etherscan.io/accounts/label/defi,community
ethereum,0xec8318cb5b5d2892d92a473a32a2bc2fa2a7604a,Artem Uniswap (aUNI),protocol,,Etherscan label (octal mirror) / DeFi,https://etherscan.io/accounts/label/defi,community
ethereum,0x878be6f0aaf2dde7d21801a799d7aab9bdf1dc7a,Artem USDT (aUSDT),protocol,,Etherscan label (octal mirror) / DeFi,https://etherscan.io/accounts/label/defi,community
ethereum,0xcbf5b2212087c21edcf2fc599a4619250bad39a2,Artem Wrapped BTC (aWBTC),protocol,,Etherscan label (octal mirror) / DeFi,https://etherscan.io/accounts/label/defi,community
ethereum,0x741b0428efdf4372a8df6fb54b018db5e5ab7710,ARTX Token (ARTX),protocol,,Etherscan label (octal mirror) / DeFi,https://etherscan.io/accounts/label/defi,community
ethereum,0x735fa792e731a2e8f83f32eb539841b7b72e6d8f,ARYZE eEUR (eEUR),protocol,,Etherscan label (octal mirror) / Stablecoin,https://etherscan.io/accounts/label/stablecoin,community
ethereum,0xa4335da338ec4c07c391fc1a9bf75f306adadc08,ARYZE eUSD (eUSD),protocol,,Etherscan label (octal mirror) / Stablecoin,https://etherscan.io/accounts/label/stablecoin,community
ethereum,0x93b5f52cbe50be12ce6b89ca6e28525ca579cbf9,Asac Coin Finance Token (ASAC),protocol,,Etherscan label (octal mirror) / DeFi,https://etherscan.io/accounts/label/defi,community
ethereum,0xcbd0595113c173ab7746347d0600d390a85a7eea,Ascend (ACE),protocol,,Etherscan label (octal mirror) / DeFi,https://etherscan.io/accounts/label/defi,community
ethereum,0x705d6cbf5352b29b4f4ee0bbe0788721f961abcd,asi.finance (ASI),protocol,,Etherscan label (octal mirror) / DeFi,https://etherscan.io/accounts/label/defi,community
ethereum,0x2c4f1df9c7de0c59778936c9b145ff56813f3295,AssetMantle (MNTL),protocol,,Etherscan label (octal mirror) / DeFi,https://etherscan.io/accounts/label/defi,community
ethereum,0x7e9c15c43f0d6c4a12e6bdff7c7d55d0f80e3e23,Astra DAO (ASTRA),protocol,,Etherscan label (octal mirror) / DeFi,https://etherscan.io/accounts/label/defi,community
ethereum,0x67d85a291fcdc862a78812a3c26d55e28ffb2701,Asymetrix Governance Token,protocol,,Etherscan label / Protocol,https://etherscan.io/accounts/label/protocol,community
ethereum,0xcd51df5142156bd92e7a9494dd2b9362f5078d64,Attestant (BVI) Limited: Lido Node Operator,protocol,,Etherscan label / Lido,https://etherscan.io/accounts/label/lido,community
ethereum,0x44e2dec86b9f0e0266e9aa66e10323a2bd69cf9a,Attrace (ATTR),protocol,,Etherscan label (octal mirror) / DeFi,https://etherscan.io/accounts/label/defi,community
ethereum,0xc0c293ce456ff0ed870add98a0828dd4d2903dbf,Aura (AURA),protocol,,Etherscan label (octal mirror) / DeFi,https://etherscan.io/accounts/label/defi,community
ethereum,0x616e8bfa43f920657b3497dbf40d6b1a02d4608d,Aura BAL (auraBAL),protocol,,Etherscan label (octal mirror) / DeFi,https://etherscan.io/accounts/label/defi,community
ethereum,0x1ab43204a195a0fd37edec621482afd3792ef90b,Aurigami Token (PLY),protocol,,Etherscan label (octal mirror) / DeFi,https://etherscan.io/accounts/label/defi,community
ethereum,0xaaaaaa20d9e0e2461697782ef11675f668207961,Aurora (AURORA),protocol,,Etherscan label / Bridge,https://etherscan.io/accounts/label/bridge,community
ethereum,0xcdcfc0f66c522fd086a1b725ea3c0eeb9f9e8814,Aurora DAO (AURA),protocol,,Etherscan label / IDEX,https://etherscan.io/accounts/label/idex,community
ethereum,0xd7e0f80fb28233bdde0006c50568606a8feb964c,Australian Dollar,protocol,,Etherscan label / Stablecoin,https://etherscan.io/accounts/label/stablecoin,community
ethereum,0xc813ea5e3b48bebeedb796ab42a30c5599b01740,Autonio (NIOX),protocol,,Etherscan label / DEX,https://etherscan.io/accounts/label/dex,community
ethereum,0xdac7bb7ce4ff441a235f08408e632fa1d799a147,Avalanche: Avalanche-Ethereum Bridge,protocol,,Etherscan label / Bridge,https://etherscan.io/accounts/label/bridge,community
ethereum,0x8eb8a3b98659cce290402893d0123abb75e3ab28,Avalanche: Bridge,protocol,,Etherscan label / Bridge,https://etherscan.io/accounts/label/bridge,community
ethereum,0xe78388b4ce79068e89bf8aa7f218ef6b9ab0e9d0,Avalanche: Old Bridge,protocol,,Etherscan label / Bridge,https://etherscan.io/accounts/label/bridge,community
ethereum,0xfd63e521c7cd1a1c7bc8da731c2b957738e49540,AWOO Finance (AWOO),protocol,,Etherscan label (octal mirror) / DeFi,https://etherscan.io/accounts/label/defi,community
ethereum,0x1a2a1c938ce3ec39b6d47113c7955baa9dd454f2,Axie Infinity: Ronin Bridge,protocol,,Etherscan label / Bridge,https://etherscan.io/accounts/label/bridge,community
ethereum,0x64192819ac13ef72bf6b5ae239ac672b43a9af08,Axie Infinity: Ronin Bridge V2,protocol,,Etherscan label / Bridge,https://etherscan.io/accounts/label/bridge,community
ethereum,0x73ee6d7e6b203125add89320e9f343d65ec7c39a,Axioms (AXI),protocol,,Etherscan label (octal mirror) / DeFi,https://etherscan.io/accounts/label/defi,community
ethereum,0xecc0f1f860a82ab3b442382d93853c02d6384389,AXIS (AXIS),protocol,,Etherscan label (octal mirror) / DeFi,https://etherscan.io/accounts/label/defi,community
ethereum,0x737901bea3eeb88459df9ef1be8ff3ae1b42a2ba,Aztec: Private Rollup Bridge,protocol,,Etherscan label / Bridge,https://etherscan.io/accounts/label/bridge,community
ethereum,0xbbbbbbb5aa847a2003fbc6b5c16df0bd1e725f61,B.Protocol (BPRO),protocol,,Etherscan label (octal mirror) / DeFi,https://etherscan.io/accounts/label/defi,community
ethereum,0x481de76d5ab31e28a33b0ea1c1063adcb5b1769a,B26 (B26),protocol,,Etherscan label (octal mirror) / DeFi,https://etherscan.io/accounts/label/defi,community
ethereum,0x7d05c2263cecabf8baf94bbbd3b5656583b5444c,BABE Token (BABE),protocol,,Etherscan label (octal mirror) / DeFi,https://etherscan.io/accounts/label/defi,community
ethereum,0xac57de9c1a09fec648e93eb98875b212db0d460b,Baby Doge Coin,protocol,,Etherscan token / DefiLlama,https://etherscan.io/token/0xac57de9c1a09fec648e93eb98875b212db0d460b,community
ethereum,0x3449fc1cd036255ba1eb19d65ff4ba2b8903a69a,BAC (BAC),protocol,,Etherscan label / Stablecoin,https://etherscan.io/accounts/label/algorithmic-stablecoin,community
ethereum,0xa54d2ebfd977ad836203c85f18db2f0a0cf88854,BaconCoin (BACON),protocol,,Etherscan label (octal mirror) / DeFi,https://etherscan.io/accounts/label/defi,community
ethereum,0xfd05d3c7fe2924020620a8be4961bbaa747e6305,Badger Vested Escrow Convex Token (bveCVX),protocol,,Etherscan label (octal mirror) / DeFi,https://etherscan.io/accounts/label/defi,community
ethereum,0xf5789816891ae6a009716085ed59d3347b12e7d7,Bae.finance (BAE),protocol,,Etherscan label (octal mirror) / DeFi,https://etherscan.io/accounts/label/defi,community
ethereum,0x5c6ee304399dbdb9c8ef030ab642b10820db8f56,Balancer 80 BAL 20 WETH,protocol,,Etherscan label / DEX,https://etherscan.io/accounts/label/dex,community
ethereum,0xe51b8ab09008285a0380dd2680cd9dd5e13924d3,BallSwap (BSP),protocol,,Etherscan label (octal mirror) / DeFi,https://etherscan.io/accounts/label/defi,community
ethereum,0xc898fbee1cc94c0ff077faa5449915a506eff384,Bamboo Relay,protocol,,Etherscan label / DEX,https://etherscan.io/accounts/label/dex,community
ethereum,0xf56842af3b56fd72d17cb103f92d027bba912e89,BambooDeFi (BAMBOO),protocol,,Etherscan label (octal mirror) / DeFi,https://etherscan.io/accounts/label/defi,community
ethereum,0x6e1d23c4a06159986a852b540254e231589fdeb8,Bancor 1INCH Pool Token (bn1INCH),protocol,,Etherscan label (octal mirror) / DeFi,https://etherscan.io/accounts/label/defi,community
ethereum,0xd53c78ae13807b7b7d12ff09dd8419f3d0283582,Bancor 1ONE Pool Token (bn1ONE),protocol,,Etherscan label (octal mirror) / DeFi,https://etherscan.io/accounts/label/defi,community
ethereum,0xa11f858a06bdcc797c8824a01ef154b311576e03,Bancor AAVE Pool Token (bnAAVE),protocol,,Etherscan label (octal mirror) / DeFi,https://etherscan.io/accounts/label/defi,community
ethereum,0x3b8c052c93549517a30ae010a7dee675238b692c,Bancor ACRE Pool Token (bnACRE),protocol,,Etherscan label (octal mirror) / DeFi,https://etherscan.io/accounts/label/defi,community
ethereum,0xf1ec79472f74a393f250b9bc5ed65ebdb3df812a,Bancor ALCX Pool Token (bnALCX),protocol,,Etherscan label (octal mirror) / DeFi,https://etherscan.io/accounts/label/defi,community
ethereum,0x47e0876c3af1540d55381168605ab4a453b24094,Bancor ALEPH Pool Token (bnALEPH),protocol,,Etherscan label (octal mirror) / DeFi,https://etherscan.io/accounts/label/defi,community
ethereum,0x87a5b58d14bd04e7f1443d2819ab7d6a4acee7d1,Bancor ALPHA Pool Token (bnALPHA),protocol,,Etherscan label (octal mirror) / DeFi,https://etherscan.io/accounts/label/defi,community
ethereum,0x9c6a15350fe6af286302497a4c2026254980511a,Bancor AMP Pool Token (bnAMP),protocol,,Etherscan label (octal mirror) / DeFi,https://etherscan.io/accounts/label/defi,community
ethereum,0x260a4d74cd0a207fc98290bdc7c51700e59de432,Bancor ANKR Pool Token (bnANKR),protocol,,Etherscan label (octal mirror) / DeFi,https://etherscan.io/accounts/label/defi,community
ethereum,0x0ddacad0d1f0ad2d2866f9aa73745d0da203897f,Bancor ANT Pool Token (bnANT),protocol,,Etherscan label (octal mirror) / DeFi,https://etherscan.io/accounts/label/defi,community
ethereum,0x0a95920cd600478e2af01b900e185cab29c92bc2,Bancor APW Pool Token (bnAPW),protocol,,Etherscan label (octal mirror) / DeFi,https://etherscan.io/accounts/label/defi,community
ethereum,0xd3584d9fdff3f6a23e2bad04d3cb6ad56ed5f2ce,Bancor ARCONA Pool Token (bnARCONA),protocol,,Etherscan label (octal mirror) / DeFi,https://etherscan.io/accounts/label/defi,community
ethereum,0x26d9cc4a2076d426af14fae0012c1c4367d42eeb,Bancor ARMOR Pool Token (bnARMOR),protocol,,Etherscan label (octal mirror) / DeFi,https://etherscan.io/accounts/label/defi,community
ethereum,0xf4bcd8701708c07d63d38137cbdcd50d6f4671fe,Bancor AST Pool Token (bnAST),protocol,,Etherscan label (octal mirror) / DeFi,https://etherscan.io/accounts/label/defi,community
ethereum,0x0a8999e064ae4954dae9a7758aa4dc9995218576,Bancor AUC Pool Token (bnAUC),protocol,,Etherscan label (octal mirror) / DeFi,https://etherscan.io/accounts/label/defi,community
ethereum,0xb67f01c0488e075423f21b29b4b417bf3198a100,Bancor BAL Pool Token (bnBAL),protocol,,Etherscan label (octal mirror) / DeFi,https://etherscan.io/accounts/label/defi,community
ethereum,0xc70d66889c6cd013cc549daf0bdc96127ab1c9f0,Bancor BAT Pool Token (bnBAT),protocol,,Etherscan label (octal mirror) / DeFi,https://etherscan.io/accounts/label/defi,community
ethereum,0x42316766112f4fd08907985d1a4990fef4d0fad5,Bancor bBADGER Pool Token (bnbBADGER),protocol,,Etherscan label (octal mirror) / DeFi,https://etherscan.io/accounts/label/defi,community
ethereum,0xf07708f391ab7bb44f256d71a3220fc77cff2cfa,Bancor BBS Pool Token (bnBBS),protocol,,Etherscan label (octal mirror) / DeFi,https://etherscan.io/accounts/label/defi,community
ethereum,0x2d7533f457036e3de1ae5749ccbac1acbd73bd13,Bancor bDIGG Pool Token (bnbDIGG),protocol,,Etherscan label (octal mirror) / DeFi,https://etherscan.io/accounts/label/defi,community
ethereum,0xc9f704d7fc239a8fd795f8a57b66b83498558175,Bancor BMI Pool Token (bnBMI),protocol,,Etherscan label (octal mirror) / DeFi,https://etherscan.io/accounts/label/defi,community
ethereum,0x2588bf8c3980d31e310b4541dac3bd41899890b9,Bancor BNB Pool Token (bnBNB),protocol,,Etherscan label (octal mirror) / DeFi,https://etherscan.io/accounts/label/defi,community
ethereum,0x586592d68a0164e9aada246076cab0b20dba761d,Bancor BOBA Pool Token (bnBOBA),protocol,,Etherscan label (octal mirror) / DeFi,https://etherscan.io/accounts/label/defi,community
ethereum,0x958c2baedca82fdf9c178492c8b2a4f77ace4aea,Bancor BOND Pool Token (bnBOND),protocol,,Etherscan label (octal mirror) / DeFi,https://etherscan.io/accounts/label/defi,community
ethereum,0x9c0517d3426ab7d835223192891b7d6ea7a711d7,Bancor BORING Pool Token (bnBORING),protocol,,Etherscan label (octal mirror) / DeFi,https://etherscan.io/accounts/label/defi,community
ethereum,0x718bdbaa2d58bb782204de639718cce3e3b005da,Bancor BZRX Pool Token (bnBZRX),protocol,,Etherscan label (octal mirror) / DeFi,https://etherscan.io/accounts/label/defi,community
ethereum,0x9d660785ad7b846354958a72d4de19abc7c35424,Bancor CEL Pool Token (bnCEL),protocol,,Etherscan label (octal mirror) / DeFi,https://etherscan.io/accounts/label/defi,community
ethereum,0x67d4c471b6348b21cf0842991ec4dfafc2d68e58,Bancor CHZ Pool Token (bnCHZ),protocol,,Etherscan label (octal mirror) / DeFi,https://etherscan.io/accounts/label/defi,community
ethereum,0x739682ef459f2288d64d15a16890804b715c058e,Bancor COMP Pool Token (bnCOMP),protocol,,Etherscan label (octal mirror) / DeFi,https://etherscan.io/accounts/label/defi,community
ethereum,0x4155b61b6008f511871035f8d5a6496885b77f22,Bancor COT Pool Token (bnCOT),protocol,,Etherscan label (octal mirror) / DeFi,https://etherscan.io/accounts/label/defi,community
ethereum,0x0881cb3128839bd5f366d3dbbf942c2e311ef4fb,Bancor CRO Pool Token (bnCRO),protocol,,Etherscan label (octal mirror) / DeFi,https://etherscan.io/accounts/label/defi,community
ethereum,0x356d286a49f484b73e58d757d85fc5abc9ebf4f2,Bancor CROWN Pool Token (bnCROWN),protocol,,Etherscan label (octal mirror) / DeFi,https://etherscan.io/accounts/label/defi,community
ethereum,0x9b6092672708eb6322c91e5ff39f6961669f908e,Bancor CRV Pool Token (bnCRV),protocol,,Etherscan label (octal mirror) / DeFi,https://etherscan.io/accounts/label/defi,community
ethereum,0xfdf6b075735c3799da21d141b8d2bbfcced48202,Bancor CTSI Pool Token (bnCTSI),protocol,,Etherscan label (octal mirror) / DeFi,https://etherscan.io/accounts/label/defi,community
ethereum,0x06cd589760da4616a0606da1367855808196c352,Bancor DAI Pool Token (bnDAI),protocol,,Etherscan label (octal mirror) / DeFi,https://etherscan.io/accounts/label/defi,community
ethereum,0x1e750736aa78fa8992b6d04f6aae6d002980e72f,Bancor DAO Pool Token (bnDAO),protocol,,Etherscan label (octal mirror) / DeFi,https://etherscan.io/accounts/label/defi,community
ethereum,0xe29f00006a4276f698fa259cbd7edbe44e4da33e,Bancor DAPP Pool Token (bnDAPP),protocol,,Etherscan label (octal mirror) / DeFi,https://etherscan.io/accounts/label/defi,community
ethereum,0x82031b1fc4469c4895fb4fdcf37a73e122190455,Bancor DATA Pool Token (bnDATA),protocol,,Etherscan label (octal mirror) / DeFi,https://etherscan.io/accounts/label/defi,community
ethereum,0xa76acb9ec942a2a47689dce280111e9c9a0ea636,Bancor DDX Pool Token (bnDDX),protocol,,Etherscan label (octal mirror) / DeFi,https://etherscan.io/accounts/label/defi,community
ethereum,0x89caa8224b1df9f8be2bf43befc34b91773832d2,Bancor DEXE Pool Token (bnDEXE),protocol,,Etherscan label (octal mirror) / DeFi,https://etherscan.io/accounts/label/defi,community
ethereum,0xbb309a037c5f2a6a3b84f54ac8754c90e77349d0,Bancor DIP Pool Token (bnDIP),protocol,,Etherscan label (octal mirror) / DeFi,https://etherscan.io/accounts/label/defi,community
ethereum,0x7956190e453b955b4410f003c479f8dfeee944e3,Bancor DRC Pool Token (bnDRC),protocol,,Etherscan label (octal mirror) / DeFi,https://etherscan.io/accounts/label/defi,community
ethereum,0x7537b8914d96f44c58d700e6be6b97be05afb3df,Bancor DUSK Pool Token (bnDUSK),protocol,,Etherscan label (octal mirror) / DeFi,https://etherscan.io/accounts/label/defi,community
ethereum,0xa0b0f11d342fa5f6c5ed54a9a14013b498f2dc99,Bancor DXD Pool Token (bnDXD),protocol,,Etherscan label (octal mirror) / DeFi,https://etherscan.io/accounts/label/defi,community
ethereum,0xbb200f245d8e8a29ddf9b3899c29ebea565852a9,Bancor DYDX Pool Token (bnDYDX),protocol,,Etherscan label (octal mirror) / DeFi,https://etherscan.io/accounts/label/defi,community
ethereum,0x3ed1907d74d083a9213497a14329a82ff5d2cfeb,Bancor EDEN Pool Token (bnEDEN),protocol,,Etherscan label (octal mirror) / DeFi,https://etherscan.io/accounts/label/defi,community
ethereum,0x46336156b4f150ef21d01a052cf8017b9d6ed965,Bancor ELF Pool Token (bnELF),protocol,,Etherscan label (octal mirror) / DeFi,https://etherscan.io/accounts/label/defi,community
ethereum,0x9250fd963a7c7d23a1e5ca9ade6c43cf5e846b20,Bancor ENJ Pool Token (bnENJ),protocol,,Etherscan label (octal mirror) / DeFi,https://etherscan.io/accounts/label/defi,community
ethereum,0xe875c8b32c0187598a62091f8262a2bf2973c85b,Bancor ENS Pool Token (bnENS),protocol,,Etherscan label (octal mirror) / DeFi,https://etherscan.io/accounts/label/defi,community
ethereum,0x4e96c8a57bcdf31d9c89b3dc9ada6809050863d1,Bancor eRSDL Pool Token (bneRSDL),protocol,,Etherscan label (octal mirror) / DeFi,https://etherscan.io/accounts/label/defi,community
ethereum,0x256ed1d83e3e4efdda977389a5389c3433137dda,Bancor ETH Pool Token (bnETH),protocol,,Etherscan label (octal mirror) / DeFi,https://etherscan.io/accounts/label/defi,community
ethereum,0xf83d4d92ca8f75a7dee85e6434a2e231f23261fd,Bancor EWTB Pool Token (bnEWTB),protocol,,Etherscan label (octal mirror) / DeFi,https://etherscan.io/accounts/label/defi,community
ethereum,0x4e9a47aa88dea5902001748a21869de19992643e,Bancor FARM Pool Token (bnFARM),protocol,,Etherscan label (octal mirror) / DeFi,https://etherscan.io/accounts/label/defi,community
ethereum,0xc2409e2562003254034630f80127703bec977685,Bancor FODL Pool Token (bnFODL),protocol,,Etherscan label (octal mirror) / DeFi,https://etherscan.io/accounts/label/defi,community
ethereum,0x8a8cf4809155f260c6af61aa8cfe8b55789cf94d,Bancor FOX Pool Token (bnFOX),protocol,,Etherscan label (octal mirror) / DeFi,https://etherscan.io/accounts/label/defi,community
ethereum,0x261191f870f8e6b3c433c9705d99f32b1692a063,Bancor FRM Pool Token (bnFRM),protocol,,Etherscan label (octal mirror) / DeFi,https://etherscan.io/accounts/label/defi,community
ethereum,0xf0d74eaa60466112c9e496ad0ba47efbcbc8b568,Bancor FTT Pool Token (bnFTT),protocol,,Etherscan label (octal mirror) / DeFi,https://etherscan.io/accounts/label/defi,community
ethereum,0xad6dd99514366c1a1388a104861848b2971eeebe,Bancor FXS Pool Token (bnFXS),protocol,,Etherscan label (octal mirror) / DeFi,https://etherscan.io/accounts/label/defi,community
ethereum,0x79a000c4ad48cbe047efe319a7e2849b66ee1fb3,Bancor GNO Pool Token (bnGNO),protocol,,Etherscan label (octal mirror) / DeFi,https://etherscan.io/accounts/label/defi,community
ethereum,0x0c39c7f6b24ed0e30b453b83cf5d4cf2c5bd3a9e,Bancor GRT Pool Token (bnGRT),protocol,,Etherscan label (octal mirror) / DeFi,https://etherscan.io/accounts/label/defi,community
ethereum,0xe135d86fac3838bb47690cc2d913b1264e9a3a57,Bancor GTC Pool Token (bnGTC),protocol,,Etherscan label (octal mirror) / DeFi,https://etherscan.io/accounts/label/defi,community
ethereum,0xb01bb3d358e50c8e2016f85e4935bc4d1273c483,Bancor GUSD Pool Token (bnGUSD),protocol,,Etherscan label (octal mirror) / DeFi,https://etherscan.io/accounts/label/defi,community
ethereum,0x5f2e01fb817ba54cb3df96d8c9be51071f3f7dfc,Bancor HEGIC Pool Token (bnHEGIC),protocol,,Etherscan label (octal mirror) / DeFi,https://etherscan.io/accounts/label/defi,community
ethereum,0x70a7e8c220aafd32ad280d6f666b9ffdf10fbb1e,Bancor HOT Pool Token (bnHOT),protocol,,Etherscan label (octal mirror) / DeFi,https://etherscan.io/accounts/label/defi,community
ethereum,0x402985c23aa04db5b5eda40e53dc3fb55679e56a,Bancor HY Pool Token (bnHY),protocol,,Etherscan label (octal mirror) / DeFi,https://etherscan.io/accounts/label/defi,community
ethereum,0x36fabe4caef8c190550b6f93c306a5644e7dcef6,Bancor ICHI Pool Token (bnICHI),protocol,,Etherscan label (octal mirror) / DeFi,https://etherscan.io/accounts/label/defi,community
ethereum,0x700616e07ed859231562304a5eb58b498e231b43,Bancor IDLE Pool Token (bnIDLE),protocol,,Etherscan label (octal mirror) / DeFi,https://etherscan.io/accounts/label/defi,community
ethereum,0x1cb8630bbb5d3d693a208d45c450dd6ea56c0d42,Bancor INDEX Pool Token (bnINDEX),protocol,,Etherscan label (octal mirror) / DeFi,https://etherscan.io/accounts/label/defi,community
ethereum,0x86284e900e93748a52d86153ce7b25fabd04308c,Bancor INST Pool Token (bnINST),protocol,,Etherscan label (octal mirror) / DeFi,https://etherscan.io/accounts/label/defi,community
ethereum,0x71d2beb87f0b4f67cc5f2014d6db0d5b160dbff7,Bancor KNC Pool Token (bnKNC),protocol,,Etherscan label (octal mirror) / DeFi,https://etherscan.io/accounts/label/defi,community
ethereum,0xaefc24b05099170d5981c1ed741d288eb6b2c578,Bancor KTN Pool Token (bnKTN),protocol,,Etherscan label (octal mirror) / DeFi,https://etherscan.io/accounts/label/defi,community
ethereum,0x516c164a879892a156920a215855c3416616c46e,Bancor LINK Pool Token (bnLINK),protocol,,Etherscan label (octal mirror) / DeFi,https://etherscan.io/accounts/label/defi,community
ethereum,0xd1d99e7bc649d2b8e01eca22908dba5813ae6f10,Bancor Liquidity Mining T-Shirt Tok... (BNLM),protocol,,Etherscan label (octal mirror) / DeFi,https://etherscan.io/accounts/label/defi,community
ethereum,0x5d74b268d60d70cb35487f8c7a2def58c13b5a36,Bancor LPL Pool Token (bnLPL),protocol,,Etherscan label (octal mirror) / DeFi,https://etherscan.io/accounts/label/defi,community
ethereum,0xcf7b9dee192f1051c1110c4a97c2899f25e182dc,Bancor LQTY Pool Token (bnLQTY),protocol,,Etherscan label (octal mirror) / DeFi,https://etherscan.io/accounts/label/defi,community
ethereum,0xff76ddaac3801220eefd4cf222d0bbb718814151,Bancor LRC Pool Token (bnLRC),protocol,,Etherscan label (octal mirror) / DeFi,https://etherscan.io/accounts/label/defi,community
ethereum,0x3b99d8037c32b908504552af3badea2918c3c8ff,Bancor LYRA Pool Token (bnLYRA),protocol,,Etherscan label (octal mirror) / DeFi,https://etherscan.io/accounts/label/defi,community
ethereum,0xd56410dbb0e148a7d8476a169f9afe715e315bb9,Bancor MANA Pool Token (bnMANA),protocol,,Etherscan label (octal mirror) / DeFi,https://etherscan.io/accounts/label/defi,community
ethereum,0xe072a0240b3fd65fd710b3476e642369066a19da,Bancor MASK Pool Token (bnMASK),protocol,,Etherscan label (octal mirror) / DeFi,https://etherscan.io/accounts/label/defi,community
ethereum,0xadf829f541a57ef2af4d8a07a7920f7229684dda,Bancor MATIC Pool Token (bnMATIC),protocol,,Etherscan label (octal mirror) / DeFi,https://etherscan.io/accounts/label/defi,community
ethereum,0xa3d1cf298a0de8784e4adcfc3d1cd95f28488ac4,Bancor MFG Pool Token (bnMFG),protocol,,Etherscan label (octal mirror) / DeFi,https://etherscan.io/accounts/label/defi,community
ethereum,0x547623ce82320e9f5cb6b2e2ebd191d0ab746332,Bancor MFI Pool Token (bnMFI),protocol,,Etherscan label (octal mirror) / DeFi,https://etherscan.io/accounts/label/defi,community
ethereum,0x40dfb80a253414c07e8189b863424fb19521749b,Bancor MKR Pool Token (bnMKR),protocol,,Etherscan label (octal mirror) / DeFi,https://etherscan.io/accounts/label/defi,community
ethereum,0x1d8c75890ced80f10b18234158b0f39cd0df9c67,Bancor MLN Pool Token (bnMLN),protocol,,Etherscan label (octal mirror) / DeFi,https://etherscan.io/accounts/label/defi,community
ethereum,0x9cebc8bcf891243b25eadf25c9f034a9d7dccd5b,Bancor MONA Pool Token (bnMONA),protocol,,Etherscan label (octal mirror) / DeFi,https://etherscan.io/accounts/label/defi,community
ethereum,0x8cdce5c7e8738da11c66385347dcd928a3530c77,Bancor MPH Pool Token (bnMPH),protocol,,Etherscan label (octal mirror) / DeFi,https://etherscan.io/accounts/label/defi,community
ethereum,0x69bd8a94453aad1674b79baef2bb4c063c08a7a5,Bancor MTA Pool Token (bnMTA),protocol,,Etherscan label (octal mirror) / DeFi,https://etherscan.io/accounts/label/defi,community
ethereum,0xc6dc200a627d6c8e91179b2619f2ad17d6656677,Bancor NDX Pool Token (bnNDX),protocol,,Etherscan label (octal mirror) / DeFi,https://etherscan.io/accounts/label/defi,community
ethereum,0x579841862145d9b4f21fd75d2d31dcae8f50580a,Bancor NEXO Pool Token (bnNEXO),protocol,,Etherscan label (octal mirror) / DeFi,https://etherscan.io/accounts/label/defi,community
ethereum,0x40153a12b125f37d43d7cce0c701d7aedc0b85d4,Bancor NMR Pool Token (bnNMR),protocol,,Etherscan label (octal mirror) / DeFi,https://etherscan.io/accounts/label/defi,community
ethereum,0x67584702b54eb035c3262f99a5557a66a3f675fb,Bancor NOIA Pool Token (bnNOIA),protocol,,Etherscan label (octal mirror) / DeFi,https://etherscan.io/accounts/label/defi,community
ethereum,0xe56249d86e692f6cd9aab091fc7b08edfe03b7cb,Bancor OCEAN Pool Token (bnOCEAN),protocol,,Etherscan label (octal mirror) / DeFi,https://etherscan.io/accounts/label/defi,community
ethereum,0xd96d254af167c1730a563f251a12d6bc232fc388,Bancor OMG Pool Token (bnOMG),protocol,,Etherscan label (octal mirror) / DeFi,https://etherscan.io/accounts/label/defi,community
ethereum,0xb334194c16c0a79884a0d5ebd24b4fcab3dfdabc,Bancor OPIUM Pool Token (bnOPIUM),protocol,,Etherscan label (octal mirror) / DeFi,https://etherscan.io/accounts/label/defi,community
ethereum,0x8296961a86c3bd1214a953ea801bc28e45bb3938,Bancor PATH Pool Token (bnPATH),protocol,,Etherscan label (octal mirror) / DeFi,https://etherscan.io/accounts/label/defi,community
ethereum,0x471f060dc1e87c114aac7f58d36962869f8ceb8f,Bancor PERP Pool Token (bnPERP),protocol,,Etherscan label (octal mirror) / DeFi,https://etherscan.io/accounts/label/defi,community
ethereum,0x5be7b2244fb0f4aeddcdfa2dfaebad54990adbf3,Bancor PHTR Pool Token (bnPHTR),protocol,,Etherscan label (octal mirror) / DeFi,https://etherscan.io/accounts/label/defi,community
ethereum,0x3bcc0ceb27b94526c46c126c84992939e32a384c,Bancor PLR Pool Token (bnPLR),protocol,,Etherscan label (octal mirror) / DeFi,https://etherscan.io/accounts/label/defi,community
ethereum,0x82a726fac512ebf60c9fa49e8790a46d00643855,Bancor POOLZ Pool Token (bnPOOLZ),protocol,,Etherscan label (octal mirror) / DeFi,https://etherscan.io/accounts/label/defi,community
ethereum,0x3289aedc9320a5d5a730503a71ffb0cd62872680,Bancor POWR Pool Token (bnPOWR),protocol,,Etherscan label (octal mirror) / DeFi,https://etherscan.io/accounts/label/defi,community
ethereum,0xb3093387e3d7da06d17ba1e4538219a06bed31b3,Bancor PSP Pool Token (bnPSP),protocol,,Etherscan label (octal mirror) / DeFi,https://etherscan.io/accounts/label/defi,community
ethereum,0x8b2368faf88a4dd5b61c52b5862952331293b349,Bancor QNT Pool Token (bnQNT),protocol,,Etherscan label (octal mirror) / DeFi,https://etherscan.io/accounts/label/defi,community
ethereum,0xf28b45ee5cc3279976820327238764d56961956d,Bancor QUICK Pool Token (bnQUICK),protocol,,Etherscan label (octal mirror) / DeFi,https://etherscan.io/accounts/label/defi,community
ethereum,0x680d95629fda70cdf8b5f72e96ca8891e730d6d8,Bancor RAIL Pool Token (bnRAIL),protocol,,Etherscan label (octal mirror) / DeFi,https://etherscan.io/accounts/label/defi,community
ethereum,0x6d223e23c9f945bcf87c6c151a4dda69589d33ca,Bancor RARI Pool Token (bnRARI),protocol,,Etherscan label (octal mirror) / DeFi,https://etherscan.io/accounts/label/defi,community
ethereum,0x49bdfdf9d103610413be6ecb25c194ce1d803bd3,Bancor REN Pool Token (bnREN),protocol,,Etherscan label (octal mirror) / DeFi,https://etherscan.io/accounts/label/defi,community
ethereum,0x651e0a4bc7f13889a0d38dd72f399b4b8d2927b5,Bancor renBTC Pool Token (bnrenBTC),protocol,,Etherscan label (octal mirror) / DeFi,https://etherscan.io/accounts/label/defi,community
ethereum,0x20cc6afdac62f6f618688e14456de01c5a8ac729,Bancor renZEC Pool Token (bnrenZEC),protocol,,Etherscan label (octal mirror) / DeFi,https://etherscan.io/accounts/label/defi,community
ethereum,0x465ed8e9f989d509efa38437f7bf610873d91309,Bancor REQ Pool Token (bnREQ),protocol,,Etherscan label (octal mirror) / DeFi,https://etherscan.io/accounts/label/defi,community
ethereum,0xcdd8d805553899d9c89ffabb03b42a1f6ad983fc,Bancor rETH Pool Token (bnrETH),protocol,,Etherscan label (octal mirror) / DeFi,https://etherscan.io/accounts/label/defi,community
ethereum,0x2d9d99d4aac96987637f0be8d1fa9930e0c4447d,Bancor RLC Pool Token (bnRLC),protocol,,Etherscan label (octal mirror) / DeFi,https://etherscan.io/accounts/label/defi,community
ethereum,0x9a870b9263554d3d4725a5f7f0df7ea6a860bc82,Bancor RNB Pool Token (bnRNB),protocol,,Etherscan label (octal mirror) / DeFi,https://etherscan.io/accounts/label/defi,community
ethereum,0xe4becd393ed7cfdeef9f513a3fe6bbaac923caa9,Bancor ROOK Pool Token (bnROOK),protocol,,Etherscan label (octal mirror) / DeFi,https://etherscan.io/accounts/label/defi,community
ethereum,0x7bb2464326e623a353e00a37fa557628e865f014,Bancor RPL Pool Token (bnRPL),protocol,,Etherscan label (octal mirror) / DeFi,https://etherscan.io/accounts/label/defi,community
ethereum,0xe366509d226badcd6e4c20d669d736a40200ffd5,Bancor RUNE Pool Token (bnRUNE),protocol,,Etherscan label (octal mirror) / DeFi,https://etherscan.io/accounts/label/defi,community
ethereum,0xcaf22463e210bd5e177d1a07a5b9afc8eec54ba8,Bancor SATA Pool Token (bnSATA),protocol,,Etherscan label (octal mirror) / DeFi,https://etherscan.io/accounts/label/defi,community
ethereum,0xb70fa6a2ddb5185756bc016f96d96c2201015972,Bancor SFI Pool Token (bnSFI),protocol,,Etherscan label (octal mirror) / DeFi,https://etherscan.io/accounts/label/defi,community
ethereum,0x71a2940c098c3a0222c796fc36ba7917ad4c2529,Bancor SHEESHA Pool Token (bnSHEESHA),protocol,,Etherscan label (octal mirror) / DeFi,https://etherscan.io/accounts/label/defi,community
ethereum,0xb0bf2da95a49d247331b713b0a2f3161f0e35de1,Bancor SHIBGF Pool Token (bnSHIBGF),protocol,,Etherscan label (octal mirror) / DeFi,https://etherscan.io/accounts/label/defi,community
ethereum,0x197e6794963d5f9febd9c456cf3e9c7a63214e43,Bancor SMARTCREDIT Pool Token (bnSMARTCREDIT),protocol,,Etherscan label (octal mirror) / DeFi,https://etherscan.io/accounts/label/defi,community
ethereum,0xd01ba6a1662437ff2a0c008498f9edb98c49d68c,Bancor SNX Pool Token (bnSNX),protocol,,Etherscan label (octal mirror) / DeFi,https://etherscan.io/accounts/label/defi,community
ethereum,0xec21f2ba8b3b6b7ea2782f0fc1e649a8c40558b3,Bancor STAKE Pool Token (bnSTAKE),protocol,,Etherscan label (octal mirror) / DeFi,https://etherscan.io/accounts/label/defi,community
ethereum,0x4c2d348faf409df7ea99f3f32aadd2a9d4318d51,Bancor SUSHI Pool Token (bnSUSHI),protocol,,Etherscan label (octal mirror) / DeFi,https://etherscan.io/accounts/label/defi,community
ethereum,0x9537d07406ca6c35b846ffdb99ae0e85040e8f91,Bancor T-Shirt Token (BNTEE),protocol,,Etherscan label (octal mirror) / DeFi,https://etherscan.io/accounts/label/defi,community
ethereum,0x90872554ca8beaa24fa1e29111428f8581a5dc3f,Bancor TEMP Pool Token (bnTEMP),protocol,,Etherscan label (octal mirror) / DeFi,https://etherscan.io/accounts/label/defi,community
ethereum,0xe783e6a78431e07379a5a1ad77da04dddd1785a8,Bancor THALES Pool Token (bnTHALES),protocol,,Etherscan label (octal mirror) / DeFi,https://etherscan.io/accounts/label/defi,community
ethereum,0x5a0a4442c00566100af66ba0f0c56a408a3400cf,Bancor TOMOE Pool Token (bnTOMOE),protocol,,Etherscan label (octal mirror) / DeFi,https://etherscan.io/accounts/label/defi,community
ethereum,0x23dbfe6e3104d059fd6f1ad3eafe06be448e4ca8,Bancor TRAC Pool Token (bnTRAC),protocol,,Etherscan label (octal mirror) / DeFi,https://etherscan.io/accounts/label/defi,community
ethereum,0xdd43ef15fe2a10faa27954a92e8bf2b16b63addd,Bancor TRU Pool Token (bnTRU),protocol,,Etherscan label (octal mirror) / DeFi,https://etherscan.io/accounts/label/defi,community
ethereum,0xb381673456120e95f8ff54ba987ecf4388ec3dcc,Bancor UMA Pool Token (bnUMA),protocol,,Etherscan label (octal mirror) / DeFi,https://etherscan.io/accounts/label/defi,community
ethereum,0x05bf6ca5f348d9575f360d6e29775f2477047a8d,Bancor UNI Pool Token (bnUNI),protocol,,Etherscan label (octal mirror) / DeFi,https://etherscan.io/accounts/label/defi,community
ethereum,0x8efae5a67f3d1805ac592b95afb21cb3a7f54cb5,Bancor UOS Pool Token (bnUOS),protocol,,Etherscan label (octal mirror) / DeFi,https://etherscan.io/accounts/label/defi,community
ethereum,0xad7bec56506d181f994ec380b1ba34fb3fbfbad3,Bancor USDC Pool Token (bnUSDC),protocol,,Etherscan label (octal mirror) / DeFi,https://etherscan.io/accounts/label/defi,community
ethereum,0xf4d96e11b531b99f1f04fbd77d39859a7689348d,Bancor USDT Pool Token (bnUSDT),protocol,,Etherscan label (octal mirror) / DeFi,https://etherscan.io/accounts/label/defi,community
ethereum,0xfa60aa4cd80b1e7aed9abdc5c63b5e21aee603ca,Bancor V2.1 T-Shirt Token (BNVT),protocol,,Etherscan label (octal mirror) / DeFi,https://etherscan.io/accounts/label/defi,community
ethereum,0x056b4873dcfe68041448bfd40262aec8c3a09bb8,Bancor vBNT Pool Token (bnvBNT),protocol,,Etherscan label (octal mirror) / DeFi,https://etherscan.io/accounts/label/defi,community
ethereum,0x67a5ab7c64334b8969dbb7668881ebd0a586ef21,Bancor VISION Pool Token (bnVISION),protocol,,Etherscan label (octal mirror) / DeFi,https://etherscan.io/accounts/label/defi,community
ethereum,0xdf0ee5acba19c92769eb2f51ffa4866daa8e3f1f,Bancor VITA Pool Token (bnVITA),protocol,,Etherscan label (octal mirror) / DeFi,https://etherscan.io/accounts/label/defi,community
ethereum,0x7a471625b42e63496fd82077573594ecd0ba88d5,Bancor VLX Pool Token (bnVLX),protocol,,Etherscan label (octal mirror) / DeFi,https://etherscan.io/accounts/label/defi,community
ethereum,0x2ce37087559cbe8022fa5d70a0c502b7ae03f290,Bancor WBTC Pool Token (bnWBTC),protocol,,Etherscan label (octal mirror) / DeFi,https://etherscan.io/accounts/label/defi,community
ethereum,0xa72279697db11f6f1ca9c3e666707edfc477c6d1,Bancor wNXM Pool Token (bnwNXM),protocol,,Etherscan label (octal mirror) / DeFi,https://etherscan.io/accounts/label/defi,community
ethereum,0x2fc8bc3ee171ed5610ba3093909421e90b47fc07,Bancor WOO Pool Token (bnWOO),protocol,,Etherscan label (octal mirror) / DeFi,https://etherscan.io/accounts/label/defi,community
ethereum,0x5cc2c42bb9ff433eee306ffce898c2de7866a0cd,Bancor wstETH Pool Token (bnwstETH),protocol,,Etherscan label (octal mirror) / DeFi,https://etherscan.io/accounts/label/defi,community
ethereum,0xfe5ff0fda76eae4fc1fd361aa2ae69a05ab7c503,Bancor WXT Pool Token (bnWXT),protocol,,Etherscan label (octal mirror) / DeFi,https://etherscan.io/accounts/label/defi,community
ethereum,0xb89bc052d590a56b5062d6f0022faa8c005566e6,Bancor xSUSHI Pool Token (bnxSUSHI),protocol,,Etherscan label (octal mirror) / DeFi,https://etherscan.io/accounts/label/defi,community
ethereum,0x71240f297d4e1dcd8e78bfd0c082b5a8c3e398ff,Bancor YFI Pool Token (bnYFI),protocol,,Etherscan label (octal mirror) / DeFi,https://etherscan.io/accounts/label/defi,community
ethereum,0xb6279f7ca49876f9529fdc7983d65a03a819e2d0,Bancor ZCN Pool Token (bnZCN),protocol,,Etherscan label (octal mirror) / DeFi,https://etherscan.io/accounts/label/defi,community
ethereum,0x56cd6b34008213b1e27345c60473c8a559b4fb46,Bancor ZRX Pool Token (bnZRX),protocol,,Etherscan label (octal mirror) / DeFi,https://etherscan.io/accounts/label/defi,community
ethereum,0x61932d71eb18ff8e918ce0b620d703f56d089064,Bancor: bnPDI Token,protocol,,Etherscan label / DeFi,https://etherscan.io/accounts/label/defi,community
ethereum,0x50fd9efd669982d02d54d41c78ebbf9da2cdc9a6,Bancor: bnPOOL Token,protocol,,Etherscan label / DeFi,https://etherscan.io/accounts/label/defi,community
ethereum,0x2d94aa3e47d9d5024503ca8491fce9a2fb4da198,Bankless Token (BANK),protocol,,Etherscan label (octal mirror) / DeFi,https://etherscan.io/accounts/label/defi,community
ethereum,0x6b785a0322126826d8226d77e173d75dafb84d11,Bankroll Vault (VLT),protocol,,Etherscan label (octal mirror) / DeFi,https://etherscan.io/accounts/label/defi,community
ethereum,0x970cf867ca0530a989f222be01fdd67c1ab5b2bf,BASAN (BASAN),protocol,,Etherscan label (octal mirror) / DeFi,https://etherscan.io/accounts/label/defi,community
ethereum,0x43901e05f08f48546fff8d6f8df108f60570498b,BASENJI (BSJ),protocol,,Etherscan label (octal mirror) / DeFi,https://etherscan.io/accounts/label/defi,community
ethereum,0xc03841b5135600312707d39eb2af0d2ad5d51a91,BasketCoin (BSKT),protocol,,Etherscan label (octal mirror) / DeFi,https://etherscan.io/accounts/label/defi,community
ethereum,0x0309c98b1bffa350bcb3f9fb9780970ca32a5060,BasketDAO DeFi Index (BDI),protocol,,Etherscan label (octal mirror) / DeFi,https://etherscan.io/accounts/label/defi,community
ethereum,0x44564d0bd94343f72e3c8a0d22308b7fa71db0bb,BasketDAO Gov (BASK),protocol,,Etherscan label (octal mirror) / DeFi,https://etherscan.io/accounts/label/defi,community
ethereum,0x0424af689f9155fa71d77e532ba847a0e2e6ae3a,Baskets.Finance (BASKET),protocol,,Etherscan label (octal mirror) / DeFi,https://etherscan.io/accounts/label/defi,community
ethereum,0x059a1f1dea1020297588c316ffc30a58a1a0d4a2,Bastion (BSTN),protocol,,Etherscan label (octal mirror) / DeFi,https://etherscan.io/accounts/label/defi,community
ethereum,0xf4c4c94070a571be425d2a998b4bbf4a5a8ba5f3,Be Your Own Bank,protocol,,Etherscan label / Bridge,https://etherscan.io/accounts/label/bridge,community
ethereum,0xbea0000029ad1c77d3d5d23ba2d8893db9d1efab,Bean (BEAN),protocol,,Etherscan label / Stablecoin,https://etherscan.io/accounts/label/stablecoin,community
ethereum,0xc1e088fc1323b20bcbee9bd1b9fc9546db5624c5,Beanstalk: Beanstalk Protocol,protocol,,Etherscan label / Stablecoin,https://etherscan.io/accounts/label/stablecoin,community
ethereum,0xdbb2f12cb89af05516768c2c69a771d92a25d17c,Beast DAO (BEAST),protocol,,Etherscan label (octal mirror) / DeFi,https://etherscan.io/accounts/label/defi,community
ethereum,0x29fbd00940df70cfc5dad3f2370686991e2bbf5c,bebop,protocol,,Etherscan label / DEX,https://etherscan.io/accounts/label/dex,community
ethereum,0xb0dc4af6f1e722dd201ac15216b6afb51e78ff3b,Beer Token (BEER),protocol,,Etherscan label (octal mirror) / DeFi,https://etherscan.io/accounts/label/defi,community
ethereum,0x155ff1a85f440ee0a382ea949f24ce4e0b751c65,Behodler.io (EYE),protocol,,Etherscan label / DEX,https://etherscan.io/accounts/label/dex,community
ethereum,0x78f6959b8927accb4c623d0cb2041b23464daece,Being Defi (BD),protocol,,Etherscan label (octal mirror) / DeFi,https://etherscan.io/accounts/label/defi,community
ethereum,0xa91ac63d040deb1b7a5e4d4134ad23eb0ba07e14,Bella (BEL),protocol,,Etherscan label (octal mirror) / DeFi,https://etherscan.io/accounts/label/defi,community
ethereum,0xcfad57a67689809cda997f655802a119838c9cec,Benscoin (BSC),protocol,,Etherscan label (octal mirror) / DeFi,https://etherscan.io/accounts/label/defi,community
ethereum,0xb43710d69f50563cd1d807804f7aa9210a39ae44,Bermuda : Bermuda dApp,protocol,,Etherscan label / Protocol,https://etherscan.io/accounts/label/protocol,community
ethereum,0xbe1a001fe942f96eea22ba08783140b9dcc09d28,Beta Token (BETA),protocol,,Etherscan label (octal mirror) / DeFi,https://etherscan.io/accounts/label/defi,community
ethereum,0x3fcf8c54e2de40e9da7373ae33767093d2998568,BETTER (BETTER),protocol,,Etherscan label (octal mirror) / DeFi,https://etherscan.io/accounts/label/defi,community
ethereum,0x372600b50644e1fe96b5c34b08359a7cbaa9ab1d,Bezoge Earth: Zogi Bridge,protocol,,Etherscan label / DeFi,https://etherscan.io/accounts/label/defi,community
ethereum,0xf78765bd14b4e8527d9e4e5c5a5c11a44ad12f47,Biconomy: Hyphen Bridge,protocol,,Etherscan label / Bridge,https://etherscan.io/accounts/label/bridge,community
ethereum,0x25e1474170c4c0aa64fa98123bdc8db49d7802fa,Bidao (BID),protocol,,Etherscan label (octal mirror) / DeFi,https://etherscan.io/accounts/label/defi,community
ethereum,0x593114f03a0a575aece9ed675e52ed68d2172b8c,BidiPass (BDP),protocol,,Etherscan label / Protocol,https://etherscan.io/accounts/label/protocol,community
ethereum,0x0c7d5ae016f806603cb1782bea29ac69471cab9c,Bifrost (BFC),protocol,,Etherscan label / Protocol,https://etherscan.io/accounts/label/protocol,community
ethereum,0xefa6d677a1ca1b1dfc28969c1d17986d111dfc4e,Big.Byte.Block (BBB),protocol,,Etherscan label (octal mirror) / DeFi,https://etherscan.io/accounts/label/defi,community
ethereum,0xe29f1241e6015a4949cb7e3f07234ba794006181,BIGCAP (BIGCAP),protocol,,Etherscan label (octal mirror) / DeFi,https://etherscan.io/accounts/label/defi,community
ethereum,0x131157c6760f78f7ddf877c0019eba175ba4b6f6,BigShortBets (BigSB),protocol,,Etherscan label (octal mirror) / DeFi,https://etherscan.io/accounts/label/defi,community
ethereum,0x2c537e5624e4af88a7ae4060c022609376c8d0eb,BiLira (TRYb),protocol,,Etherscan label (octal mirror) / Stablecoin,https://etherscan.io/accounts/label/stablecoin,community
ethereum,0x3c513db8bdc3806e4489d62c3d549a5aaf6a4e97,BitBTC (BitBTC),protocol,,Etherscan label / Stablecoin,https://etherscan.io/accounts/label/stablecoin,community
ethereum,0xe047705117eb07e712c3d684f5b18e74577e83ac,BitcashPay (BCP),protocol,,Etherscan label (octal mirror) / DeFi,https://etherscan.io/accounts/label/defi,community
ethereum,0xb5badfa6e69728adba44d67c98b05f1d1d40182e,Bitcoin Cash by Strudel,protocol,,Etherscan label / Bridge,https://etherscan.io/accounts/label/bridge,community
ethereum,0x36f9975d8184a65be42290d5a8764dc97f3d9396,Bitcoin Mapped Token (BTCM),protocol,,Etherscan label (octal mirror) / DeFi,https://etherscan.io/accounts/label/defi,community
ethereum,0x5f2ec9cf1ec1c0e2c880b6584921e812a4225395,Bitcoin Unicorn (BTCUI),protocol,,Etherscan label (octal mirror) / DeFi,https://etherscan.io/accounts/label/defi,community
ethereum,0xe57425f1598f9b0d6219706b77f4b3da573a3695,BitcoinBR (BTCBR),protocol,,Etherscan label (octal mirror) / DeFi,https://etherscan.io/accounts/label/defi,community
ethereum,0x723cbfc05e2cfcc71d3d89e770d32801a5eef5ab,BitcoinPro (BTCP),protocol,,Etherscan label (octal mirror) / DeFi,https://etherscan.io/accounts/label/defi,community
ethereum,0x3c020e014069df790d4f4e63fd297ba4e1c8e51f,Bitcratic,protocol,,Etherscan label / DEX,https://etherscan.io/accounts/label/dex,community
ethereum,0x579353231f3540b218239774422962c64a3693e7,Bitcratic Revenue,protocol,,Etherscan label / DEX,https://etherscan.io/accounts/label/dex,community
ethereum,0x2b2b0559081c41e962777b5049632fdb30f7e652,BitDEFi (BFi),protocol,,Etherscan label (octal mirror) / DeFi,https://etherscan.io/accounts/label/defi,community
ethereum,0x39fbd1140cd1fc298f00c3ea64b3591de94c67e7,BitEye 1,protocol,,Etherscan label / DEX,https://etherscan.io/accounts/label/dex,community
ethereum,0x66e5dbc7fece1d31eb60af8cfa0563ec0d1a81bd,BitEye Token (BEY),protocol,,Etherscan label / DEX,https://etherscan.io/accounts/label/dex,community
ethereum,0xb5adb233f28c86cef693451b67e1f2d41da97d21,Bitox.io,protocol,,Etherscan label / DEX,https://etherscan.io/accounts/label/dex,community
ethereum,0xb5bae50c084a2f99c8f990463c5eff12957a81d7,Bitpara TRY (BTRY),protocol,,Etherscan label / Stablecoin,https://etherscan.io/accounts/label/stablecoin,community
ethereum,0x283669123bd83da2536bb534e20512101c18e5d8,Bitpayer Token,protocol,,Etherscan label / DEX,https://etherscan.io/accounts/label/dex,community
ethereum,0x5197fbe1a86679ff1360e27862bf88b0c5119bd8,BITPIF (BPF),protocol,,Etherscan label / DEX,https://etherscan.io/accounts/label/dex,community
ethereum,0xe516d78d784c77d479977be58905b3f2b1111126,BitSpawn Token (SPWN),protocol,,Etherscan label (octal mirror) / DeFi,https://etherscan.io/accounts/label/defi,community
ethereum,0xe4f356ecce6fbda81ecdea2e38527e59422861c2,BitStash (STASH),protocol,,Etherscan label (octal mirror) / DeFi,https://etherscan.io/accounts/label/defi,community
ethereum,0xa3b93c2c4579654de50dd2ea227a5d6b98ed44c5,BitTank Token,protocol,,Etherscan label / DEX,https://etherscan.io/accounts/label/dex,community
ethereum,0x8d10e4b59db263ef4e7b88fcaacfc9ecb821a962,Bittilo (BTLO),protocol,,Etherscan label / DEX,https://etherscan.io/accounts/label/dex,community
ethereum,0x518eb8f17a8baf8dc1d1847e6bd70eae82a6e7b1,BitZipp (BZP),protocol,,Etherscan label (octal mirror) / DeFi,https://etherscan.io/accounts/label/defi,community
ethereum,0xe7da1d8327ae1f320bbc23ca119b02ad3f85dceb,BlackDAO (BLKD),protocol,,Etherscan label (octal mirror) / DeFi,https://etherscan.io/accounts/label/defi,community
ethereum,0xb138d85e838905a174c19fb1c6dea3f8be4580c9,BlackFort Token (BXF),protocol,,Etherscan label (octal mirror) / DeFi,https://etherscan.io/accounts/label/defi,community
ethereum,0xd714d91a169127e11d8fab3665d72e8b7ef9dbe2,BlackHole.BLACK Governance Token,protocol,,Etherscan label / Protocol,https://etherscan.io/accounts/label/protocol,community
ethereum,0x35101c731b1548b5e48bb23f99edbc2f5c341935,BlackHoleSwap-Compound DAI/USDC v1 (BHSc$),protocol,,Etherscan label (octal mirror) / DeFi,https://etherscan.io/accounts/label/defi,community
ethereum,0x0ec9f76202a7061eb9b3a7d6b59d36215a7e37da,BlackPool Token,protocol,,Etherscan label / Protocol,https://etherscan.io/accounts/label/protocol,community
ethereum,0x2ecb13a8c458c379c4d9a7259e202de03c8f3d19,Block-Chain.com Token (BC),protocol,,Etherscan label (octal mirror) / DeFi,https://etherscan.io/accounts/label/defi,community
ethereum,0xf4b5470523ccd314c6b9da041076e7d79e0df267,BlockBank (BBANK),protocol,,Etherscan label (octal mirror) / DeFi,https://etherscan.io/accounts/label/defi,community
ethereum,0xb5d6002ff567d3daa06b7a4d60888e97b279d64d,Blockchain Explorer (BCE),protocol,,Etherscan label (octal mirror) / DeFi,https://etherscan.io/accounts/label/defi,community
ethereum,0x4f42a816dc2dba82ff927b6996c14a741dcbd902,Blockdaemon: Lido Node Operator,protocol,,Etherscan label / Lido,https://etherscan.io/accounts/label/lido,community
ethereum,0x5f74a2db08d717c94457c550af54548c4241ace9,Blockscape: Lido Node Operator,protocol,,Etherscan label / Lido,https://etherscan.io/accounts/label/lido,community
ethereum,0x88888883d7434785e02ac8475b9c9e7b1d3dd293,BLOCKSURANCE (4SURE),protocol,,Etherscan label (octal mirror) / DeFi,https://etherscan.io/accounts/label/defi,community
ethereum,0xe5d2e173b120341face9e9970889c9fe64081ffd,Bluejay (BLU),protocol,,Etherscan label (octal mirror) / DeFi,https://etherscan.io/accounts/label/defi,community
ethereum,0x5913d0f34615923552ee913dbe809f9f348e706e,BMJ Master Nodes,protocol,,Etherscan label / Protocol,https://etherscan.io/accounts/label/protocol,community
ethereum,0x84d821f7fbdd595c4c4a50842913e6b1e07d7a53,BNPL Pay (BNPL),protocol,,Etherscan label (octal mirror) / DeFi,https://etherscan.io/accounts/label/defi,community
ethereum,0xd626547ec8f44e7075f36091e7fd898af4342ee6,Boardroom Cash (BDR),protocol,,Etherscan label (octal mirror) / DeFi,https://etherscan.io/accounts/label/defi,community
ethereum,0xb0b195aefa3650a6908f15cdac7d92f8a5791b0b,BOB (BOB),protocol,,Etherscan label / Stablecoin,https://etherscan.io/accounts/label/stablecoin,community
ethereum,0x8a7adc1b690e81c758f1bd0f72dfe27ae6ec56a5,Bolide (BLID),protocol,,Etherscan label (octal mirror) / DeFi,https://etherscan.io/accounts/label/defi,community
ethereum,0xab1c02c7d5ebfddbb8824ccd193e7df59b34a841,Bombic Finance (BMB),protocol,,Etherscan label (octal mirror) / DeFi,https://etherscan.io/accounts/label/defi,community
ethereum,0x9a1997c130f4b2997166975d9aff92797d5134c2,Bond Appetite USD,protocol,,Etherscan label / Stablecoin,https://etherscan.io/accounts/label/stablecoin,community
ethereum,0x28a06c02287e657ec3f8e151a13c36a1d43814b0,BondAppetit Governance (BAG),protocol,,Etherscan label (octal mirror) / DeFi,https://etherscan.io/accounts/label/defi,community
ethereum,0x1de5e000c41c8d35b9f1f4985c23988f05831057,BonFi (BNF),protocol,,Etherscan label (octal mirror) / DeFi,https://etherscan.io/accounts/label/defi,community
ethereum,0x1151cb3d861920e07a38e03eead12c32178567f6,Bonk,protocol,,Etherscan token / DefiLlama,https://etherscan.io/token/0x1151cb3d861920e07a38e03eead12c32178567f6,community
ethereum,0x6c9a9d09431d3a9c03b1ce5f8baedba7123b7d31,BORGDAI (BORGDAI),protocol,,Etherscan label (octal mirror) / DeFi,https://etherscan.io/accounts/label/defi,community
ethereum,0x9c306a78b1a904e83115c05ac67c1ef07c653651,BoringDAO DOGE (oDOGE),protocol,,Etherscan label (octal mirror) / DeFi,https://etherscan.io/accounts/label/defi,community
ethereum,0x07c44b5ac257c2255aa0933112c3b75a6bff3cb1,BoringDAO LTC (oLTC),protocol,,Etherscan label (octal mirror) / DeFi,https://etherscan.io/accounts/label/defi,community
ethereum,0xecad1ab3464eccc7536af6afee414df873495616,BoringDAO: Bridge,protocol,,Etherscan label / Bridge,https://etherscan.io/accounts/label/bridge,community
ethereum,0x6f4d597f17e723f2474002d34ae7284291520f3a,Boxswap (BOXI),protocol,,Etherscan label / DEX,https://etherscan.io/accounts/label/dex,community
ethereum,0xf20ee926a9d33f8ec193077242203d4a9a6449aa,Bozon (BZN),protocol,,Etherscan label (octal mirror) / DeFi,https://etherscan.io/accounts/label/defi,community
ethereum,0x679fa6dc913acab6def33ec469fc6e421bc794f5,BribeToken (BRIBE),protocol,,Etherscan label / Stablecoin,https://etherscan.io/accounts/label/stablecoin,community
ethereum,0xc3924dad47fa90b8126bdff4b9c6e01f97a24aa4,Brick Inu (?BRICK?),protocol,,Etherscan label (octal mirror) / DeFi,https://etherscan.io/accounts/label/defi,community
ethereum,0xb736ba66aad83adb2322d1f199bfa32b3962f13c,Bridge Protocol,protocol,,Etherscan label / Protocol,https://etherscan.io/accounts/label/protocol,community
ethereum,0xf3a9757743e7e5ea6604e794b3db89dd09a53303,Bridged Forge Token (bForge),protocol,,Etherscan label (octal mirror) / DeFi,https://etherscan.io/accounts/label/defi,community
ethereum,0x40c20da8d0214a7ef33a84e287992858db744e6d,BridgeTower Capital: Lido Node Operator,protocol,,Etherscan label / Lido,https://etherscan.io/accounts/label/lido,community
ethereum,0x3ecb96039340630c8b82e5a7732bc88b2aeade82,bRing Token (BRNG),protocol,,Etherscan label (octal mirror) / DeFi,https://etherscan.io/accounts/label/defi,community
ethereum,0x84e1c8823850d8adc3286f31bc1178f14d243168,BRL COIN (BRLC),protocol,,Etherscan label / Stablecoin,https://etherscan.io/accounts/label/stablecoin,community
ethereum,0x270371c58d9d775ed73971dd414656107384f235,BTAP (BTAP),protocol,,Etherscan label (octal mirror) / DeFi,https://etherscan.io/accounts/label/defi,community
ethereum,0x0b498ff89709d3838a063f1dfa463091f9801c2b,BTC 2x Flexible Leverage Index,protocol,,Etherscan label / Protocol,https://etherscan.io/accounts/label/protocol,community
ethereum,0xda49af8773cb162ca56f8431442c750896f8c87a,BTC DynaSet (dynBTC),protocol,,Etherscan label (octal mirror) / DeFi,https://etherscan.io/accounts/label/defi,community
ethereum,0x9c32185b81766a051e08de671207b34466dd1021,BTC Proxy (BTCpx),protocol,,Etherscan label / Bridge,https://etherscan.io/accounts/label/bridge,community
ethereum,0xb800b5eae4a97773a8e7fce38ba014e367cd9597,BTCCB (BTCCB),protocol,,Etherscan label (octal mirror) / DeFi,https://etherscan.io/accounts/label/defi,community
ethereum,0xa4dc97a565e2364cdeb4efe38c0f153bccb62b01,BTswap: Router,protocol,,Etherscan label / DEX,https://etherscan.io/accounts/label/dex,community
ethereum,0x6a4ffaafa8dd400676df8076ad6c724867b0e2e8,BTU Incentivized DAI (bDAI),protocol,,Etherscan label (octal mirror) / DeFi,https://etherscan.io/accounts/label/defi,community
ethereum,0xac00797df10e825589d8b53e715393be4e617459,BUBBLE (BBL),protocol,,Etherscan label (octal mirror) / DeFi,https://etherscan.io/accounts/label/defi,community
ethereum,0x57b59f981730c6257df57cf6f0d98283749a9eeb,Build Token (BUILD),protocol,,Etherscan label / Protocol,https://etherscan.io/accounts/label/protocol,community
ethereum,0xefe2afb5f2a9ea8ec6d8a57fe88febcfe29db813,bUKHI (bUKH),protocol,,Etherscan label (octal mirror) / DeFi,https://etherscan.io/accounts/label/defi,community
ethereum,0xa143ac515dca260a46c742c7251ef3b268639593,Bulk Token (BULK),protocol,,Etherscan label (octal mirror) / DeFi,https://etherscan.io/accounts/label/defi,community
ethereum,0x92416e32042c9e67b0771a1b00bcdf92ecb64950,BULLDOG (BDOG),protocol,,Etherscan label (octal mirror) / DeFi,https://etherscan.io/accounts/label/defi,community
ethereum,0xe7d324b2677440608fb871981b220eca062c3fbf,BullSwapToken,protocol,,Etherscan label / Protocol,https://etherscan.io/accounts/label/protocol,community
ethereum,0x2a4a071bce925d210797c6fb0bc7bd08a80cb9c2,Burger Token (BURGER),protocol,,Etherscan label / DEX,https://etherscan.io/accounts/label/dex,community
ethereum,0x5cc737a37a02a1b34ba8edf899aa6441765232a0,Burn Yield Burn (XYX),protocol,,Etherscan label (octal mirror) / DeFi,https://etherscan.io/accounts/label/defi,community
ethereum,0x7b4b0b9b024109d182dcf3831222fbda81369423,BUSD Token (Wormhole),protocol,,Etherscan label / Bridge,https://etherscan.io/accounts/label/bridge,community
ethereum,0xebc5bc4e35cf850a0fcfce28af270b35a8fd3c47,BUSHI (BUSHI),protocol,,Etherscan label (octal mirror) / DeFi,https://etherscan.io/accounts/label/defi,community
ethereum,0xef36bdd5614efa938134f31a897966371ff0c7ff,bValve (BBV),protocol,,Etherscan label (octal mirror) / DeFi,https://etherscan.io/accounts/label/defi,community
ethereum,0x5c4ac68aac56ebe098d621cd8ce9f43270aaa355,bXIOT Token (bXIOT),protocol,,Etherscan label / Protocol,https://etherscan.io/accounts/label/protocol,community
ethereum,0x1c74cff0376fb4031cd7492cd6db2d66c3f2c6b9,bZx Protocol Token (BZRX),protocol,,Etherscan label (octal mirror) / DeFi,https://etherscan.io/accounts/label/defi,community
ethereum,0x56d811088235f11c8920698a204a5010a788f4b3,bZx Protocol Token (BZRX),protocol,,Etherscan label (octal mirror) / DeFi,https://etherscan.io/accounts/label/defi,community
ethereum,0x19062190b1925b5b6689d7073fdfc8c2976ef8cb,BZZ (BZZ),protocol,,Etherscan label (octal mirror) / DeFi,https://etherscan.io/accounts/label/defi,community
ethereum,0xcadc0acd4b445166f12d2c07eac6e2544fbe2eef,CAD Coin (CADC),protocol,,Etherscan label (octal mirror) / DeFi,https://etherscan.io/accounts/label/defi,community
ethereum,0xe1c67165ce0cff65e87770df17d8cc5631d99c37,Cadence Group Restricted StableCoin (USD),protocol,,Etherscan label / Stablecoin,https://etherscan.io/accounts/label/stablecoin,community
ethereum,0x6a5da54907d791286cd94ed7fd04160fa7f3fdf3,Callisto (YCT),protocol,,Etherscan label (octal mirror) / DeFi,https://etherscan.io/accounts/label/defi,community
ethereum,0x7099f572f039e44acc2d8e4e024fb5507bcfe252,Canadian Dollar on Narfex,protocol,,Etherscan label / Protocol,https://etherscan.io/accounts/label/protocol,community
ethereum,0xb80be29667021ae0b617ac9efe0a3a1a58033681,Candle Labs: Candle Governor,protocol,,Etherscan label / DeFi,https://etherscan.io/accounts/label/defi,community
ethereum,0xd9b48548de7710519221207d70e40aa24d7d1985,CANDYBOOTY (? BOOTY),protocol,,Etherscan label (octal mirror) / DeFi,https://etherscan.io/accounts/label/defi,community
ethereum,0x79a91ccaaa6069a571f0a3fa6ed257796ddd0eb4,Cap Coin (CAPC),protocol,,Etherscan label (octal mirror) / DeFi,https://etherscan.io/accounts/label/defi,community
ethereum,0x686c77609afe6a2fac50421888530288b441fbd6,Capital Aggregator Token (CAT+),protocol,,Etherscan label (octal mirror) / DeFi,https://etherscan.io/accounts/label/defi,community
ethereum,0xeda6efe5556e134ef52f2f858aa1e81c84cda84b,Capital.finance (CAP),protocol,,Etherscan label (octal mirror) / DeFi,https://etherscan.io/accounts/label/defi,community
ethereum,0xbc6669e7914a2b327ae428184086d8ac88d74efc,Car Coin (CCM),protocol,,Etherscan label (octal mirror) / DeFi,https://etherscan.io/accounts/label/defi,community
ethereum,0x2fd8bc03d9e827f77fac20b5130ee98b7f80149d,CARBON (CRB),protocol,,Etherscan label (octal mirror) / DeFi,https://etherscan.io/accounts/label/defi,community
ethereum,0xe74ac81b14021d0cfb835f269f48f25918c5cae6,Carbon GEMS (GEMS),protocol,,Etherscan label (octal mirror) / DeFi,https://etherscan.io/accounts/label/defi,community
ethereum,0x3a7b3d0659df368de7872be94cf0f3ecdf63eae2,CardanoPlus (ADAplus),protocol,,Etherscan label (octal mirror) / DeFi,https://etherscan.io/accounts/label/defi,community
ethereum,0x954b890704693af242613edef1b603825afcd708,Cardstack (CARD),protocol,,Etherscan label / Protocol,https://etherscan.io/accounts/label/protocol,community
ethereum,0xa42f266684ac2ad6ecb00df95b1c76efbb6f136c,Cash Tech (CATE),protocol,,Etherscan label (octal mirror) / DeFi,https://etherscan.io/accounts/label/defi,community
ethereum,0x8d20f0142dcce227d3e9b284bcd6b598fdd34e16,Catcoin (CATS),protocol,,Etherscan label (octal mirror) / DeFi,https://etherscan.io/accounts/label/defi,community
ethereum,0x24ea9c1cfd77a8db3fb707f967309cf013cc1078,CAVO (CAVO),protocol,,Etherscan label / DEX,https://etherscan.io/accounts/label/dex,community
ethereum,0x4639cd8cd52ec1cf2e496a606ce28d8afb1c792f,CBDAO (BREE),protocol,,Etherscan label (octal mirror) / DeFi,https://etherscan.io/accounts/label/defi,community
ethereum,0x39730e761fedc824b9d1e071f2520337a2e98854,CDM Project (CDMP),protocol,,Etherscan label (octal mirror) / DeFi,https://etherscan.io/accounts/label/defi,community
ethereum,0xf4065e4477e91c177ded71a7a6fb5ee07dc46bc9,CEDEX (CEDEX),protocol,,Etherscan label / DEX,https://etherscan.io/accounts/label/dex,community
ethereum,0x841ce48f9446c8e281d3f1444cb859b4a6d0738c,Celer Network: cBridge,protocol,,Etherscan label / Bridge,https://etherscan.io/accounts/label/bridge,community
ethereum,0xc578cbaf5a411dfa9f0d227f97dadaa4074ad062,Celer Network: cBridge 2.0,protocol,,Etherscan label / Bridge,https://etherscan.io/accounts/label/bridge,community
ethereum,0x5427fefa711eff984124bfbb1ab6fbf5e3da1820,Celer Network: cBridge V2,protocol,,Etherscan label / Bridge,https://etherscan.io/accounts/label/bridge,community
ethereum,0xc22956c3cfec3ee9a9925abee044f05bc47f6632,Celo Dollar (Wormhole),protocol,,Etherscan label / Stablecoin,https://etherscan.io/accounts/label/stablecoin,community
ethereum,0xee586e7eaad39207f0549bc65f19e336942c992f,Celo Euro (Wormhole),protocol,,Etherscan label / Stablecoin,https://etherscan.io/accounts/label/stablecoin,community
ethereum,0xf1c1413096ff2278c3df198a28f8d54e0369cf3a,Celo: ETH Helper,protocol,,Etherscan label / Bridge,https://etherscan.io/accounts/label/bridge,community
ethereum,0x9b436168dd080f1f95d1919258c64590263c0dae,CelsiusX 1,protocol,,Etherscan label / DeFi,https://etherscan.io/accounts/label/defi,community
ethereum,0x520da65f3b9b93a5bb6a1db911de40ae197aa639,CelsiusX 2,protocol,,Etherscan label / DeFi,https://etherscan.io/accounts/label/defi,community
ethereum,0x4859df02d1c7cd85c2a283708958aaa7728bad67,CelsiusX 3,protocol,,Etherscan label / DeFi,https://etherscan.io/accounts/label/defi,community
ethereum,0xfe4546fefe124f30788c4cc1bb9aa6907a7987f9,CelsiusX 4,protocol,,Etherscan label / DeFi,https://etherscan.io/accounts/label/defi,community
ethereum,0x64875aaa68d1d5521666c67d692ee0b926b08b2f,CelsiusX: cxADA Token,protocol,,Etherscan label (octal mirror) / DeFi,https://etherscan.io/accounts/label/defi,community
ethereum,0xf9e293d5d793ddc1ae4f778761e0b3e4aa7cf2dd,CelsiusX: cxDOGE Token,protocol,,Etherscan label (octal mirror) / DeFi,https://etherscan.io/accounts/label/defi,community
ethereum,0xcd9d4499dfdb7d02bf3a2a993d046089d79ca98f,Centaur Decentralized Token,protocol,,Etherscan label / Protocol,https://etherscan.io/accounts/label/protocol,community
ethereum,0x03042482d64577a7bdb282260e2ea4c8a89c064b,Centaur Token (CNTR),protocol,,Etherscan label (octal mirror) / DeFi,https://etherscan.io/accounts/label/defi,community
ethereum,0x5301eae39a4cba1cc2a74e861fded062ca3e3420,Centaure Token (CEN),protocol,,Etherscan label (octal mirror) / DeFi,https://etherscan.io/accounts/label/defi,community
ethereum,0x082ca54e4fc3d8af022cdab257122bfcfcde4b6f,CENTUS (CENTUS),protocol,,Etherscan label (octal mirror) / Stablecoin,https://etherscan.io/accounts/label/stablecoin,community
ethereum,0xdef1fac7bf08f173d286bbbdcbeeade695129840,Cerby Token (CERBY),protocol,,Etherscan label (octal mirror) / DeFi,https://etherscan.io/accounts/label/defi,community
ethereum,0x8d689476eb446a1fb0065bffac32398ed7f89165,Certus One: Lido Node Operator,protocol,,Etherscan label / Lido,https://etherscan.io/accounts/label/lido,community
ethereum,0x06af07097c9eeb7fd685c692751d5c66db49c215,Chai (CHAI),protocol,,Etherscan label (octal mirror) / DeFi,https://etherscan.io/accounts/label/defi,community
ethereum,0xd5ac23b1ade91a054c4974264c9dbddd0e52bb05,ChainLayer: Lido Node Operator,protocol,,Etherscan label / Lido,https://etherscan.io/accounts/label/lido,community
ethereum,0x104f3152d8ebfc3f679392977356962ff36566ac,ChainPort Token,protocol,,Etherscan label / Bridge,https://etherscan.io/accounts/label/bridge,community
ethereum,0xf82b1fdcd493b2defab52c740399ff150baa7a2a,ChainSafe: Lido Node Operator,protocol,,Etherscan label / Lido,https://etherscan.io/accounts/label/lido,community
ethereum,0xb41380174d0b06181513a5677b60200b93b5efb4,CHAINSQUARE (CHS),protocol,,Etherscan label (octal mirror) / DeFi,https://etherscan.io/accounts/label/defi,community
ethereum,0xcc665390b03c5d324d8faf81c15ecee29a73bcb4,ChainSwap.com Governance Token,protocol,,Etherscan label / Bridge,https://etherscan.io/accounts/label/bridge,community
ethereum,0x1303207bcc23704e8c4558fefc2ed1d7e9bd014d,Chance Coin (CHANCE),protocol,,Etherscan label (octal mirror) / DeFi,https://etherscan.io/accounts/label/defi,community
ethereum,0x7051faed0775f664a0286af4f75ef5ed74e02754,ChangeX (CHANGE),protocol,,Etherscan label (octal mirror) / DeFi,https://etherscan.io/accounts/label/defi,community
ethereum,0x76a5df1c6f53a4b80c8c8177edf52fbbc368e825,Charged Particles - Lepton (LEPTON),protocol,,Etherscan label (octal mirror) / DeFi,https://etherscan.io/accounts/label/defi,community
ethereum,0x727e8260877f8507f8d61917e9778b6af8491e63,Charizard Inu (CHARIZARD),protocol,,Etherscan label (octal mirror) / DeFi,https://etherscan.io/accounts/label/defi,community
ethereum,0x1d37986f252d0e349522ea6c3b98cb935495e63e,ChartEx (CHART),protocol,,Etherscan label / DEX,https://etherscan.io/accounts/label/dex,community
ethereum,0xcdb37a4fbc2da5b78aa4e41a432792f9533e85cc,CheckDot (CDT),protocol,,Etherscan label (octal mirror) / DeFi,https://etherscan.io/accounts/label/defi,community
ethereum,0xb03ca9354241688264d7f4547857190b75e26944,CheckDot : Bridge,protocol,,Etherscan label / DeFi,https://etherscan.io/accounts/label/defi,community
ethereum,0x332e824e46fceeb9e59ba9491b80d3e6d42b0b59,CheeseFry (CHEESE),protocol,,Etherscan label / Protocol,https://etherscan.io/accounts/label/protocol,community
ethereum,0x7f2d8dc79b7712ec6549fb975a70d1c306a00187,CHFM (CHFM),protocol,,Etherscan label / Stablecoin,https://etherscan.io/accounts/label/stablecoin,community
ethereum,0x0000000000004946c0e9f43f4dee607b0ef1fa1c,Chi Gastoken by 1inch,protocol,,Etherscan label / 1inch,https://etherscan.io/accounts/label/1inch,community
ethereum,0xfc2189d367d8d3d7cca1af43ff6169197dc7351e,Chi USD (CHI),protocol,,Etherscan label / Stablecoin,https://etherscan.io/accounts/label/stablecoin,community
ethereum,0x0b77f8d94b1d84906442a66253a33fe290efdda0,Chingon (Ching),protocol,,Etherscan label (octal mirror) / DeFi,https://etherscan.io/accounts/label/defi,community
ethereum,0x84679bc467dc6c2c40ab04538813aff3796351f1,CHONK (CHONK),protocol,,Etherscan label (octal mirror) / DeFi,https://etherscan.io/accounts/label/defi,community
ethereum,0x0ac7e9af32422ac5968622585822e4d89ef51343,Chorus One: Lido Node Operator,protocol,,Etherscan label / Lido,https://etherscan.io/accounts/label/lido,community
ethereum,0x925f2c11b99c1a4c46606898ee91ed3d450cfeda,CHOWCHOW.finance (CHOW),protocol,,Etherscan label (octal mirror) / DeFi,https://etherscan.io/accounts/label/defi,community
ethereum,0x04365b6c34f045847ef98bffde7016d655a6ca8f,Chungalunga (CL),protocol,,Etherscan label (octal mirror) / DeFi,https://etherscan.io/accounts/label/defi,community
ethereum,0x3541a5c1b04adaba0b83f161747815cd7b1516bc,CitaDAO (KNIGHT),protocol,,Etherscan label (octal mirror) / DeFi,https://etherscan.io/accounts/label/defi,community
ethereum,0x18c16ee614c6f88c7d1ee86f4d7d2c9c48273656,Clank (CLNK),protocol,,Etherscan label (octal mirror) / DeFi,https://etherscan.io/accounts/label/defi,community
ethereum,0x9293c7b4b4fb90fb3ee76f7c6189aa841e57e5c0,CNHC Token (CNHC),protocol,,Etherscan label / Stablecoin,https://etherscan.io/accounts/label/stablecoin,community
ethereum,0xb7a84c8e97bc7c5d71147447cff0d598bf9672a2,CNYM (CNYM),protocol,,Etherscan label / Stablecoin,https://etherscan.io/accounts/label/stablecoin,community
ethereum,0x29a99c126596c0dc96b02a88a9eaab44eccf511e,Cobalt (CBLT),protocol,,Etherscan label (octal mirror) / DeFi,https://etherscan.io/accounts/label/defi,community
ethereum,0x1f51a7ecb726a6592454c577c096c98cff3fe910,Coffee Shop DAO (COF),protocol,,Etherscan label (octal mirror) / DeFi,https://etherscan.io/accounts/label/defi,community
ethereum,0x1a23a6bfbadb59fa563008c0fb7cf96dfcf34ea1,CoFi Token (CoFi),protocol,,Etherscan label / DEX,https://etherscan.io/accounts/label/dex,community
ethereum,0xc382e04099a435439725bb40647e2b32dc136806,Cogecoin (COGE),protocol,,Etherscan label (octal mirror) / DeFi,https://etherscan.io/accounts/label/defi,community
ethereum,0x3936ad01cf109a36489d93cabda11cf062fd3d48,Coil (COIL),protocol,,Etherscan label (octal mirror) / DeFi,https://etherscan.io/accounts/label/defi,community
ethereum,0xc48b4814faed1ccc885dd6fde62a6474aecbb19a,Coin Merge (CMERGE),protocol,,Etherscan label (octal mirror) / DeFi,https://etherscan.io/accounts/label/defi,community
ethereum,0xc285b7e09a4584d027e5bc36571785b515898246,Coin98 Dollar,protocol,,Etherscan label / Stablecoin,https://etherscan.io/accounts/label/stablecoin,community
ethereum,0x8e1444684fe016f616be5cf9f2f967ec74958755,Coinfarm.Network (CFRN),protocol,,Etherscan label (octal mirror) / DeFi,https://etherscan.io/accounts/label/defi,community
ethereum,0x22b59a7387f7d25fe2b1c692ee825e1802e6e3d5,CoinViewCap (CVC),protocol,,Etherscan label (octal mirror) / DeFi,https://etherscan.io/accounts/label/defi,community
ethereum,0x34965f73cfa05bf8d8af37cb4af64fa950605ea8,CoinWind Token (COW),protocol,,Etherscan label (octal mirror) / DeFi,https://etherscan.io/accounts/label/defi,community
ethereum,0x5bca0f6cd5f9a74895d66005acef969342f301a0,CollateralSwap: Alpha,protocol,,Etherscan label / DeFi,https://etherscan.io/accounts/label/defi,community
ethereum,0xfd14431285a570adc839c73cc973542e0ffee56f,CollateralSwap: Core Alpha v0.2,protocol,,Etherscan label / DeFi,https://etherscan.io/accounts/label/defi,community
ethereum,0x7c81542ed859a2061538fee22b6544a235b9557d,Comboos (Comb),protocol,,Etherscan label (octal mirror) / DeFi,https://etherscan.io/accounts/label/defi,community
ethereum,0xdeded2dc963c7461833633c6f45bf2e21eef8ba9,Comdex (CMDX),protocol,,Etherscan label (octal mirror) / DeFi,https://etherscan.io/accounts/label/defi,community
ethereum,0x1b4052d98fb1888c2bf3b8d3b930e0aff8a910df,Community Token (COM),protocol,,Etherscan label (octal mirror) / DeFi,https://etherscan.io/accounts/label/defi,community
ethereum,0x752efadc0a7e05ad1bcccda22c141d01a75ef1e4,CompliFi (COMFI),protocol,,Etherscan label / Protocol,https://etherscan.io/accounts/label/protocol,community
ethereum,0x9f20ed5f919dc1c1695042542c13adcfc100dcab,Component (CMP),protocol,,Etherscan label / DEX,https://etherscan.io/accounts/label/dex,community
ethereum,0x3fda67f7583380e67ef93072294a7fac882fd7e7,Compound,protocol,,Etherscan label / DeFi,https://etherscan.io/accounts/label/defi,community
ethereum,0xe65cdb6479bac1e22340e4e755fae7e509ecd06c,Compound: cAAVE Token,protocol,,Etherscan label / Compound,https://etherscan.io/accounts/label/compound,community
ethereum,0x95b4ef2869ebd94beb4eee400a99824bf5dc325b,Compound: cMKR Token,protocol,,Etherscan label / Compound,https://etherscan.io/accounts/label/compound,community
ethereum,0x1c1853bc7c6bff0d276da53972c0b1a066db1ae7,Compound: Comet Factor,protocol,,Etherscan label / Compound,https://etherscan.io/accounts/label/compound,community
ethereum,0x316f9708bb98af7da9c68c1c3b5e79039cd336e3,Compound: Configurator,protocol,,Etherscan label / Compound,https://etherscan.io/accounts/label/compound,community
ethereum,0xcfc1fa6b7ca982176529899d99af6473ad80df4f,Compound: Configurator Implementation,protocol,,Etherscan label / Compound,https://etherscan.io/accounts/label/compound,community
ethereum,0xf859a1ad94bcf445a406b892ef0d3082f4174088,Compound: Contract 1,protocol,,Etherscan label / Compound,https://etherscan.io/accounts/label/compound,community
ethereum,0x4b0181102a0112a2ef11abee5563bb4a3176c9d7,Compound: cSushi Token,protocol,,Etherscan label / Compound,https://etherscan.io/accounts/label/compound,community
ethereum,0x285617313887d43256f852cae0ee4de4b68d45b0,Compound: cUSDCv3 Ext Token,protocol,,Etherscan label / Compound,https://etherscan.io/accounts/label/compound,community
ethereum,0x42f9505a376761b180e27a01ba0554244ed1de7d,Compound: cUSDCv3 Implementation Token,protocol,,Etherscan label / Compound,https://etherscan.io/accounts/label/compound,community
ethereum,0xccf4429db6322d5c611ee964527d42e5d685dd6a,Compound: cWBTC2 Token,protocol,,Etherscan label / Compound,https://etherscan.io/accounts/label/compound,community
ethereum,0x80a2ae356fc9ef4305676f7a3e2ed04e12c33946,Compound: cYFI Token,protocol,,Etherscan label / Compound,https://etherscan.io/accounts/label/compound,community
ethereum,0xa7ff0d561cd15ed525e31bbe0af3fe34ac2059f6,Compound: Deployer 1,protocol,,Etherscan label / Compound,https://etherscan.io/accounts/label/compound,community
ethereum,0x1449e0687810bddd356ae6dd87789244a46d9adb,Compound: Deployer 2,protocol,,Etherscan label / Compound,https://etherscan.io/accounts/label/compound,community
ethereum,0xcec237e83a080f3225ab1562605ee6dedf5644cc,Compound: Deployer 3,protocol,,Etherscan label / Compound,https://etherscan.io/accounts/label/compound,community
ethereum,0xfe83af639f769ead20bad76067abc120245a06a9,Compound: Deployer 4,protocol,,Etherscan label / Compound,https://etherscan.io/accounts/label/compound,community
ethereum,0xc0da01a04c3f3e0be433606045bb7017a7323e38,Compound: Governor Alpha,protocol,,Etherscan label / Compound,https://etherscan.io/accounts/label/compound,community
ethereum,0x1055be4bf7338c7606d9efdcf80593f180ba043e,Compound: Liquidator,protocol,,Etherscan label / Compound,https://etherscan.io/accounts/label/compound,community
ethereum,0x02557a5e05defeffd4cae6d83ea3d173b272c904,Compound: Oracle,protocol,,Etherscan label / Compound,https://etherscan.io/accounts/label/compound,community
ethereum,0x9e77ad51e5c0825d6e440f49e49ef1a1bca37b5d,Compound: Oracle 2,protocol,,Etherscan label / Compound,https://etherscan.io/accounts/label/compound,community
ethereum,0xe7664229833ae4abf4e269b8f23a86b657e2338d,Compound: Oracle v2,protocol,,Etherscan label / Compound,https://etherscan.io/accounts/label/compound,community
ethereum,0xddc46a3b076aec7ab3fc37420a8edd2959764ec4,Compound: Price Oracle Proxy,protocol,,Etherscan label / Compound,https://etherscan.io/accounts/label/compound,community
ethereum,0x1ec63b5883c3481134fd50d5daebc83ecd2e8779,Compound: Proxy Admin,protocol,,Etherscan label / Compound,https://etherscan.io/accounts/label/compound,community
ethereum,0xd25c029a607ee888bdbdbe054515e25ec6f3fff9,Compound: Rate Model,protocol,,Etherscan label / Compound,https://etherscan.io/accounts/label/compound,community
ethereum,0x0a97f822272519d5296e21de278a86cd3ce3c96a,Compound: Rate Model 2,protocol,,Etherscan label / Compound,https://etherscan.io/accounts/label/compound,community
ethereum,0x16c2a19edbc68780dfc03708bc9021ef34db2e33,Compound: Rate Model 3,protocol,,Etherscan label / Compound,https://etherscan.io/accounts/label/compound,community
ethereum,0xcdaf8cb1839952cbe6d98d248e593b782a2419c7,Compound: Rate Model 4,protocol,,Etherscan label / Compound,https://etherscan.io/accounts/label/compound,community
ethereum,0xd928c8ead620bb316d2cefe3caf81dc2dec6ff63,Compound: Rate Model 5,protocol,,Etherscan label / Compound,https://etherscan.io/accounts/label/compound,community
ethereum,0x8ac03df808efae9397a9d95888230ee022b997f4,Compound: Stablecoin Rate Model,protocol,,Etherscan label / Compound,https://etherscan.io/accounts/label/compound,community
ethereum,0x6d903f6003cca6255d85cca4d3b5e5146dc33925,Compound: Timelock,protocol,,Etherscan label / Compound,https://etherscan.io/accounts/label/compound,community
ethereum,0x000000007a58f5f58e697e51ab0357bc9e260a04,Concave (CNV),protocol,,Etherscan label (octal mirror) / DeFi,https://etherscan.io/accounts/label/defi,community
ethereum,0xb4dffa52fee44bd493f12d85829d775ec8017691,Congruent DAO Token (Gaas),protocol,,Etherscan label (octal mirror) / DeFi,https://etherscan.io/accounts/label/defi,community
ethereum,0x9ae380f0272e2162340a5bb646c354271c0f5cfc,Conic Finance Token (CNC),protocol,,Etherscan label (octal mirror) / DeFi,https://etherscan.io/accounts/label/defi,community
ethereum,0x00a55375002f3cda400383f479e7cd57bad029a9,Conjure (CNJ),protocol,,Etherscan label (octal mirror) / DeFi,https://etherscan.io/accounts/label/defi,community
ethereum,0x7a58c0be72be218b41c608b7fe7c5bb630736c71,ConstitutionDAO,protocol,,Etherscan token / DefiLlama,https://etherscan.io/token/0x7a58c0be72be218b41c608b7fe7c5bb630736c71,community
ethereum,0xe09216f1d343dd39d6aa732a08036fee48555af0,Contribute (TRIB),protocol,,Etherscan label (octal mirror) / DeFi,https://etherscan.io/accounts/label/defi,community
ethereum,0xe3dce982416cb44d0376923bda3dd92822ea5827,Contribute Rig (TRIG),protocol,,Etherscan label (octal mirror) / DeFi,https://etherscan.io/accounts/label/defi,community
ethereum,0xc834fa996fa3bec7aad3693af486ae53d8aa8b50,Convergence (CONV),protocol,,Etherscan label (octal mirror) / DeFi,https://etherscan.io/accounts/label/defi,community
ethereum,0x62b9c7356a2dc64a1969e19c23e4f579f9810aa7,Convex CRV (cvxCRV),protocol,,Etherscan label (octal mirror) / DeFi,https://etherscan.io/accounts/label/defi,community
ethereum,0x2e088a0a19dda628b4304301d1ea70b114e4accd,Convex Finance: Airdrop,protocol,,Etherscan label / Convex,https://etherscan.io/accounts/label/convex-finance,community
ethereum,0xa1bc2cf69d474b39b91665e24e7f2606ed142991,Convex Finance: Airdrop Factory,protocol,,Etherscan label / Convex,https://etherscan.io/accounts/label/convex-finance,community
ethereum,0x25e12482a25cf36ec70fda2a09c1ed077fc21616,Convex Finance: Arbitrator Vault,protocol,,Etherscan label / Convex,https://etherscan.io/accounts/label/convex-finance,community
ethereum,0xf403c135812408bfbe8713b5a23a04b3d48aae31,Convex Finance: Booster,protocol,,Etherscan label / Convex,https://etherscan.io/accounts/label/convex-finance,community
ethereum,0x92cf9e5e4d1dfbf7da0d2bb3e884a68416a65070,Convex Finance: Claim Zap,protocol,,Etherscan label / Convex,https://etherscan.io/accounts/label/convex-finance,community
ethereum,0x5f465e9fcffc217c5849906216581a657cd60605,Convex Finance: Convex Master Chef,protocol,,Etherscan label / Convex,https://etherscan.io/accounts/label/convex-finance,community
ethereum,0x8014595f2ab54cd7c604b00e9fb932176fdc86ae,Convex Finance: CRV Depositor,protocol,,Etherscan label / Convex,https://etherscan.io/accounts/label/convex-finance,community
ethereum,0xd18140b4b819b895a3dba5442f959fa44994af50,Convex Finance: CVX Locker (vICVX),protocol,,Etherscan label / Convex,https://etherscan.io/accounts/label/convex-finance,community
ethereum,0xcf50b810e57ac33b91dcf525c6ddd9881b139332,Convex Finance: CVX Rewards,protocol,,Etherscan label / Convex,https://etherscan.io/accounts/label/convex-finance,community
ethereum,0xe096ccec4a1d36f191189fe61e803d8b2044dfc3,Convex Finance: CVX Staking Proxy,protocol,,Etherscan label / Convex,https://etherscan.io/accounts/label/convex-finance,community
ethereum,0x3fe65692bfcd0e6cf84cb1e7d24108e434a7587e,Convex Finance: cvxCRV Rewards,protocol,,Etherscan label / Convex,https://etherscan.io/accounts/label/convex-finance,community
ethereum,0x947b7742c403f20e5faccdac5e092c943e7d0277,Convex Finance: Deployer,protocol,,Etherscan label / Convex,https://etherscan.io/accounts/label/convex-finance,community
ethereum,0xa3c5a1e09150b75ff251c1a7815a07182c3de2fb,Convex Finance: Multisig,protocol,,Etherscan label / Convex,https://etherscan.io/accounts/label/convex-finance,community
ethereum,0xedccb35798fae4925718a43cc608ae136208aa8d,Convex Finance: Reward Factory,protocol,,Etherscan label / Convex,https://etherscan.io/accounts/label/convex-finance,community
ethereum,0x877288c4e6eba4f635ba7428706447353b47de75,Convex Finance: Stash Factory,protocol,,Etherscan label / Convex,https://etherscan.io/accounts/label/convex-finance,community
ethereum,0x3c995e43e6ddd551e226f4c5544c77bfed147ab9,Convex Finance: Token Factory,protocol,,Etherscan label / Convex,https://etherscan.io/accounts/label/convex-finance,community
ethereum,0x1389388d01708118b497f59521f6943be2541bb7,Convex Finance: Treasury Vault,protocol,,Etherscan label / Convex,https://etherscan.io/accounts/label/convex-finance,community
ethereum,0xe98984ad858075813ada4261af47e68a64e28fcc,Convex Finance: Vested Escrow,protocol,,Etherscan label / Convex,https://etherscan.io/accounts/label/convex-finance,community
ethereum,0xdecc7d761496d30f30b92bdf764fb8803c79360d,Convex Finance: vlCVX Extra Rewards,protocol,,Etherscan label / Convex,https://etherscan.io/accounts/label/convex-finance,community
ethereum,0x989aeb4d175e16225e39e87d0d97a3360524ad80,Convex Finance: Voter Proxy,protocol,,Etherscan label / Convex,https://etherscan.io/accounts/label/convex-finance,community
ethereum,0xff75ced57419bcaebe5f05254983b013b0646ef5,Cook Token (COOK),protocol,,Etherscan label (octal mirror) / DeFi,https://etherscan.io/accounts/label/defi,community
ethereum,0x14dfa5cfaafe89d81d7bf3df4e11eaeda0416618,copsfinance.com (COPS),protocol,,Etherscan label (octal mirror) / DeFi,https://etherscan.io/accounts/label/defi,community
ethereum,0x5a56da75c50aa2733f5fa9a2442aaefcbc60b2e6,Cortex DAO Token (CXD),protocol,,Etherscan label (octal mirror) / DeFi,https://etherscan.io/accounts/label/defi,community
ethereum,0x27cd7375478f189bdcf55616b088be03d9c4339c,Cosmo Token (COSMO),protocol,,Etherscan label (octal mirror) / DeFi,https://etherscan.io/accounts/label/defi,community
ethereum,0x74af8a878317e0f6e72e302fbcdf5f3009186398,Counterstake: Bridge,protocol,,Etherscan label / Bridge,https://etherscan.io/accounts/label/bridge,community
ethereum,0x4add6ab943e7908bb51e7878755d0ca322c898d6,Counterstake: USDC Bridge,protocol,,Etherscan label / Bridge,https://etherscan.io/accounts/label/bridge,community
ethereum,0x3be8a7d4aa3e9b723a718e1b83fe8a8b5c37871c,Counterstake: WBTC Bridge,protocol,,Etherscan label / Bridge,https://etherscan.io/accounts/label/bridge,community
ethereum,0xb37a769b37224449d92aac57de379e1267cd3b00,Covalent Token,protocol,,Etherscan label / Protocol,https://etherscan.io/accounts/label/protocol,community
ethereum,0xd057b63f5e69cf1b929b356b579cba08d7688048,CoW Protocol Virtual Token,protocol,,Etherscan label / DEX,https://etherscan.io/accounts/label/dex,community
ethereum,0x24bcec1afda63e622a97f17cff9a61ffcfd9b735,Crab Market (CRAB),protocol,,Etherscan label (octal mirror) / DeFi,https://etherscan.io/accounts/label/defi,community
ethereum,0xf5b574aaf22f8bbad4a8f544c6599482f88e8231,CRDT USD (SCRDT),protocol,,Etherscan label / Stablecoin,https://etherscan.io/accounts/label/stablecoin,community
ethereum,0x1ff8cdb51219a8838b52e9cac09b71e591bc998e,Cream Binance USD (crBUSD),protocol,,Etherscan label (octal mirror) / DeFi,https://etherscan.io/accounts/label/defi,community
ethereum,0x49d72e3973900a195a155a46441f0c08179fdb64,Cream ETH Token (CRETH2),protocol,,Etherscan label (octal mirror) / Cream,https://etherscan.io/accounts/label/cream-finance,community
ethereum,0x780f75ad0b02afeb6039672e6a6cede7447a8b45,Cream.Finance: 1 Year Staking,protocol,,Etherscan label / Cream,https://etherscan.io/accounts/label/cream-finance,community
ethereum,0xbdc3372161dfd0361161e06083ee5d52a9ce7595,Cream.Finance: 2 Year Staking,protocol,,Etherscan label / Cream,https://etherscan.io/accounts/label/cream-finance,community
ethereum,0xd5586c1804d2e1795f3fbbafb1fbb9099ee20a6c,Cream.Finance: 3 Year Staking,protocol,,Etherscan label / Cream,https://etherscan.io/accounts/label/cream-finance,community
ethereum,0xe618c25f580684770f2578faca31fb7acb2f5945,Cream.Finance: 4 Year Staking,protocol,,Etherscan label / Cream,https://etherscan.io/accounts/label/cream-finance,community
ethereum,0x3d5bc3c8d13dcb8bf317092d84783c2697ae9258,Cream.Finance: Comptroller,protocol,,Etherscan label / Cream,https://etherscan.io/accounts/label/cream-finance,community
ethereum,0x85759961b116f1d36fd697855c57a6ae40793d9b,Cream.Finance: cr1INCH Token,protocol,,Etherscan label / Cream,https://etherscan.io/accounts/label/cream-finance,community
ethereum,0x3225e3c669b39c7c8b3e204a8614bb218c5e31bc,Cream.Finance: crAAVE Token,protocol,,Etherscan label / Cream,https://etherscan.io/accounts/label/cream-finance,community
ethereum,0x65883978ada0e707c3b2be2a6825b1c4bdf76a90,Cream.Finance: crAKRO Token,protocol,,Etherscan label / Cream,https://etherscan.io/accounts/label/cream-finance,community
ethereum,0x1d0986fb43985c88ffa9ad959cc24e6a087c7e35,Cream.Finance: crALPHA Token,protocol,,Etherscan label / Cream,https://etherscan.io/accounts/label/cream-finance,community
ethereum,0x2db6c82ce72c8d7d770ba1b5f5ed0b6e075066d6,Cream.Finance: crAMP Token,protocol,,Etherscan label / Cream,https://etherscan.io/accounts/label/cream-finance,community
ethereum,0xab10586c918612ba440482db77549d26b7abf8f7,Cream.Finance: crARMOR Token,protocol,,Etherscan label / Cream,https://etherscan.io/accounts/label/cream-finance,community
ethereum,0xdfff11dfe6436e42a17b86e7f419ac8292990393,Cream.Finance: crARNXM Token,protocol,,Etherscan label / Cream,https://etherscan.io/accounts/label/cream-finance,community
ethereum,0xf04ce2e71d32d789a259428ddcd02d3c9f97fb4e,Cream.Finance: crAXS Token,protocol,,Etherscan label / Cream,https://etherscan.io/accounts/label/cream-finance,community
ethereum,0xce4fe9b4b8ff61949dcfeb7e03bc9faca59d2eb3,Cream.Finance: crBAL Token,protocol,,Etherscan label / Cream,https://etherscan.io/accounts/label/cream-finance,community
ethereum,0x8b950f43fcac4931d408f1fcda55c6cb6cbf3096,Cream.Finance: crBBADGER Token,protocol,,Etherscan label / Cream,https://etherscan.io/accounts/label/cream-finance,community
ethereum,0x7ea9c63e216d5565c3940a2b3d150e59c2907db3,Cream.Finance: crBBTC Token,protocol,,Etherscan label / Cream,https://etherscan.io/accounts/label/cream-finance,community
ethereum,0x81e346729723c4d15d0fb1c5679b9f2926ff13c6,Cream.Finance: crBNT Token,protocol,,Etherscan label / Cream,https://etherscan.io/accounts/label/cream-finance,community
ethereum,0xf55bbe0255f7f4e70f63837ff72a577fbddbe924,Cream.Finance: crBOND Token,protocol,,Etherscan label / Cream,https://etherscan.io/accounts/label/cream-finance,community
ethereum,0x8b3ff1ed4f36c2c2be675afb13cc3aa5d73685a5,Cream.Finance: crCEL Token,protocol,,Etherscan label / Cream,https://etherscan.io/accounts/label/cream-finance,community
ethereum,0x19d1666f543d42ef17f66e376944a22aea1a8e46,Cream.Finance: crCOMP Token,protocol,,Etherscan label / Cream,https://etherscan.io/accounts/label/cream-finance,community
ethereum,0x21011bc93d9e515b9511a817a1ed1d6d468f49fc,Cream.Finance: crCOVER Token,protocol,,Etherscan label / Cream,https://etherscan.io/accounts/label/cream-finance,community
ethereum,0x3ba3c0e8a9e5f4a01ce8e086b3d8e8a603a2129e,Cream.Finance: crCREAM (7 day lock),protocol,,Etherscan label / Cream,https://etherscan.io/accounts/label/cream-finance,community
ethereum,0x892b14321a4fcba80669ae30bd0cd99a7ecf6ac0,Cream.Finance: crCREAM Token,protocol,,Etherscan label / Cream,https://etherscan.io/accounts/label/cream-finance,community
ethereum,0xfd609a03b393f1a1cfcacedabf068cad09a924e2,Cream.Finance: crCRETH2 Token,protocol,,Etherscan label / Cream,https://etherscan.io/accounts/label/cream-finance,community
ethereum,0xc7fd8dcee4697ceef5a2fd4608a7bd6a94c77480,Cream.Finance: crCRV Token,protocol,,Etherscan label / Cream,https://etherscan.io/accounts/label/cream-finance,community
ethereum,0x92b767185fb3b04f881e3ac8e5b0662a027a1d9f,Cream.Finance: crDAI Token,protocol,,Etherscan label / Cream,https://etherscan.io/accounts/label/cream-finance,community
ethereum,0x2a537fa9ffaea8c1a41d3c2b68a9cb791529366d,Cream.Finance: crDPI Token,protocol,,Etherscan label / Cream,https://etherscan.io/accounts/label/cream-finance,community
ethereum,0x2ba592f78db6436527729929aaf6c908497cb200,Cream.Finance: CREAM Token,protocol,,Etherscan label / Cream,https://etherscan.io/accounts/label/cream-finance,community
ethereum,0x3c6c553a95910f9fc81c98784736bd628636d296,Cream.Finance: crESD,protocol,,Etherscan label / Cream,https://etherscan.io/accounts/label/cream-finance,community
ethereum,0xd06527d5e56a3495252a528c4987003b712860ee,Cream.Finance: crETH Token,protocol,,Etherscan label / Cream,https://etherscan.io/accounts/label/cream-finance,community
ethereum,0x8c3b7a4320ba70f8239f83770c4015b5bc4e6f91,Cream.Finance: crFEI Token,protocol,,Etherscan label / Cream,https://etherscan.io/accounts/label/cream-finance,community
ethereum,0xb092b4601850e23903a42eacbc9d8a0eec26a4d5,Cream.Finance: crFRAX Token,protocol,,Etherscan label / Cream,https://etherscan.io/accounts/label/cream-finance,community
ethereum,0xc36080892c64821fa8e396bc1bd8678fa3b82b17,Cream.Finance: crFTM Token,protocol,,Etherscan label / Cream,https://etherscan.io/accounts/label/cream-finance,community
ethereum,0x10fdbd1e48ee2fd9336a482d746138ae19e649db,Cream.Finance: crFTT Token,protocol,,Etherscan label / Cream,https://etherscan.io/accounts/label/cream-finance,community
ethereum,0x523effc8bfefc2948211a05a905f761cba5e8e9e,Cream.Finance: crGNO Token,protocol,,Etherscan label / Cream,https://etherscan.io/accounts/label/cream-finance,community
ethereum,0x054b7ed3f45714d3091e82aad64a1588dc4096ed,Cream.Finance: crHBTC Token,protocol,,Etherscan label / Cream,https://etherscan.io/accounts/label/cream-finance,community
ethereum,0x10a3da2bb0fae4d591476fd97d6636fd172923a8,Cream.Finance: crHEGIC,protocol,,Etherscan label / Cream,https://etherscan.io/accounts/label/cream-finance,community
ethereum,0xd5103afcd0b3fa865997ef2984c66742c51b2a8b,Cream.Finance: crHFIL Token,protocol,,Etherscan label / Cream,https://etherscan.io/accounts/label/cream-finance,community
ethereum,0xd692ac3245bb82319a31068d6b8412796ee85d2c,Cream.Finance: crHUSD,protocol,,Etherscan label / Cream,https://etherscan.io/accounts/label/cream-finance,community
ethereum,0x2a867fd776b83e1bd4e13c6611afd2f6af07ea6d,Cream.Finance: crIBBTC Token,protocol,,Etherscan label / Cream,https://etherscan.io/accounts/label/cream-finance,community
ethereum,0x903560b1cce601794c584f58898da8a8b789fc5d,Cream.Finance: crKP3R Token,protocol,,Etherscan label / Cream,https://etherscan.io/accounts/label/cream-finance,community
ethereum,0x8b86e0598616a8d4f1fdae8b59e55fb5bc33d0d6,Cream.Finance: crLEND Token,protocol,,Etherscan label / Cream,https://etherscan.io/accounts/label/cream-finance,community
ethereum,0x697256caa3ccafd62bb6d3aa1c7c5671786a5fd9,Cream.Finance: crLINK Token,protocol,,Etherscan label / Cream,https://etherscan.io/accounts/label/cream-finance,community
ethereum,0x250fb308199fe8c5220509c1bf83d21d60b7f74a,Cream.Finance: crLON Token,protocol,,Etherscan label / Cream,https://etherscan.io/accounts/label/cream-finance,community
ethereum,0x58da9c9fc3eb30abbcbbab5ddabb1e6e2ef3d2ef,Cream.Finance: crMANA Token,protocol,,Etherscan label / Cream,https://etherscan.io/accounts/label/cream-finance,community
ethereum,0xdbb5e3081def4b6cdd8864ac2aeda4cbf778fecf,Cream.Finance: crMLN Token,protocol,,Etherscan label / Cream,https://etherscan.io/accounts/label/cream-finance,community
ethereum,0x3623387773010d9214b10c551d6e7fc375d31f58,Cream.Finance: crMTA Token,protocol,,Etherscan label / Cream,https://etherscan.io/accounts/label/cream-finance,community
ethereum,0x7c3297cfb4c4bbd5f44b450c0872e0ada5203112,Cream.Finance: crOCEAN Token,protocol,,Etherscan label / Cream,https://etherscan.io/accounts/label/cream-finance,community
ethereum,0x59089279987dd76fc65bf94cb40e186b96e03cb3,Cream.Finance: crOGN Token,protocol,,Etherscan label / Cream,https://etherscan.io/accounts/label/cream-finance,community
ethereum,0x7aaa323d7e398be4128c7042d197a2545f0f1fea,Cream.Finance: crOMG Token,protocol,,Etherscan label / Cream,https://etherscan.io/accounts/label/cream-finance,community
ethereum,0xd7394428536f63d5659cc869ef69d10f9e66314b,Cream.Finance: crPAX Token,protocol,,Etherscan label / Cream,https://etherscan.io/accounts/label/cream-finance,community
ethereum,0x1241b10e7ea55b22f5b2d007e8fecdf73dcff999,Cream.Finance: crPAXG Token,protocol,,Etherscan label / Cream,https://etherscan.io/accounts/label/cream-finance,community
ethereum,0x299e254a8a165bbeb76d9d69305013329eea3a3b,Cream.Finance: crPERP Token,protocol,,Etherscan label / Cream,https://etherscan.io/accounts/label/cream-finance,community
ethereum,0xc68251421edda00a10815e273fa4b1191fac651b,Cream.Finance: crPICKLE Token,protocol,,Etherscan label / Cream,https://etherscan.io/accounts/label/cream-finance,community
ethereum,0xf8445c529d363ce114148662387eba5e62016e20,Cream.Finance: crRAI Token,protocol,,Etherscan label / Cream,https://etherscan.io/accounts/label/cream-finance,community
ethereum,0x081fe64df6dc6fc70043aedf3713a3ce6f190a21,Cream.Finance: crRARI Token,protocol,,Etherscan label / Cream,https://etherscan.io/accounts/label/cream-finance,community
ethereum,0x17107f40d70f4470d20cb3f138a052cae8ebd4be,Cream.Finance: crRENBTC Token,protocol,,Etherscan label / Cream,https://etherscan.io/accounts/label/cream-finance,community
ethereum,0x8379baa817c5c5ab929b03ee8e3c48e45018ae41,Cream.Finance: crRune Token,protocol,,Etherscan label / Cream,https://etherscan.io/accounts/label/cream-finance,community
ethereum,0x89e42987c39f72e2ead95a8a5bc92114323d5828,Cream.Finance: crSAND Token,protocol,,Etherscan label / Cream,https://etherscan.io/accounts/label/cream-finance,community
ethereum,0x28526bb33d7230e65e735db64296413731c5402e,Cream.Finance: crSFI Token,protocol,,Etherscan label / Cream,https://etherscan.io/accounts/label/cream-finance,community
ethereum,0x38f27c03d6609a86ff7716ad03038881320be4ad,Cream.Finance: crSLP-DAI-ETH Token,protocol,,Etherscan label / Cream,https://etherscan.io/accounts/label/cream-finance,community
ethereum,0x5c291bc83d15f71fb37805878161718ea4b6aee9,Cream.Finance: crSLP-ETH-USDT Token,protocol,,Etherscan label / Cream,https://etherscan.io/accounts/label/cream-finance,community
ethereum,0x6ba0c66c48641e220cf78177c144323b3838d375,Cream.Finance: crSLP-SUSHI-ETH Token,protocol,,Etherscan label / Cream,https://etherscan.io/accounts/label/cream-finance,community
ethereum,0x5ecad8a75216cea7dff978525b2d523a251eea92,Cream.Finance: crSLP-USDC-ETH Token,protocol,,Etherscan label / Cream,https://etherscan.io/accounts/label/cream-finance,community
ethereum,0x73f6cba38922960b7092175c0add22ab8d0e81fc,Cream.Finance: crSLP-WBTC-ETH Token,protocol,,Etherscan label / Cream,https://etherscan.io/accounts/label/cream-finance,community
ethereum,0xd532944df6dfd5dd629e8772f03d4fc861873abf,Cream.Finance: crSLP-YFI-ETH Token,protocol,,Etherscan label / Cream,https://etherscan.io/accounts/label/cream-finance,community
ethereum,0xc25eae724f189ba9030b2556a1533e7c8a732e14,Cream.Finance: crSNX Token,protocol,,Etherscan label / Cream,https://etherscan.io/accounts/label/cream-finance,community
ethereum,0xef58b2d5a1b8d3cde67b8ab054dc5c831e9bc025,Cream.Finance: crSRM Token,protocol,,Etherscan label / Cream,https://etherscan.io/accounts/label/cream-finance,community
ethereum,0x25555933a8246ab67cbf907ce3d1949884e82b55,Cream.Finance: crSUSD Token,protocol,,Etherscan label / Cream,https://etherscan.io/accounts/label/cream-finance,community
ethereum,0x338286c0bc081891a4bda39c7667ae150bf5d206,Cream.Finance: crSUSHI Token,protocol,,Etherscan label / Cream,https://etherscan.io/accounts/label/cream-finance,community
ethereum,0x22b243b96495c547598d9042b6f94b01c22b2e9e,Cream.Finance: crSWAG Token,protocol,,Etherscan label / Cream,https://etherscan.io/accounts/label/cream-finance,community
ethereum,0x98e329eb5aae2125af273102f3440de19094b77c,Cream.Finance: crSWAP Token,protocol,,Etherscan label / Cream,https://etherscan.io/accounts/label/cream-finance,community
ethereum,0xf047d4be569fb770db143a6a90ef203fc1295922,Cream.Finance: crTBTC Token,protocol,,Etherscan label / Cream,https://etherscan.io/accounts/label/cream-finance,community
ethereum,0xe89a6d0509faf730bd707bf868d9a2a744a363c7,Cream.Finance: crUNI Token,protocol,,Etherscan label / Cream,https://etherscan.io/accounts/label/cream-finance,community
ethereum,0xcd22c4110c12ac41acefa0091c432ef44efaafa0,Cream.Finance: crUNI-V2-DAI-ETH Token,protocol,,Etherscan label / Cream,https://etherscan.io/accounts/label/cream-finance,community
ethereum,0xe6c3120f38f56deb38b69b65cc7dcaf916373963,Cream.Finance: crUNI-V2-ETH-USDT Token,protocol,,Etherscan label / Cream,https://etherscan.io/accounts/label/cream-finance,community
ethereum,0x4fe11bc316b6d7a345493127fbe298b95adaad85,Cream.Finance: crUNI-V2-USDC-ETH Token,protocol,,Etherscan label / Cream,https://etherscan.io/accounts/label/cream-finance,community
ethereum,0x011a014d5e8eb4771e575bb1000318d509230afa,Cream.Finance: crUNI-V2-WBTC-ETH Token,protocol,,Etherscan label / Cream,https://etherscan.io/accounts/label/cream-finance,community
ethereum,0x44fbebd2f576670a6c33f6fc0b00aa8c5753b322,Cream.Finance: crUSDC Token,protocol,,Etherscan label / Cream,https://etherscan.io/accounts/label/cream-finance,community
ethereum,0x797aab1ce7c01eb727ab980762ba88e7133d2157,Cream.Finance: crUSDT Token,protocol,,Etherscan label / Cream,https://etherscan.io/accounts/label/cream-finance,community
ethereum,0x51f48b638f82e8765f7a26373a2cb4ccb10c07af,Cream.Finance: crUST Token,protocol,,Etherscan label / Cream,https://etherscan.io/accounts/label/cream-finance,community
ethereum,0x71cefcd324b732d4e058afacba040d908c441847,Cream.Finance: crVSP Token,protocol,,Etherscan label / Cream,https://etherscan.io/accounts/label/cream-finance,community
ethereum,0x1a122348b73b58ea39f822a89e6ec67950c2bbd0,Cream.Finance: crVVSP Token,protocol,,Etherscan label / Cream,https://etherscan.io/accounts/label/cream-finance,community
ethereum,0x197070723ce0d3810a0e47f06e935c30a480d4fc,Cream.Finance: crWBTC Token,protocol,,Etherscan label / Cream,https://etherscan.io/accounts/label/cream-finance,community
ethereum,0xeff039c3c1d668f408d09dd7b63008622a77532c,Cream.Finance: crWNXM Token,protocol,,Etherscan label / Cream,https://etherscan.io/accounts/label/cream-finance,community
ethereum,0xe585c76573d7593abf21537b607091f76c996e73,Cream.Finance: crWOO Token,protocol,,Etherscan label / Cream,https://etherscan.io/accounts/label/cream-finance,community
ethereum,0x228619cca194fbe3ebeb2f835ec1ea5080dafbb2,Cream.Finance: crXSUSHI Token,protocol,,Etherscan label / Cream,https://etherscan.io/accounts/label/cream-finance,community
ethereum,0x9baf8a5236d44ac410c0186fe39178d5aad0bb87,Cream.Finance: crYCRV Token,protocol,,Etherscan label / Cream,https://etherscan.io/accounts/label/cream-finance,community
ethereum,0x01da76dea59703578040012357b81ffe62015c2d,Cream.Finance: crYETH Token,protocol,,Etherscan label / Cream,https://etherscan.io/accounts/label/cream-finance,community
ethereum,0xcbae0a83f4f9926997c8339545fb8ee32edc6b76,Cream.Finance: crYFI Token,protocol,,Etherscan label / Cream,https://etherscan.io/accounts/label/cream-finance,community
ethereum,0x4112a717edd051f77d834a6703a1ef5e3d73387f,Cream.Finance: crYGG Token,protocol,,Etherscan label / Cream,https://etherscan.io/accounts/label/cream-finance,community
ethereum,0x4baa77013ccd6705ab0522853cb0e9d453579dd4,Cream.Finance: crYUSD Token,protocol,,Etherscan label / Cream,https://etherscan.io/accounts/label/cream-finance,community
ethereum,0x45406ba53bb84cd32a58e7098a2d4d1b11b107f6,Cream.Finance: crYVCurve-IB Token,protocol,,Etherscan label / Cream,https://etherscan.io/accounts/label/cream-finance,community
ethereum,0x6d1b9e01af17dd08d6dec08e210dfd5984ff1c20,Cream.Finance: crYVCurve-sETH Token,protocol,,Etherscan label / Cream,https://etherscan.io/accounts/label/cream-finance,community
ethereum,0x1f9b4756b008106c806c7e64322d7ed3b72cb284,Cream.Finance: crYVCurve-stETH Token,protocol,,Etherscan label / Cream,https://etherscan.io/accounts/label/cream-finance,community
ethereum,0x1bcafa2c1b3a522e41baa60c2e318981ea8d1eb5,Cream.Finance: crYVSTECRV Token,protocol,,Etherscan label / Cream,https://etherscan.io/accounts/label/cream-finance,community
ethereum,0x4202d97e00b9189936edf37f8d01cff88bdd81d4,Cream.Finance: crYVWETH Token,protocol,,Etherscan label / Cream,https://etherscan.io/accounts/label/cream-finance,community
ethereum,0x4ee15f44c6f0d8d1136c83efd2e8e4ac768954c6,Cream.Finance: crYYCRV Token,protocol,,Etherscan label / Cream,https://etherscan.io/accounts/label/cream-finance,community
ethereum,0xa87e8e61dfac8af5944d353cd26b96b20d5f4d01,Cream.Finance: crYYECRV Token,protocol,,Etherscan label / Cream,https://etherscan.io/accounts/label/cream-finance,community
ethereum,0x09bdcce2593f0bef0991188c25fb744897b6572d,Cream.Finance: cyBUSD Token,protocol,,Etherscan label / Cream,https://etherscan.io/accounts/label/cream-finance,community
ethereum,0x4f12c9dabb5319a252463e6028ca833f1164d045,Cream.Finance: cyCDAI Token,protocol,,Etherscan label / Cream,https://etherscan.io/accounts/label/cream-finance,community
ethereum,0x9d029cd7cedcb194e2c361948f279f1788135bb2,Cream.Finance: cyCREAM Token,protocol,,Etherscan label / Cream,https://etherscan.io/accounts/label/cream-finance,community
ethereum,0x950027632fbd6adadfe82644bfb64647642b6c09,Cream.Finance: cyCUSDC Token,protocol,,Etherscan label / Cream,https://etherscan.io/accounts/label/cream-finance,community
ethereum,0xbb4b067cc612494914a902217cb6078ab4728e36,Cream.Finance: cyCUSDT Token,protocol,,Etherscan label / Cream,https://etherscan.io/accounts/label/cream-finance,community
ethereum,0x297d4da727fbc629252845e96538fc46167e453a,Cream.Finance: cyDUSD Token,protocol,,Etherscan label / Cream,https://etherscan.io/accounts/label/cream-finance,community
ethereum,0xa0e5a19e091bbe241e655997e50da82da676b083,Cream.Finance: cyGUSD Token,protocol,,Etherscan label / Cream,https://etherscan.io/accounts/label/cream-finance,community
ethereum,0xbe86e8918dfc7d3cb10d295fc220f941a1470c5c,Cream.Finance: cyMUSD Token,protocol,,Etherscan label / Cream,https://etherscan.io/accounts/label/cream-finance,community
ethereum,0x4e3a36a633f63aee0ab57b5054ec78867cb3c0b8,Cream.Finance: cySUSD Token,protocol,,Etherscan label / Cream,https://etherscan.io/accounts/label/cream-finance,community
ethereum,0xbddeb563e90f6cbf168a7cda4927806477e5b6c6,Cream.Finance: cyUSDP Token,protocol,,Etherscan label / Cream,https://etherscan.io/accounts/label/cream-finance,community
ethereum,0x7589c9e17bcfce1ccaa1f921196fda177f0207fc,Cream.Finance: cyY3CRV Token,protocol,,Etherscan label / Cream,https://etherscan.io/accounts/label/cream-finance,community
ethereum,0x197939c1ca20c2b506d6811d8b6cdb3394471074,Cream.Finance: Deployer,protocol,,Etherscan label / Cream,https://etherscan.io/accounts/label/cream-finance,community
ethereum,0x6d5a7597896a703fe8c85775b23395a48f971305,Cream.Finance: MultiSig,protocol,,Etherscan label / Cream,https://etherscan.io/accounts/label/cream-finance,community
ethereum,0x4b7dba23bea9d1a2d652373bcd1b78b0e9e0188a,Cream.Finance: Price Oracle,protocol,,Etherscan label / Cream,https://etherscan.io/accounts/label/cream-finance,community
ethereum,0x0cd8fd90bacc7a676fcc7c0d7573b970f8784b50,Cream.Finance: Team,protocol,,Etherscan label / Cream,https://etherscan.io/accounts/label/cream-finance,community
ethereum,0x7350c6d00d63ab5988250aea347f277c19bea785,Cream.Finance: YFI-USDC,protocol,,Etherscan label / Cream,https://etherscan.io/accounts/label/cream-finance,community
ethereum,0x923b83c26b3809d960ff80332ed00aa46d7ed375,Creator Chain (CTR),protocol,,Etherscan label (octal mirror) / DeFi,https://etherscan.io/accounts/label/defi,community
ethereum,0xae6e307c3fe9e922e5674dbd7f830ed49c014c6b,CREDI (CREDI),protocol,,Etherscan label (octal mirror) / DeFi,https://etherscan.io/accounts/label/defi,community
ethereum,0xc4cb5793bd58bad06bf51fb37717b86b02cbe8a4,CREDIT (CREDIT),protocol,,Etherscan label (octal mirror) / DeFi,https://etherscan.io/accounts/label/defi,community
ethereum,0x5e51f6841d2f188c42c7c33a6a5e77fb05cfbabe,CREDITCOIN (CCOIN),protocol,,Etherscan label / Protocol,https://etherscan.io/accounts/label/protocol,community
ethereum,0x68cfb82eacb9f198d508b514d898a403c449533e,Credmark (CMK),protocol,,Etherscan label (octal mirror) / DeFi,https://etherscan.io/accounts/label/defi,community
ethereum,0x60aff542ea64a2c8576707ac9ec150b6829ff808,CriptoArchiToken (CAT),protocol,,Etherscan label (octal mirror) / DeFi,https://etherscan.io/accounts/label/defi,community
ethereum,0xe0bca6c40c5b680f21456e7feb15f1326efb69cd,Crop Token (CROP),protocol,,Etherscan label (octal mirror) / DeFi,https://etherscan.io/accounts/label/defi,community
ethereum,0xdb792b1d8869a7cfc34916d6c845ff05a7c9b789,Cross-Chain BCH (ccBCH),protocol,,Etherscan label (octal mirror) / DeFi,https://etherscan.io/accounts/label/defi,community
ethereum,0xef206fefe1c7506a8aa2cb39597ae3263204416d,Cross-Chain BTC (ccBTC),protocol,,Etherscan label (octal mirror) / DeFi,https://etherscan.io/accounts/label/defi,community
ethereum,0x51bb3ab03ab49ec5cb3883705949657838a015fd,CRYNcoin (CRYN),protocol,,Etherscan label (octal mirror) / DeFi,https://etherscan.io/accounts/label/defi,community
ethereum,0x429876c4a6f89fb470e92456b8313879df98b63c,Cryption Network Token (CNT),protocol,,Etherscan label (octal mirror) / DeFi,https://etherscan.io/accounts/label/defi,community
ethereum,0xa5e412ba6fca1e07b15defcaa4236ff7b5a7f086,CRYPTO BANK (CBANK),protocol,,Etherscan label (octal mirror) / DeFi,https://etherscan.io/accounts/label/defi,community
ethereum,0xa6fa6531acdf1f9f96eddd66a0f9481e35c2e42a,Crypto BRL (CBRL),protocol,,Etherscan label (octal mirror) / Stablecoin,https://etherscan.io/accounts/label/stablecoin,community
ethereum,0x878cf148ccbb50426043a9affe54ba408221c7fa,Crypto Kombat Token (KOMBAT),protocol,,Etherscan label (octal mirror) / DeFi,https://etherscan.io/accounts/label/defi,community
ethereum,0x3a429b1ea13015c904efd7cc0f4c4f404d4e4b52,Crypto Top (CRYPTOP),protocol,,Etherscan label (octal mirror) / DeFi,https://etherscan.io/accounts/label/defi,community
ethereum,0x17ac188e09a7890a1844e5e65471fe8b0ccfadf3,Cryptocurrency Top 10 Tokens Index (CC10),protocol,,Etherscan label (octal mirror) / DeFi,https://etherscan.io/accounts/label/defi,community
ethereum,0xf644d4477cd8db7791cea3013cb053b3fec4beb3,Cryptoenter LION token (LION),protocol,,Etherscan label (octal mirror) / DeFi,https://etherscan.io/accounts/label/defi,community
ethereum,0xb4272071ecadd69d933adcd19ca99fe80664fc08,CryptoFranc (XCHF),protocol,,Etherscan label / Stablecoin,https://etherscan.io/accounts/label/stablecoin,community
ethereum,0x8a4d333aaa629a189d65bc155917189cc3cbdc06,CryptoLive (CLT),protocol,,Etherscan label (octal mirror) / DeFi,https://etherscan.io/accounts/label/defi,community
ethereum,0x59ecf48345a221e0731e785ed79ed40d0a94e2a5,CryptoManufaktur: Lido Node Operator,protocol,,Etherscan label / Lido,https://etherscan.io/accounts/label/lido,community
ethereum,0x6e01a56f0fd8e08b84297235c5847dcc469c96c9,Cryptor (VICI),protocol,,Etherscan label (octal mirror) / DeFi,https://etherscan.io/accounts/label/defi,community
ethereum,0x6df241103f89983b1fb86244c8601e44ea55368c,CUBE (CUBE),protocol,,Etherscan label (octal mirror) / DeFi,https://etherscan.io/accounts/label/defi,community
ethereum,0x0a4b2d4b48a63088e0897a3f147ba37f81a27722,CuraDAI (CURA),protocol,,Etherscan label / Stablecoin,https://etherscan.io/accounts/label/stablecoin,community
ethereum,0xfdcdfa378818ac358739621ddfa8582e6ac1adcb,Curio Stable Coin,protocol,,Etherscan label / Stablecoin,https://etherscan.io/accounts/label/stablecoin,community
ethereum,0x845838df265dcd2c412a1dc9e959c7d08537f8a2,Curve.fi cDAI/cUSDC,protocol,,Etherscan label / DEX,https://etherscan.io/accounts/label/dex,community
ethereum,0x9fc689ccada600b6df723d9e47d84d76664a1f23,Curve.fi cDAI/cUSDC/USDT,protocol,,Etherscan label / DEX,https://etherscan.io/accounts/label/dex,community
ethereum,0x6c3f90f043a72fa612cbac8115ee7e52bde6e490,Curve.fi DAI/USDC/USDT,protocol,,Etherscan label / DEX,https://etherscan.io/accounts/label/dex,community
ethereum,0xd905e2eaebe188fc92179b6350807d8bd91db0d8,Curve.fi DAI/USDC/USDT/PAX,protocol,,Etherscan label / DEX,https://etherscan.io/accounts/label/dex,community
ethereum,0xc25a3a3b969415c80451098fa907ec722572917f,Curve.fi DAI/USDC/USDT/sUSD,protocol,,Etherscan label / DEX,https://etherscan.io/accounts/label/dex,community
ethereum,0xd652c40fbb3f06d6b58cb9aa9cff063ee63d465d,Curve.fi Factory Plain Pool: Bean-L... (BEANLUSD-f),protocol,,Etherscan label (octal mirror) / DeFi,https://etherscan.io/accounts/label/defi,community
ethereum,0x3a70dfa7d2262988064a2d051dd47521e43c9bdd,Curve.fi Factory USD Metapool: Bean (BEAN3CRV-f),protocol,,Etherscan label (octal mirror) / DeFi,https://etherscan.io/accounts/label/defi,community
ethereum,0xc9c32cd16bf7efb85ff14e0c8603cc90f6f2ee49,Curve.fi Factory USD Metapool: Bean (BEAN3CRV-f),protocol,,Etherscan label (octal mirror) / DeFi,https://etherscan.io/accounts/label/defi,community
ethereum,0xd632f22692fac7611d2aa1c0d552930d43caed3b,Curve.fi Factory USD Metapool: Frax (FRAX3CRV-f),protocol,,Etherscan label (octal mirror) / DeFi,https://etherscan.io/accounts/label/defi,community
ethereum,0x5b5cfe992adac0c9d48e05854b2d91c73a003858,Curve.fi HUSD/3Crv (husd3CRV),protocol,,Etherscan label (octal mirror) / DeFi,https://etherscan.io/accounts/label/defi,community
ethereum,0x6d65b498cb23deaba52db31c93da9bffb340fb8f,Curve.fi LinkUSD/3Crv (LinkUSD3CRV),protocol,,Etherscan label (octal mirror) / DeFi,https://etherscan.io/accounts/label/defi,community
ethereum,0x1aef73d49dedc4b1778d0706583995958dc862e6,Curve.fi MUSD/3Crv (musd3CRV),protocol,,Etherscan label (octal mirror) / DeFi,https://etherscan.io/accounts/label/defi,community
ethereum,0x49849c98ae39fff122806c06791fa73784fb3675,Curve.fi renBTC/wBTC,protocol,,Etherscan label / DEX,https://etherscan.io/accounts/label/dex,community
ethereum,0x075b1bb99792c9e1041ba13afef80c91a1e70fb3,Curve.fi renBTC/wBTC/sBTC,protocol,,Etherscan label / DEX,https://etherscan.io/accounts/label/dex,community
ethereum,0x97e2768e8e73511ca874545dc5ff8067eb19b787,Curve.fi USDK/3Crv (usdk3CRV),protocol,,Etherscan label (octal mirror) / DeFi,https://etherscan.io/accounts/label/defi,community
ethereum,0x4f3e8f405cf5afc05d68142f3783bdfe13811522,Curve.fi USDN/3Crv (usdn3CRV),protocol,,Etherscan label (octal mirror) / DeFi,https://etherscan.io/accounts/label/defi,community
ethereum,0x3b3ac5386837dc563660fb6a0937dfaa5924333b,Curve.fi yDAI/yUSDC/yUSDT/yBUSD,protocol,,Etherscan label / DEX,https://etherscan.io/accounts/label/dex,community
ethereum,0xdf5e0e81dff6faf3a7e52ba697820c5e32d806a8,Curve.fi yDAI/yUSDC/yUSDT/yTUSD,protocol,,Etherscan label / DEX,https://etherscan.io/accounts/label/dex,community
ethereum,0xa2b47e3d5c44877cca798226b7b8118f9bfb7a56,Curve.fi: Compound Swap,protocol,,Etherscan label / DeFi,https://etherscan.io/accounts/label/defi,community
ethereum,0x7fc77b5c7614e1533320ea6ddc2eb61fa00a9714,Curve.fi: sBTC Swap,protocol,,Etherscan label / DeFi,https://etherscan.io/accounts/label/defi,community
ethereum,0x52ea46506b9cc5ef470c5bf89f17dc28bb35d85c,Curve.fi: USDT Swap,protocol,,Etherscan label / DeFi,https://etherscan.io/accounts/label/defi,community
ethereum,0x45f783cce6b7ff23b2ab2d70e416cdb7d6055f51,Curve.fi: y Swap,protocol,,Etherscan label / DeFi,https://etherscan.io/accounts/label/defi,community
ethereum,0x0f959ae03679dd69975ccfa7bb6f286b273fb29e,Cuvrr (CUVR),protocol,,Etherscan label (octal mirror) / DeFi,https://etherscan.io/accounts/label/defi,community
ethereum,0xb48e0f69e6a3064f5498d495f77ad83e0874ab28,CXN Network (CXN),protocol,,Etherscan label (octal mirror) / DeFi,https://etherscan.io/accounts/label/defi,community
ethereum,0xf7bcc16f5ccf1c7fa195c22dda8a88329e528649,CYBER USD (CUSD),protocol,,Etherscan label (octal mirror) / Stablecoin,https://etherscan.io/accounts/label/stablecoin,community
ethereum,0x5bba9fc8cad4c6ccc0e9807a50247d86ff3bbdce,CyberCrowd Protocol,protocol,,Etherscan label / Protocol,https://etherscan.io/accounts/label/protocol,community
ethereum,0x1c97eab40174e8c86704bf4ff7a55001de74316a,Cybertama (CYBER),protocol,,Etherscan label (octal mirror) / DeFi,https://etherscan.io/accounts/label/defi,community
ethereum,0x8861cff2366c1128fd699b68304ad99a0764ef9a,Cyclone Protocol,protocol,,Etherscan label / Protocol,https://etherscan.io/accounts/label/protocol,community
ethereum,0xbd05cee8741100010d8e93048a80ed77645ac7bf,CYCLOPS TREASURE (CYTR),protocol,,Etherscan label (octal mirror) / DeFi,https://etherscan.io/accounts/label/defi,community
ethereum,0x69051f5288bfb98d4471daace4c07dedddea1ee5,DabbyToken (DBBY),protocol,,Etherscan label (octal mirror) / DeFi,https://etherscan.io/accounts/label/defi,community
ethereum,0xefab7248d36585e2340e5d25f8a8d243e6e3193f,DACXI (DACXI),protocol,,Etherscan label (octal mirror) / DeFi,https://etherscan.io/accounts/label/defi,community
ethereum,0x51be9f12dd5095c5b1acf90e7e0aa4aa8023218b,Dacxi Gold Token,protocol,,Etherscan label / Stablecoin,https://etherscan.io/accounts/label/stablecoin,community
ethereum,0x155ab266b9226525cfd5b1e7d8a80bab65b6b609,Dacxi Platinum Token (DXPT),protocol,,Etherscan label (octal mirror) / Stablecoin,https://etherscan.io/accounts/label/stablecoin,community
ethereum,0xd71bbf61079d3ea7ea7890356850d4579be304af,Dacxi Silver Token,protocol,,Etherscan label / Stablecoin,https://etherscan.io/accounts/label/stablecoin,community
ethereum,0xfc979087305a826c2b2a0056cfaba50aad3e6439,DAFI Token (DAFI),protocol,,Etherscan label (octal mirror) / DeFi,https://etherscan.io/accounts/label/defi,community
ethereum,0x739ca6d71365a08f584c8fc4e1029045fa8abc4b,Dai Stablecoin,protocol,,Etherscan label / Stablecoin,https://etherscan.io/accounts/label/stablecoin,community
ethereum,0x9b869c2eaae08136c43d824ea75a2f376f1aa983,DAI-HRD (DAI-HRD),protocol,,Etherscan label (octal mirror) / DeFi,https://etherscan.io/accounts/label/defi,community
ethereum,0x1f19f83fc9a25f3c861260143e36c17706257986,DAO Invest (VEST),protocol,,Etherscan label (octal mirror) / DeFi,https://etherscan.io/accounts/label/defi,community
ethereum,0x7ef5ac1fe8b6832ebaddee1856e4a21e46843565,DaoSwap (DOI),protocol,,Etherscan label / DEX,https://etherscan.io/accounts/label/dex,community
ethereum,0x77dce26c03a9b833fc2d7c31c22da4f42e9d9582,DAOventuresDeFi (DVD),protocol,,Etherscan label (octal mirror) / DeFi,https://etherscan.io/accounts/label/defi,community
ethereum,0xc6d19a604fbdb5c2eeb363255fd63c9eea29288e,Dark Bundles (DBund),protocol,,Etherscan label (octal mirror) / DeFi,https://etherscan.io/accounts/label/defi,community
ethereum,0x3108ccfd96816f9e663baa0e8c5951d229e8c6da,DarkToken (DARK),protocol,,Etherscan label (octal mirror) / DeFi,https://etherscan.io/accounts/label/defi,community
ethereum,0xa48f322f8b3edff967629af79e027628b9dd1298,Davos.xyz USD,protocol,,Etherscan label / Stablecoin,https://etherscan.io/accounts/label/stablecoin,community
ethereum,0xa5f1dbb0e55bc31f32c6d032bee330288490e722,Day By Day Token (DBD),protocol,,Etherscan label (octal mirror) / DeFi,https://etherscan.io/accounts/label/defi,community
ethereum,0x3cbc780d2934d55a06069e837fabd3e6fc23dab0,DBX (DBX),protocol,,Etherscan label (octal mirror) / DeFi,https://etherscan.io/accounts/label/defi,community
ethereum,0xfd5f65a7e4fae82778be1085ffd2f1de5b2de92c,DCAP (DCAP),protocol,,Etherscan label (octal mirror) / DeFi,https://etherscan.io/accounts/label/defi,community
ethereum,0xd3dd721b74d72f29677a94c4b318f16a7f7426bc,DCS (DCS),protocol,,Etherscan label / Stablecoin,https://etherscan.io/accounts/label/stablecoin,community
ethereum,0xb566e883555aebf5b1db211070b530ab00a4b18a,DCTDAO (DCTD),protocol,,Etherscan label / DEX,https://etherscan.io/accounts/label/dex,community
ethereum,0x49497a4d914ae91d34ce80030fe620687bf333fd,DDEX 1.0,protocol,,Etherscan label / DEX,https://etherscan.io/accounts/label/dex,community
ethereum,0x43de2d77bf8027e25dbd179b491e8d64f38398aa,deBridgeGate,protocol,,Etherscan label / Bridge,https://etherscan.io/accounts/label/bridge,community
ethereum,0x4b21fe3dcbfba42a1e52dc2f2ad332e177f7e1b1,DEC777Token (DEC),protocol,,Etherscan label / DEX,https://etherscan.io/accounts/label/dex,community
ethereum,0x95ba34760ac3d7fbe98ee8b2ab33b4f1a6d18878,DeCash (DESH),protocol,,Etherscan label (octal mirror) / DeFi,https://etherscan.io/accounts/label/defi,community
ethereum,0x30f271c9e86d2b7d00a6376cd96a1cfbd5f0b9b3,Decentr (DEC),protocol,,Etherscan label / Protocol,https://etherscan.io/accounts/label/protocol,community
ethereum,0x0c7e25e15e9f6818fa2770107b3ba565470bc8c5,Decentralized Bitcoin,protocol,,Etherscan label / Protocol,https://etherscan.io/accounts/label/protocol,community
ethereum,0x2b6a538e4050050687da1dfccf6c2398f03935c3,Decentralized Finance Pool (DVTEC),protocol,,Etherscan label (octal mirror) / DeFi,https://etherscan.io/accounts/label/defi,community
ethereum,0x0c10bf8fcb7bf5412187a595ab97a3609160b5c6,Decentralized USD,protocol,,Etherscan label / Stablecoin,https://etherscan.io/accounts/label/stablecoin,community
ethereum,0xd523a36bec9ffa8057d5f1fe2bc882124e2fbf55,DECORUM.NETWORK (DEC),protocol,,Etherscan label (octal mirror) / DeFi,https://etherscan.io/accounts/label/defi,community
ethereum,0x4e3ab01b098ecda0313f9e15a1608d17371fe01f,DEEP STAKE (DEST),protocol,,Etherscan label (octal mirror) / DeFi,https://etherscan.io/accounts/label/defi,community
ethereum,0xc8eec1277b84fc8a79364d0add8c256b795c6727,DeepGo Token (DGT),protocol,,Etherscan label (octal mirror) / DeFi,https://etherscan.io/accounts/label/defi,community
ethereum,0xe0bceef36f3a6efdd5eebfacd591423f8549b9d5,Defactor (FACTR),protocol,,Etherscan label (octal mirror) / DeFi,https://etherscan.io/accounts/label/defi,community
ethereum,0x310052769de50103600981a02bba373f0e812a0d,Defi DigitalNote (2XDN),protocol,,Etherscan label (octal mirror) / DeFi,https://etherscan.io/accounts/label/defi,community
ethereum,0xaf183350bdf8082b486cee23fbfcca6ea3258dac,Defi Firefly (DFF),protocol,,Etherscan label (octal mirror) / DeFi,https://etherscan.io/accounts/label/defi,community
ethereum,0xe3a64a3c4216b83255b53ec7ea078b13f21a7dad,DEFI GOLD (DFGL),protocol,,Etherscan label (octal mirror) / DeFi,https://etherscan.io/accounts/label/defi,community
ethereum,0x88fbecfef7146242c18d26321b628e9fca6b76dd,Defi Index (DFIX),protocol,,Etherscan label (octal mirror) / DeFi,https://etherscan.io/accounts/label/defi,community
ethereum,0xd89a909648e28e8352b63b78007f7ff144f434e9,DEFI Insurance Protocol (DFIP),protocol,,Etherscan label (octal mirror) / DeFi,https://etherscan.io/accounts/label/defi,community
ethereum,0x0528a32fda5bedf89ba9ad67296db83c9452f28c,DeFi Saver: Owner,protocol,,Etherscan label / DeFi,https://etherscan.io/accounts/label/defi,community
ethereum,0xfa6de2697d59e88ed7fc4dfe5a33dac43565ea41,DEFI Top 5 Tokens Index (DEFI5),protocol,,Etherscan label (octal mirror) / DeFi,https://etherscan.io/accounts/label/defi,community
ethereum,0x90e6e082b0aa4bf6afba0d11163d920a534ebae4,Defiance (DEF),protocol,,Etherscan label (octal mirror) / DeFi,https://etherscan.io/accounts/label/defi,community
ethereum,0xde3e18ecb613498b9a1483af51394ec2259bcd0a,DeFiat Points v2 (DFTPv2),protocol,,Etherscan label (octal mirror) / DeFi,https://etherscan.io/accounts/label/defi,community
ethereum,0x1045f5ccb01daea4f8eab055f5fcbb7c0e7c89f0,DeFiato (DFIAT),protocol,,Etherscan label (octal mirror) / DeFi,https://etherscan.io/accounts/label/defi,community
ethereum,0x1da01e84f3d4e6716f274c987ae4bee5dc3c8288,DefiBids (BID),protocol,,Etherscan label (octal mirror) / DeFi,https://etherscan.io/accounts/label/defi,community
ethereum,0x8fc8f8269ebca376d046ce292dc7eac40c8d358a,DeFiChain Token (DFI),protocol,,Etherscan label (octal mirror) / DeFi,https://etherscan.io/accounts/label/defi,community
ethereum,0x5bc25f649fc4e26069ddf4cf4010f9f706c23831,DefiDollar (DUSD),protocol,,Etherscan label / Stablecoin,https://etherscan.io/accounts/label/stablecoin,community
ethereum,0x20c36f062a31865bed8a5b1e512d9a1a20aa333a,DefiDollar DAO,protocol,,Etherscan label / Stablecoin,https://etherscan.io/accounts/label/stablecoin,community
ethereum,0xdf276a2442ccbbdf0707427668434d6d130b75eb,DeFini (DFNi),protocol,,Etherscan label (octal mirror) / DeFi,https://etherscan.io/accounts/label/defi,community
ethereum,0xf1f5de69c9c8d9be8a7b01773cc1166d4ec6ede2,Definitex (DFX),protocol,,Etherscan label / DEX,https://etherscan.io/accounts/label/dex,community
ethereum,0xe74dc43867e0cbeb208f1a012fc60dcbbf0e3044,deFIRE (CWAP),protocol,,Etherscan label (octal mirror) / DeFi,https://etherscan.io/accounts/label/defi,community
ethereum,0xfacd9a6fd887855d9432f7a080911b26d9dcae01,DeFireX DAI (dDAI),protocol,,Etherscan label (octal mirror) / DeFi,https://etherscan.io/accounts/label/defi,community
ethereum,0x46bfa3bb807b5c3b3ce7f7e0e667397020b6dc15,DefiStarter (DFST),protocol,,Etherscan label (octal mirror) / DeFi,https://etherscan.io/accounts/label/defi,community
ethereum,0x56ef04219a6afe82fa298023364ecfd84f137259,defito.finance (DTO),protocol,,Etherscan label (octal mirror) / DeFi,https://etherscan.io/accounts/label/defi,community
ethereum,0x20a68f9e34076b2dc15ce726d7eebb83b694702d,Defiville Island Token (ISLA),protocol,,Etherscan label (octal mirror) / DeFi,https://etherscan.io/accounts/label/defi,community
ethereum,0x7dee45dff03ec7137979586ca20a2f4917bac9fa,DeFiWizard Token (DWZ),protocol,,Etherscan label (octal mirror) / DeFi,https://etherscan.io/accounts/label/defi,community
ethereum,0x66c47160b1c97ca4b6850b34bc0be9515a874323,Defix Network (DEFIX),protocol,,Etherscan label (octal mirror) / DeFi,https://etherscan.io/accounts/label/defi,community
ethereum,0x53c8395465a84955c95159814461466053dedede,DeGate Token (DG),protocol,,Etherscan label (octal mirror) / DeFi,https://etherscan.io/accounts/label/defi,community
ethereum,0xdcaca05de9ade34f3fcb9ce94d1b7930093e526e,Degen (DEGEN),protocol,,Etherscan label / DEX,https://etherscan.io/accounts/label/dex,community
ethereum,0x126c121f99e1e211df2e5f8de2d96fa36647c855,DEGEN Index (DEGEN),protocol,,Etherscan label (octal mirror) / DeFi,https://etherscan.io/accounts/label/defi,community
ethereum,0xbaba0d970e735c7e48bba07c1164c4e0449ae9b8,Degen$ Farm Bags (BAGZ),protocol,,Etherscan label (octal mirror) / DeFi,https://etherscan.io/accounts/label/defi,community
ethereum,0xdada00a9c23390112d08a1377cc59f7d03d9df55,Degen$ Farm Dung (DUNG),protocol,,Etherscan label (octal mirror) / DeFi,https://etherscan.io/accounts/label/defi,community
ethereum,0x469e66e06fec34839e5eb1273ba85a119b8d702f,Degov (DEGOV),protocol,,Etherscan label / Protocol,https://etherscan.io/accounts/label/protocol,community
ethereum,0x62dc4817588d53a056cbbd18231d91ffccd34b2a,DeHive.finance (DHV),protocol,,Etherscan label (octal mirror) / DeFi,https://etherscan.io/accounts/label/defi,community
ethereum,0xb62b6b192524f6b220a08f0d5d0eb748a8cbaa1b,Delphi Aave BUSD (daBUSD),protocol,,Etherscan label (octal mirror) / DeFi,https://etherscan.io/accounts/label/defi,community
ethereum,0x8e2317458878b9223904bdd95173ee96d46fec77,Delphi Aave sUSD (daSUSD),protocol,,Etherscan label (octal mirror) / DeFi,https://etherscan.io/accounts/label/defi,community
ethereum,0xab93df617f51e1e415b5b4f8111f122d6b48e55c,Delta Exchange Token (DETO),protocol,,Etherscan label (octal mirror) / DeFi,https://etherscan.io/accounts/label/defi,community
ethereum,0x0000000de40dfa9b17854cbc7869d80f9f98d823,delta.theta (DLTA),protocol,,Etherscan label (octal mirror) / DeFi,https://etherscan.io/accounts/label/defi,community
ethereum,0x152687bc4a7fcc89049cf119f9ac3e5acf2ee7ef,DeltaHub Community (DHC),protocol,,Etherscan label (octal mirror) / DeFi,https://etherscan.io/accounts/label/defi,community
ethereum,0x5f6c5c2fb289db2228d159c69621215e354218d7,Demodyfi Token (DMOD),protocol,,Etherscan label (octal mirror) / DeFi,https://etherscan.io/accounts/label/defi,community
ethereum,0x50ae0bc7e167c96b46f58063b2a7a27a26ad63bc,DEONEX Token (DON),protocol,,Etherscan label (octal mirror) / DeFi,https://etherscan.io/accounts/label/defi,community
ethereum,0x67d94da1f10861174926681984dbcb4c97ea25dd,desire.finance (DESIRE),protocol,,Etherscan label (octal mirror) / DeFi,https://etherscan.io/accounts/label/defi,community
ethereum,0x634239cfa331df0291653139d1a6083b9cf705e3,DeSpace Protocol (DES),protocol,,Etherscan label (octal mirror) / DeFi,https://etherscan.io/accounts/label/defi,community
ethereum,0xdddddd4301a082e62e84e43f474f044423921918,DeversiFi Token,protocol,,Etherscan label / DEX,https://etherscan.io/accounts/label/dex,community
ethereum,0x20e94867794dba030ee287f1406e100d03c84cd3,DEW (DEW),protocol,,Etherscan label / DEX,https://etherscan.io/accounts/label/dex,community
ethereum,0x745daa146934b27e3f0b6bff1a6e36b9b90fb131,DEX.AG: Proxy Contract,protocol,,Etherscan label / DeFi,https://etherscan.io/accounts/label/defi,community
ethereum,0x000000000000541e251335090ac5b47176af4f7e,dex.blue,protocol,,Etherscan label / DEX,https://etherscan.io/accounts/label/dex,community
ethereum,0x7600977eb9effa627d6bd0da2e5be35e11566341,DEx.top,protocol,,Etherscan label / DEX,https://etherscan.io/accounts/label/dex,community
ethereum,0x94ec4e3a7c5068ae4a035f702f2cd5a6da9c5cc1,DEXG Enhanced Liquidity (GEL),protocol,,Etherscan label (octal mirror) / DeFi,https://etherscan.io/accounts/label/defi,community
ethereum,0x7866e48c74cbfb8183cd1a929cd9b95a7a5cb4f4,DexKit (KIT),protocol,,Etherscan label / DEX,https://etherscan.io/accounts/label/dex,community
ethereum,0x88aa4a6c5050b9a1b2aa7e34d0582025ca6ab745,Dexpools Token (DXP),protocol,,Etherscan label (octal mirror) / DeFi,https://etherscan.io/accounts/label/defi,community
ethereum,0x617a781e26419b5b0d9bf63c4ecb7f192adb9768,DEXPRO (DPRO),protocol,,Etherscan label / DEX,https://etherscan.io/accounts/label/dex,community
ethereum,0x5f64ab1544d28732f0a24f4713c2c8ec0da089f0,DEXTF Token (DEXTF),protocol,,Etherscan label (octal mirror) / DeFi,https://etherscan.io/accounts/label/defi,community
ethereum,0xb81d70802a816b5dacba06d708b5acf19dcd436d,Dextoken Governance (DEXG),protocol,,Etherscan label (octal mirror) / DeFi,https://etherscan.io/accounts/label/defi,community
ethereum,0x79e3899125160bd3bd62d0d98ad07a7183ee5f38,DEXTrust.Finance (DETS),protocol,,Etherscan label (octal mirror) / DeFi,https://etherscan.io/accounts/label/defi,community
ethereum,0xe98ef5f00cb54ec46d503b6c23abb8dd1d207f70,DfinityPad (DPD),protocol,,Etherscan label (octal mirror) / DeFi,https://etherscan.io/accounts/label/defi,community
ethereum,0x431ad2ff6a9c365805ebad47ee021148d6f7dbe0,dForce (DF),protocol,,Etherscan label (octal mirror) / DeFi,https://etherscan.io/accounts/label/defi,community
ethereum,0xeb269732ab75a6fd61ea60b06fe994cd32a83549,dForce (USDx),protocol,,Etherscan label (octal mirror) / Stablecoin,https://etherscan.io/accounts/label/stablecoin,community
ethereum,0x966e726853ca97449f458a3b012318a08b508202,dForce Amazon Stock (xAMZN),protocol,,Etherscan label (octal mirror) / DeFi,https://etherscan.io/accounts/label/defi,community
ethereum,0xc4ba45bee9004408403b558a26099134282f2185,dForce Apple Stock (xAPPL),protocol,,Etherscan label (octal mirror) / DeFi,https://etherscan.io/accounts/label/defi,community
ethereum,0x4013e6754634ca99af31b5717fa803714fa07b35,dForce BTC (ixBTC),protocol,,Etherscan label (octal mirror) / DeFi,https://etherscan.io/accounts/label/defi,community
ethereum,0x527ec46ac094b399265d1d71eff7b31700aa655d,dForce BTC (xBTC),protocol,,Etherscan label (octal mirror) / DeFi,https://etherscan.io/accounts/label/defi,community
ethereum,0x32f9063bc2a2a57bcbe26ef662dc867d5e6446d1,dForce Coinbase Stock (xCOIN),protocol,,Etherscan label (octal mirror) / DeFi,https://etherscan.io/accounts/label/defi,community
ethereum,0x02285acaafeb533e03a7306c55ec031297df9224,dForce DAI (dDAI),protocol,,Etherscan label (octal mirror) / DeFi,https://etherscan.io/accounts/label/defi,community
ethereum,0x237c69e082a94d37ebdc92a84b58455872e425d6,dForce ETH (ixETH),protocol,,Etherscan label (octal mirror) / DeFi,https://etherscan.io/accounts/label/defi,community
ethereum,0x8d2cb35893c01fa8b564c84bd540c5109d9d278e,dForce ETH (xETH),protocol,,Etherscan label (octal mirror) / DeFi,https://etherscan.io/accounts/label/defi,community
ethereum,0xb986f3a2d91d3704dc974a24fb735dcc5e3c1e70,dForce EUR (EUX),protocol,,Etherscan label (octal mirror) / DeFi,https://etherscan.io/accounts/label/defi,community
ethereum,0x44c324970e5cbc5d4c3f3b7604cbc6640c2dcfbf,dForce EUR (iEUX),protocol,,Etherscan label (octal mirror) / DeFi,https://etherscan.io/accounts/label/defi,community
ethereum,0xab9c8c81228abd4687078ebda5ae236789b08673,dForce EUR (iEUX),protocol,,Etherscan label (octal mirror) / DeFi,https://etherscan.io/accounts/label/defi,community
ethereum,0x8dc6987f7d8e5ae9c39f767a324c5e46c1f731eb,dForce Tesla Stock (xTSLA),protocol,,Etherscan label (octal mirror) / DeFi,https://etherscan.io/accounts/label/defi,community
ethereum,0x1adc34af68e970a93062b67344269fd341979eb0,dForce USD (iUSX),protocol,,Etherscan label (octal mirror) / DeFi,https://etherscan.io/accounts/label/defi,community
ethereum,0xf54954ba7e3cdfda23941753b48039ab5192aea0,dForce USD (iUSX),protocol,,Etherscan label (octal mirror) / DeFi,https://etherscan.io/accounts/label/defi,community
ethereum,0x0a5e677a6a24b2f1a2bf4f3bffc443231d2fdec8,dForce USD (USX),protocol,,Etherscan label (octal mirror) / DeFi,https://etherscan.io/accounts/label/defi,community
ethereum,0x16c9cf62d8dac4a38fb50ae5fa5d51e9170f3179,dForce USDC (dUSDC),protocol,,Etherscan label (octal mirror) / DeFi,https://etherscan.io/accounts/label/defi,community
ethereum,0x868277d475e0e475e38ec5cda2d9c83b5e1d9fc8,dForce USDT (dUSDT),protocol,,Etherscan label (octal mirror) / DeFi,https://etherscan.io/accounts/label/defi,community
ethereum,0xd2adc1c84443ad06f0017adca346bd9b6fc52cab,dFund (DFND),protocol,,Etherscan label (octal mirror) / DeFi,https://etherscan.io/accounts/label/defi,community
ethereum,0x888888435fde8e7d4c54cab67f206e4199454c60,DFX Token (DFX),protocol,,Etherscan label (octal mirror) / DeFi,https://etherscan.io/accounts/label/defi,community
ethereum,0x4be40bc9681d0a7c24a99b4c92f85b9053fc2a45,DiFy.Finance (YFIII),protocol,,Etherscan label (octal mirror) / DeFi,https://etherscan.io/accounts/label/defi,community
ethereum,0x798d1be841a82a273720ce31c822c61a67a601c3,Digg (DIGG),protocol,,Etherscan label (octal mirror) / DeFi,https://etherscan.io/accounts/label/defi,community
ethereum,0x9cb2f26a23b8d89973f08c957c4d7cdf75cd341c,Digital Rand (DZAR),protocol,,Etherscan label / Stablecoin,https://etherscan.io/accounts/label/stablecoin,community
ethereum,0x4f3afec4e5a3f2a6a1a411def7d7dfe50ee057bf,Digix Gold Token,protocol,,Etherscan label / Stablecoin,https://etherscan.io/accounts/label/stablecoin,community
ethereum,0x6d38574be6c230272daad16fa5f291f825bd0da1,Dinngo (DGO),protocol,,Etherscan label / DEX,https://etherscan.io/accounts/label/dex,community
ethereum,0x268be5667d4e5bd036bd608d0601ef1441604429,DINNGO: Proxy,protocol,,Etherscan label / DEX,https://etherscan.io/accounts/label/dex,community
ethereum,0xb9e6bdcba653b5f768dd2e2faf6288df9054e554,DIRHAM (DAH),protocol,,Etherscan label / Stablecoin,https://etherscan.io/accounts/label/stablecoin,community
ethereum,0x30365ed4ca8173013ad948b9842f34ac71d01f7c,Dirham (DHS),protocol,,Etherscan label (octal mirror) / Stablecoin,https://etherscan.io/accounts/label/stablecoin,community
ethereum,0x7fbec0bb6a7152e77c30d005b5d49cbc08a602c3,Disbalancer (DDOS),protocol,,Etherscan label (octal mirror) / DeFi,https://etherscan.io/accounts/label/defi,community
ethereum,0x341c05c0e9b33c0e38d64de76516b2ce970bb3be,Diversified Staked ETH Index (dsETH),protocol,,Etherscan label / Index Protocol,https://etherscan.io/accounts/label/index-protocol,community
ethereum,0x7b3b763fd29e4e01efd3a65f9dea746c44b69d6d,Diversify (DIV),protocol,,Etherscan label (octal mirror) / DeFi,https://etherscan.io/accounts/label/defi,community
ethereum,0xdd7680b6b2eec193ce3ece7129708ee12531bccf,DMM: Foundation Safe,protocol,,Etherscan label / DeFi,https://etherscan.io/accounts/label/defi,community
ethereum,0xd78afdd162b11b2334877df6869f865b784b1527,dmpl (DMPL),protocol,,Etherscan label (octal mirror) / DeFi,https://etherscan.io/accounts/label/defi,community
ethereum,0xe7ab45162f5979f09b0bda1cc7dfc97c270ea3d5,Dobermann (DOBE),protocol,,Etherscan label / DEX,https://etherscan.io/accounts/label/dex,community
ethereum,0xe5dada80aa6477e85d09747f2842f7993d0df71c,Dock (DOCK),protocol,,Etherscan label / Protocol,https://etherscan.io/accounts/label/protocol,community
ethereum,0x43dfc4159d86f3a37a5a4b3d4580b888ad7d4ddd,DODO,protocol,,Etherscan token / DefiLlama,https://etherscan.io/token/0x43dfc4159d86f3a37a5a4b3d4580b888ad7d4ddd,community
ethereum,0x08ed14bcefa48ba8b0ceb8403d6c5923c22e7fb4,DogDeFiShares (DogDeFiS),protocol,,Etherscan label (octal mirror) / DeFi,https://etherscan.io/accounts/label/defi,community
ethereum,0xa47143bc550a9bf004bcdd3ab74e3e520faa1070,Doge Floki Coin (DOFI),protocol,,Etherscan label (octal mirror) / DeFi,https://etherscan.io/accounts/label/defi,community
ethereum,0xe7eaec9bca79d537539c00c58ae93117fb7280b9,Doge Protocol,protocol,,Etherscan label / Protocol,https://etherscan.io/accounts/label/protocol,community
ethereum,0x6801adc8491b23103c947ef44d290fc8d62e8950,dogefarm.finance (yDOGE),protocol,,Etherscan label (octal mirror) / DeFi,https://etherscan.io/accounts/label/defi,community
ethereum,0xb0aa163e92f0c3b6005d0580cdcc5dd79c42301f,DOGKAGE (DAKE),protocol,,Etherscan label (octal mirror) / DeFi,https://etherscan.io/accounts/label/defi,community
ethereum,0x410664805525df0b3fd333d0a958b78ed46dd5f2,Dogstonks (DOGSTONKS),protocol,,Etherscan label (octal mirror) / DeFi,https://etherscan.io/accounts/label/defi,community
ethereum,0x0ff5a8451a839f5f0bb3562689d9a44089738d11,Dopex Rebate Token (rDPX),protocol,,Etherscan label (octal mirror) / DeFi,https://etherscan.io/accounts/label/defi,community
ethereum,0x59848d60c34dcd2686d7f7918bd240fc1890208e,DorayakiToken (DORA),protocol,,Etherscan label (octal mirror) / DeFi,https://etherscan.io/accounts/label/defi,community
ethereum,0x70861e862e1ac0c96f853c8231826e469ead37b1,DOS Network Token,protocol,,Etherscan label / Protocol,https://etherscan.io/accounts/label/protocol,community
ethereum,0x60eb332bd4a0e2a9eeb3212cfdd6ef03ce4cb3b5,dotbit: Web3 Identity (DOTBIT),protocol,,Etherscan label (octal mirror) / DeFi,https://etherscan.io/accounts/label/defi,community
ethereum,0xf74941046389c78f12fe44784c0ec9ca7ceb7dc2,Dreamr Platform Token (DMR),protocol,,Etherscan label (octal mirror) / DeFi,https://etherscan.io/accounts/label/defi,community
ethereum,0x3ee6e46f52c475c52040b934745501f2a0cea252,DSCVR (DSCVR),protocol,,Etherscan label (octal mirror) / DeFi,https://etherscan.io/accounts/label/defi,community
ethereum,0x3affcca64c2a6f4e3b6bd9c64cd2c969efd1ecbe,DSLA (DSLA),protocol,,Etherscan label / Protocol,https://etherscan.io/accounts/label/protocol,community
ethereum,0xc0b581e041c17716ea1fcede4ec40e2e27a48aba,DSRV: Lido Node Operator,protocol,,Etherscan label / Lido,https://etherscan.io/accounts/label/lido,community
ethereum,0xcd8e8ec834c9127a18d8cd5c749a7f2a57355c9a,DSS TOKEN (DSS),protocol,,Etherscan label / Stablecoin,https://etherscan.io/accounts/label/stablecoin,community
ethereum,0x213c53c96a01a89e6dcc5683cf16473203e17513,DssToken (DSS),protocol,,Etherscan label (octal mirror) / DeFi,https://etherscan.io/accounts/label/defi,community
ethereum,0x3f344c88d823f180fb8b44a3c7cfc4edc92dfa35,Dswap Token (Dswap),protocol,,Etherscan label (octal mirror) / DeFi,https://etherscan.io/accounts/label/defi,community
ethereum,0xa81ead406fd4a1b24eb0440d1876563528a22cd4,DUCAT Token (DUCAT),protocol,,Etherscan label (octal mirror) / DeFi,https://etherscan.io/accounts/label/defi,community
ethereum,0xa117ea1c0c85cef648df2b6f40e50bb5475c228d,DUCATO Protocol Token (DUCATO),protocol,,Etherscan label (octal mirror) / DeFi,https://etherscan.io/accounts/label/defi,community
ethereum,0xe8521b61f64fc45a0bc3db36d2a524fe61a69b52,Duet Governance Token,protocol,,Etherscan label / Protocol,https://etherscan.io/accounts/label/protocol,community
ethereum,0x51e00a95748dbd2a3f47bc5c3b3e7b3f0fea666c,DVGToken (DVG),protocol,,Etherscan label (octal mirror) / DeFi,https://etherscan.io/accounts/label/defi,community
ethereum,0x6f400810b62df8e13fded51be75ff5393eaa841f,DXdao: Mesa,protocol,,Etherscan label / DEX,https://etherscan.io/accounts/label/dex,community
ethereum,0x8a6629feba4196e0a61b8e8c94d4905e525bc055,dYdX: Admin Impl,protocol,,Etherscan label / dYdX,https://etherscan.io/accounts/label/dydx,community
ethereum,0x57b98aa8a8b69c6295195d153fe6edd0b0d176ac,dYdX: Auction Proxy,protocol,,Etherscan label / dYdX,https://etherscan.io/accounts/label/dydx,community
ethereum,0x2c0df87e073755139101b35c0a51e065291cc2d3,dydx: Bridge,protocol,,Etherscan label / dYdX,https://etherscan.io/accounts/label/dydx,community
ethereum,0xfbc08a66f8bac391f21472d9625c1092ff41cc04,dYdX: Bucket Lender Factory,protocol,,Etherscan label / dYdX,https://etherscan.io/accounts/label/dydx,community
ethereum,0x0fd829c3365a225fb9226e75c97c3a114bd3199e,dYdX: Claims Proxy,protocol,,Etherscan label / dYdX,https://etherscan.io/accounts/label/dydx,community
ethereum,0xe710ced57456d3a16152c32835b5fb4e72d9ea5b,dYdX: Community Treasury,protocol,,Etherscan label / dYdX,https://etherscan.io/accounts/label/dydx,community
ethereum,0x787f552bdc17332c98aa360748884513e3cb401a,dYdX: Dai Price Oracle,protocol,,Etherscan label / dYdX,https://etherscan.io/accounts/label/dydx,community
ethereum,0xa2f79147143e9100e1dd65df277ac54825197148,dYdX: Deployer,protocol,,Etherscan label / dYdX,https://etherscan.io/accounts/label/dydx,community
ethereum,0x301df37d653b281af83a1ddf4464ef21a622ec83,dYdX: Deployer 1,protocol,,Etherscan label / dYdX,https://etherscan.io/accounts/label/dydx,community
ethereum,0x686f7d0b698b6780a8ce1d6ae13bb8c813552ff3,dYdX: Dutch Auction Closer,protocol,,Etherscan label / dYdX,https://etherscan.io/accounts/label/dydx,community
ethereum,0x639192d54431f8c816368d3fb4107bc168d0e871,dYdX: DYDX Distributor,protocol,,Etherscan label / dYdX,https://etherscan.io/accounts/label/dydx,community
ethereum,0x61fa58d7ef40d6f6853740330b62ccad34f8bc04,dYdX: Eth Wrapper Bucket Lender,protocol,,Etherscan label / dYdX,https://etherscan.io/accounts/label/dydx,community
ethereum,0x0ece224fbc24d40b446c6a94a142dc41fae76f2d,dYdX: Expiry,protocol,,Etherscan label / dYdX,https://etherscan.io/accounts/label/dydx,community
ethereum,0xf6b83ccadeee478fc372af6ca7069b14fbc5e1b1,dydx: FRI Statement,protocol,,Etherscan label / dYdX,https://etherscan.io/accounts/label/dydx,community
ethereum,0x7e9b1672616ff6d6629ef2879419aae79a9018d2,dYdX: Governance,protocol,,Etherscan label / dYdX,https://etherscan.io/accounts/label/dydx,community
ethereum,0xc8c212f11f6acca77a7afeb7282deba5530eb46c,dYdX: GPS Statement Verifier,protocol,,Etherscan label / dYdX,https://etherscan.io/accounts/label/dydx,community
ethereum,0x3de55343499f59ceb3f1de47f2cd7eab28f2f5c6,dYdX: Gps Statement Verifier Governor,protocol,,Etherscan label / dYdX,https://etherscan.io/accounts/label/dydx,community
ethereum,0x8129b737912e17212c8693b781928f5d0303390a,dYdX: L2 On-Chain Operator,protocol,,Etherscan label / dYdX,https://etherscan.io/accounts/label/dydx,community
ethereum,0xd54f502e184b6b739d7d27a6410a67dc462d69c8,dYdX: L2 Perpetual Smart Contract,protocol,,Etherscan label / Bridge,https://etherscan.io/accounts/label/bridge,community
ethereum,0x36bf21c8e661b21e6166e4385f574941fdc6caff,dYdX: Margin,protocol,,Etherscan label / dYdX,https://etherscan.io/accounts/label/dydx,community
ethereum,0xefbcce4659db72ec6897f46783303708cf9acef8,dYdX: Memory Page Fact Registry,protocol,,Etherscan label / dYdX,https://etherscan.io/accounts/label/dydx,community
ethereum,0x0d62bac5c346c78dc1b27107cabc5f4de057a830,dYdX: Merkle Statement,protocol,,Etherscan label / dYdX,https://etherscan.io/accounts/label/dydx,community
ethereum,0xd72136c6da6ae959b5960c204edf8bc260087bca,dYdX: Oasis V1 Simple Exchange Wrapper,protocol,,Etherscan label / dYdX,https://etherscan.io/accounts/label/dydx,community
ethereum,0xf85baccc3e7fd4b6a49818fc46503bb51539d554,dYdX: Oasis V2 Simple Exchange Wrapper,protocol,,Etherscan label / dYdX,https://etherscan.io/accounts/label/dydx,community
ethereum,0x89b5925a310b22e3e51cf9e2b3405a8c9b680835,dYdX: Oasis V3 Simple Exchange Wrapper,protocol,,Etherscan label / dYdX,https://etherscan.io/accounts/label/dydx,community
ethereum,0xcb17e969288ae849d5e0717694c5c56e70e798ed,dYdX: Open Directly Exchange Wrapper,protocol,,Etherscan label / dYdX,https://etherscan.io/accounts/label/dydx,community
ethereum,0x56e7d4520abfecf10b38368b00723d9bd3c21ee1,dYdX: Operation Impl,protocol,,Etherscan label / dYdX,https://etherscan.io/accounts/label/dydx,community
ethereum,0xa8b39829ce2246f89b31c013b8cde15506fb9a76,dYdX: Payable Proxy For Solo Margin,protocol,,Etherscan label / dYdX,https://etherscan.io/accounts/label/dydx,community
ethereum,0x09403fd14510f8196f7879ef514827cd76960b5d,dYdX: Perpetual Proxy,protocol,,Etherscan label / dYdX,https://etherscan.io/accounts/label/dydx,community
ethereum,0xad91a0ddf799176a0a87a32dafe8f3dd28479918,dYdX: Polynomial Interest Setter,protocol,,Etherscan label / dYdX,https://etherscan.io/accounts/label/dydx,community
ethereum,0xb9431e19b29b952d9358025f680077c3fd37292f,dYdX: Rewards Treasury,protocol,,Etherscan label / dYdX,https://etherscan.io/accounts/label/dydx,community
ethereum,0x2a842bc64343fad4ec4a8424ba7ff3c0a70b6e55,dYdX: Signed Operation Proxy,protocol,,Etherscan label / dYdX,https://etherscan.io/accounts/label/dydx,community
ethereum,0x1e0447b19bb6ecfdae1e4ae1694b0c3659614e4e,dYdX: Solo Margin,protocol,,Etherscan label / DeFi,https://etherscan.io/accounts/label/defi,community
ethereum,0xeafd335c0e72bb89857972ee7a3ba90bd5a2f7fd,dYdX: Token Proxy,protocol,,Etherscan label / dYdX,https://etherscan.io/accounts/label/dydx,community
ethereum,0x52f1c952a48a4588f9ae615d38cfdbf8df036e60,dYdX: Usdc Price Oracle,protocol,,Etherscan label / dYdX,https://etherscan.io/accounts/label/dydx,community
ethereum,0x5199071825cc1d6cd019b0d7d42b08106f6cf16d,dYdX: Vault,protocol,,Etherscan label / dYdX,https://etherscan.io/accounts/label/dydx,community
ethereum,0x8418bb725b3ac45ec8fff3791dd8b4e0480cc2a2,dYdX: Weth Payout Recipient,protocol,,Etherscan label / dYdX,https://etherscan.io/accounts/label/dydx,community
ethereum,0xf61ae328463cd997c7b58e7045cdc613e1cfdb69,dYdX: Weth Price Oracle,protocol,,Etherscan label / dYdX,https://etherscan.io/accounts/label/dydx,community
ethereum,0x5d4b4d9f5274f72d7d4308597d0ea95b97b094cf,dYdX: ZeroEx V1 Exchange Wrapper,protocol,,Etherscan label / dYdX,https://etherscan.io/accounts/label/dydx,community
ethereum,0xa26d16a21805b14b2977555ffdea34e5e6fc43ba,dYdX: ZeroEx V2 Exchange Wrapper,protocol,,Etherscan label / dYdX,https://etherscan.io/accounts/label/dydx,community
ethereum,0xf058501585023d040ea9493134ed72c083553eed,DYMMAX Governance Token (DMX),protocol,,Etherscan label (octal mirror) / DeFi,https://etherscan.io/accounts/label/defi,community
ethereum,0xc00939d63f3b79f3cdf33935a40689959cc09ddf,Dynamic (DYNA),protocol,,Etherscan label (octal mirror) / DeFi,https://etherscan.io/accounts/label/defi,community
ethereum,0x86632544e69c8019babd01be75393f9c2d46ee70,Dynamic Network Token (DNT),protocol,,Etherscan label (octal mirror) / DeFi,https://etherscan.io/accounts/label/defi,community
ethereum,0xbd2f0cd039e0bfcf88901c98c0bfac5ab27566e3,Dynamic Set Dollar,protocol,,Etherscan label / Stablecoin,https://etherscan.io/accounts/label/algorithmic-stablecoin,community
ethereum,0x60db53521c1563c89e55d9fceda8d47f55c14d0e,e-Money Danish Kroner (EDKK),protocol,,Etherscan label (octal mirror) / Stablecoin,https://etherscan.io/accounts/label/stablecoin,community
ethereum,0x0badd7af129efac1f7bb7253716a589cc5e6c17c,e-Money Euro (EEUR),protocol,,Etherscan label / Stablecoin,https://etherscan.io/accounts/label/stablecoin,community
ethereum,0x9ec749faa086bb604b96bfe02bd49c53cef47ea5,e-Money Norwegian Kroner,protocol,,Etherscan label / Stablecoin,https://etherscan.io/accounts/label/stablecoin,community
ethereum,0x0f7f6531af9792c9a42e2befced5ed81c0d63a23,e-Money Swedish Kronor,protocol,,Etherscan label / Stablecoin,https://etherscan.io/accounts/label/stablecoin,community
ethereum,0x6468e79a80c0eab0f9a2b574c8d5bc374af59414,E-RADIX (eXRD),protocol,,Etherscan label (octal mirror) / DeFi,https://etherscan.io/accounts/label/defi,community
ethereum,0x19c370142b75b6102e58bdf7fb0535af842b40e1,E21 (E21),protocol,,Etherscan label (octal mirror) / DeFi,https://etherscan.io/accounts/label/defi,community
ethereum,0x2f25d402829ca4085b8ea4d3bc68bf203f5a9fab,Eagonswap (Eagon),protocol,,Etherscan label / DEX,https://etherscan.io/accounts/label/dex,community
ethereum,0xa6fb1df483b24eeab569e19447e0e107003b9e15,Earnbase (ENB),protocol,,Etherscan label (octal mirror) / DeFi,https://etherscan.io/accounts/label/defi,community
ethereum,0x00aba6fe5557de1a1d565658cbddddf7c710a1eb,EASY V2 (EZ),protocol,,Etherscan label (octal mirror) / DeFi,https://etherscan.io/accounts/label/defi,community
ethereum,0xbddab785b306bcd9fb056da189615cc8ece1d823,Ebakus (EBK),protocol,,Etherscan label / Protocol,https://etherscan.io/accounts/label/protocol,community
ethereum,0x648e5c72316bb75a0a7171354c18f341aae150b8,Echo CNY (CNYE),protocol,,Etherscan label / Stablecoin,https://etherscan.io/accounts/label/stablecoin,community
ethereum,0x08e411220e47e3fc43bfb832186aba95108f2861,Eclipseum (ECL),protocol,,Etherscan label (octal mirror) / DeFi,https://etherscan.io/accounts/label/defi,community
ethereum,0x9d5963ba32e877871dff3e2e697283dc64066271,Edcoin (EDC),protocol,,Etherscan label (octal mirror) / DeFi,https://etherscan.io/accounts/label/defi,community
ethereum,0xfbbe9b1142c699512545f47937ee6fae0e4b0aa9,EDDA (EDDA),protocol,,Etherscan label / DEX,https://etherscan.io/accounts/label/dex,community
ethereum,0x1559fa1b8f28238fd5d76d9f434ad86fd20d1559,Eden (EDEN),protocol,,Etherscan label (octal mirror) / DeFi,https://etherscan.io/accounts/label/defi,community
ethereum,0xff0677aa319585fecd5b06a0bae4d918422ce0e5,EDT2 (EDT2),protocol,,Etherscan label / DEX,https://etherscan.io/accounts/label/dex,community
ethereum,0x636f18ae1e46e81188a00bed283ed70c114e7502,eFOIL (FOIL),protocol,,Etherscan label (octal mirror) / DeFi,https://etherscan.io/accounts/label/defi,community
ethereum,0xd0983dd6a0334c71d0478255d1f794508026b888,EGG Protocol (EGG),protocol,,Etherscan label (octal mirror) / DeFi,https://etherscan.io/accounts/label/defi,community
ethereum,0x2b7018fca0eccfbc738828e1e8f1c7038ebbcaa8,Eggy.Finance (EGG),protocol,,Etherscan label (octal mirror) / DeFi,https://etherscan.io/accounts/label/defi,community
ethereum,0x2942e3b38e33123965bfbc21e802be943a76bbc6,EHash Token (EHASH),protocol,,Etherscan label (octal mirror) / DeFi,https://etherscan.io/accounts/label/defi,community
ethereum,0x2f75113b13d136f861d212fa9b572f2c79ac81c4,EKTA v2,protocol,,Etherscan label / Bridge,https://etherscan.io/accounts/label/bridge,community
ethereum,0x929ed1e23c231af97bca7760654994973a9d5bc4,El Salvador Liquidity Reserve (ESVD),protocol,,Etherscan label (octal mirror) / DeFi,https://etherscan.io/accounts/label/defi,community
ethereum,0x5c6d51ecba4d8e4f20373e3ce96a62342b125d6d,Element Finance (ELFI),protocol,,Etherscan label (octal mirror) / DeFi,https://etherscan.io/accounts/label/defi,community
ethereum,0x6f0f28ceee6ae686ee0f939375674c01b156365a,Elena Protocol,protocol,,Etherscan label / Protocol,https://etherscan.io/accounts/label/protocol,community
ethereum,0x147e3d644d53adadd18a28201b91e2b98aeb7f94,ElenaUSD (USE),protocol,,Etherscan label / Stablecoin,https://etherscan.io/accounts/label/stablecoin,community
ethereum,0x4da34f8264cb33a5c9f17081b9ef5ff6091116f4,ELFI Token (ELFI),protocol,,Etherscan label (octal mirror) / DeFi,https://etherscan.io/accounts/label/defi,community
ethereum,0x380291a9a8593b39f123cf39cc1cc47463330b1f,Elite Swap (ELT),protocol,,Etherscan label / DEX,https://etherscan.io/accounts/label/dex,community
ethereum,0x8636aa54ebdd097ac73e6eeb61040d840a9467b5,ELON (ELON),protocol,,Etherscan label (octal mirror) / DeFi,https://etherscan.io/accounts/label/defi,community
ethereum,0x5a75a093747b72a0e14056352751edf03518031d,EmiSwap - EmiDao Token,protocol,,Etherscan label / DEX,https://etherscan.io/accounts/label/dex,community
ethereum,0x36f3fd68e7325a35eb768f1aedaae9ea0689d723,Empty Set Dollar,protocol,,Etherscan label / Stablecoin,https://etherscan.io/accounts/label/algorithmic-stablecoin,community
ethereum,0xd0d7a9f2021958e51d60d6966b7bbed9d1cb22b5,ENEX.SPACE (ENX),protocol,,Etherscan label (octal mirror) / DeFi,https://etherscan.io/accounts/label/defi,community
ethereum,0xe94d535b6d19666bad9b39b1b253edcdae97ea4c,ENGN COIN (ENGN),protocol,,Etherscan label / Stablecoin,https://etherscan.io/accounts/label/stablecoin,community
ethereum,0xf0ee6b27b759c9893ce4f094b49ad28fd15a23e4,Enigma (ENG),protocol,,Etherscan label / Protocol,https://etherscan.io/accounts/label/protocol,community
ethereum,0x69fa8e7f6bf1ca1fb0de61e1366f7412b827cc51,EnreachDAO (NRCH),protocol,,Etherscan label (octal mirror) / DeFi,https://etherscan.io/accounts/label/defi,community
ethereum,0xac66c1df4e9abc0705dd0e1ebdd10c46a32b207d,ENS Constitution Book Token (?),protocol,,Etherscan label (octal mirror) / ENS,https://etherscan.io/accounts/label/ens,community
ethereum,0xf5823a1bb20d01f1b9d17d27882c5eaca7c510bd,ENS Top-level domains (TLD),protocol,,Etherscan label (octal mirror) / ENS,https://etherscan.io/accounts/label/ens,community
ethereum,0x57f1887a8bf19b14fc0df6fd9b2acc9af147ea85,ENS: Base Registrar Implementation,protocol,,Etherscan label / ENS,https://etherscan.io/accounts/label/ens,community
ethereum,0xff252725f6122a92551a5fa9a6b6bf10eb0be035,ENS: Bulk Renewal,protocol,,Etherscan label / ENS,https://etherscan.io/accounts/label/ens,community
ethereum,0x690f0581ececcf8389c223170778cd9d029606f2,ENS: Cold Wallet,protocol,,Etherscan label / ENS,https://etherscan.io/accounts/label/ens,community
ethereum,0xfe89cc7abb2c4183683ab71653c4cdc9b02d44b7,ENS: DAO Wallet,protocol,,Etherscan label / ENS,https://etherscan.io/accounts/label/ens,community
ethereum,0xa2c122be93b0074270ebee7f6b7292c7deb45047,ENS: Default Reverse Resolver,protocol,,Etherscan label / ENS,https://etherscan.io/accounts/label/ens,community
ethereum,0x4fe4e666be5752f1fdd210f4ab5de2cc26e3e0e8,ENS: Deployer,protocol,,Etherscan label / ENS,https://etherscan.io/accounts/label/ens,community
ethereum,0xa2f428617a523837d4adc81c67a296d42fd95e86,ENS: DNS Registrar,protocol,,Etherscan label / ENS,https://etherscan.io/accounts/label/ens,community
ethereum,0xffc8ca4e83416b7e0443ff430cc245646434b647,ENS: ENS Constitution Book Token,protocol,,Etherscan label / ENS,https://etherscan.io/accounts/label/ens,community
ethereum,0x314159265dd8dbb310642f98f50c066173c1259b,ENS: Eth Name Service,protocol,,Etherscan label / ENS,https://etherscan.io/accounts/label/ens,community
ethereum,0x323a76393544d5ecca80cd6ef2a560c6a395b7e3,ENS: Governance,protocol,,Etherscan label / ENS,https://etherscan.io/accounts/label/ens,community
ethereum,0x9b6d20f524367d7e98ed849d37fc662402dca7fb,ENS: Mapper,protocol,,Etherscan label / ENS,https://etherscan.io/accounts/label/ens,community
ethereum,0xe65d8aaf34cb91087d1598e0a15b582f57f217d9,ENS: Migration Subdomain Registrar,protocol,,Etherscan label / ENS,https://etherscan.io/accounts/label/ens,community
ethereum,0x911143d946ba5d467bfc476491fdb235fef4d667,ENS: Multisig,protocol,,Etherscan label / ENS,https://etherscan.io/accounts/label/ens,community
ethereum,0xc1735677a60884abbcf72295e88d47764beda282,ENS: Offchain Resolver,protocol,,Etherscan label / ENS,https://etherscan.io/accounts/label/ens,community
ethereum,0xfac7bea255a6990f749363002136af6556b31e04,ENS: Old ENS Token,protocol,,Etherscan label / ENS,https://etherscan.io/accounts/label/ens,community
ethereum,0x283af0b28c62c092c9727f1ee09c02ca627eb7f5,ENS: Old ETH Registrar Controller,protocol,,Etherscan label / ENS,https://etherscan.io/accounts/label/ens,community
ethereum,0xf0ad5cad05e10572efceb849f6ff0c68f9700455,ENS: Old ETH Registrar Controller 1,protocol,,Etherscan label / ENS,https://etherscan.io/accounts/label/ens,community
ethereum,0xb22c1c159d12461ea124b0deb4b5b93020e6ad16,ENS: Old ETH Registrar Controller 2,protocol,,Etherscan label / ENS,https://etherscan.io/accounts/label/ens,community
ethereum,0x1da022710df5002339274aadee8d58218e9d6ab5,ENS: Old Public Resolver 1,protocol,,Etherscan label / ENS,https://etherscan.io/accounts/label/ens,community
ethereum,0x226159d592e2b063810a10ebf6dcbada94ed68b8,ENS: Old Public Resolver 2,protocol,,Etherscan label / ENS,https://etherscan.io/accounts/label/ens,community
ethereum,0x6090a6e47849629b7245dfa1ca21d94cd15878ef,ENS: Old Registrar,protocol,,Etherscan label / ENS,https://etherscan.io/accounts/label/ens,community
ethereum,0x9062c0a6dbd6108336bcbe4593a3d1ce05512069,ENS: Old Reverse Registrar,protocol,,Etherscan label / ENS,https://etherscan.io/accounts/label/ens,community
ethereum,0x084b1c3c81545d370f3634392de611caabff8148,ENS: Old Reverse Registrar 2,protocol,,Etherscan label / ENS,https://etherscan.io/accounts/label/ens,community
ethereum,0xdaaf96c344f63131acadd0ea35170e7892d3dfba,ENS: Public Resolver 1,protocol,,Etherscan label / ENS,https://etherscan.io/accounts/label/ens,community
ethereum,0x4976fb03c32e5b8cfe2b6ccb31c09ba78ebaba41,ENS: Public Resolver 2,protocol,,Etherscan label / ENS,https://etherscan.io/accounts/label/ens,community
ethereum,0x60c7c2a24b5e86c38639fd1586917a8fef66a56d,ENS: Registrar Migration,protocol,,Etherscan label / ENS,https://etherscan.io/accounts/label/ens,community
ethereum,0x00000000000c2e074ec69a0dfb2997ba6c7d2e1e,ENS: Registry with Fallback,protocol,,Etherscan label / ENS,https://etherscan.io/accounts/label/ens,community
ethereum,0x3671ae578e63fdf66ad4f3e12cc0c0d71ac7510c,ENS: Reverse Records,protocol,,Etherscan label / ENS,https://etherscan.io/accounts/label/ens,community
ethereum,0xab528d626ec275e3fad363ff1393a41f581c5897,ENS: Root,protocol,,Etherscan label / ENS,https://etherscan.io/accounts/label/ens,community
ethereum,0xf7c83bd0c50e7a72b55a39fe0dabf5e3a330d749,ENS: Short Name Claims,protocol,,Etherscan label / ENS,https://etherscan.io/accounts/label/ens,community
ethereum,0xb9d374d0fe3d8341155663fae31b7beae0ae233a,ENS: Stable Price Oracle,protocol,,Etherscan label / ENS,https://etherscan.io/accounts/label/ens,community
ethereum,0xc32659651d137a18b79925449722855aa327231d,ENS: Subdomain Registrar,protocol,,Etherscan label / ENS,https://etherscan.io/accounts/label/ens,community
ethereum,0xb1377e4f32e6746444970823d5506f98f5a04201,ENS: Token Streaming Contract,protocol,,Etherscan label / ENS,https://etherscan.io/accounts/label/ens,community
ethereum,0xd7a029db2585553978190db5e85ec724aa4df23f,ENS: Token Timelock,protocol,,Etherscan label / ENS,https://etherscan.io/accounts/label/ens,community
ethereum,0x0904dac3347ea47d208f3fd67402d039a3b99859,ENS: Wallet,protocol,,Etherscan label / ENS,https://etherscan.io/accounts/label/ens,community
ethereum,0xb6e040c9ecaae172a89bd561c5f73e1c48d28cd9,ENS: Wallet 2,protocol,,Etherscan label / ENS,https://etherscan.io/accounts/label/ens,community
ethereum,0xd9d01d4cb824219a8f482a0fad479cb971fd0628,EnterCoin (ENTRC),protocol,,Etherscan label (octal mirror) / DeFi,https://etherscan.io/accounts/label/defi,community
ethereum,0x2ac8172d8ce1c5ad3d869556fd708801a42c1c0e,Envoy Token (VOY),protocol,,Etherscan label (octal mirror) / DeFi,https://etherscan.io/accounts/label/defi,community
ethereum,0xef538b1604b0ccc265a99b295f2fed4ad9dcddcf,EONS (EONS),protocol,,Etherscan label (octal mirror) / DeFi,https://etherscan.io/accounts/label/defi,community
ethereum,0x5729b237d016ec3c24e5c926d9884d8a77bc3781,EPOXY (EPX),protocol,,Etherscan label (octal mirror) / DeFi,https://etherscan.io/accounts/label/defi,community
ethereum,0xb97fca5a2967ed91f36c1cbb60dbfe4c53c1df44,Equal RUB (RUBE),protocol,,Etherscan label / Stablecoin,https://etherscan.io/accounts/label/stablecoin,community
ethereum,0x1da87b114f35e1dc91f72bf57fc07a768ad40bb0,Equalizer (EQZ),protocol,,Etherscan label (octal mirror) / DeFi,https://etherscan.io/accounts/label/defi,community
ethereum,0xa462d0e6bb788c7807b1b1c96992ce1f7069e195,EQUUSMiningToken (EQMT),protocol,,Etherscan label (octal mirror) / DeFi,https://etherscan.io/accounts/label/defi,community
ethereum,0x58a5959a6c528c5d5e03f7b9e5102350e24005f1,ERC dEX,protocol,,Etherscan label / DEX,https://etherscan.io/accounts/label/dex,community
ethereum,0x944854f404c7c0df9780651d9b29947c89d8fd19,eSERO (eSERO),protocol,,Etherscan label (octal mirror) / DeFi,https://etherscan.io/accounts/label/defi,community
ethereum,0xbdab72602e9ad40fc6a6852caf43258113b8f7a5,eSOV (eSOV),protocol,,Etherscan label (octal mirror) / DeFi,https://etherscan.io/accounts/label/defi,community
ethereum,0xf0610f3bfbcfdf2611a6e9f0ece21a106f3b7965,Eternal Royalty NFT Collection (ERC),protocol,,Etherscan label (octal mirror) / DeFi,https://etherscan.io/accounts/label/defi,community
ethereum,0x74603e780545d02c4257e7d2be19c74de7be1952,ETG Finance (ETGF),protocol,,Etherscan label (octal mirror) / DeFi,https://etherscan.io/accounts/label/defi,community
ethereum,0xaa6e8127831c9de45ae56bb1b0d4d4da6e5665bd,ETH 2x Flexible Leverage Index,protocol,,Etherscan label / Index Protocol,https://etherscan.io/accounts/label/index-protocol,community
ethereum,0x7e4d1cd8927ce41bcbfa4f32cada1a6998cb5a51,ETH AI Limit Loss (ELL),protocol,,Etherscan label (octal mirror) / Set Protocol,https://etherscan.io/accounts/label/set-protocol,community
ethereum,0x0fe20e0fa9c78278702b05c333cc000034bb69e2,ETH Max Yield Index (ETHMAXY),protocol,,Etherscan label (octal mirror) / DeFi,https://etherscan.io/accounts/label/defi,community
ethereum,0x93e01899c10532d76c0e864537a1d26433dbbddb,ETH RSI 60/40 Crossover Set (ETHRSI6040),protocol,,Etherscan label (octal mirror) / Protocol,https://etherscan.io/accounts/label/protocol,community
ethereum,0x59e9261255644c411afdd00bd89162d09d862e38,ETHA (ETHA),protocol,,Etherscan label (octal mirror) / DeFi,https://etherscan.io/accounts/label/defi,community
ethereum,0x59459a7fdf11a341bb14413cca51850f072901cc,"Etheous, Inc. (EHS)",protocol,,Etherscan label (octal mirror) / DeFi,https://etherscan.io/accounts/label/defi,community
ethereum,0x4aea7cf559f67cedcad07e12ae6bc00f07e8cf65,EtherDelta 1,protocol,,Etherscan label / DEX,https://etherscan.io/accounts/label/dex,community
ethereum,0x8d12a197cb00d4747a1fe03395095ce2a5cc6819,EtherDelta 2,protocol,,Etherscan label / DEX,https://etherscan.io/accounts/label/dex,community
ethereum,0x28c8d01ff633ea9cd8fc6a451d7457889e698de6,Ethereum Gold (ETG),protocol,,Etherscan label (octal mirror) / DeFi,https://etherscan.io/accounts/label/defi,community
ethereum,0xf80fc1ce16cbcbd18421e9cd055ca1bb58a9e097,Ethereum Mapped Token (ETHM),protocol,,Etherscan label (octal mirror) / DeFi,https://etherscan.io/accounts/label/defi,community
ethereum,0xd0d3ebcad6a20ce69bc3bc0e1ec964075425e533,Ethereum Stake (ETHYS),protocol,,Etherscan label (octal mirror) / DeFi,https://etherscan.io/accounts/label/defi,community
ethereum,0xd1afbccc9a2c2187ea544363b986ea0ab6ef08b5,Ethereum Yield (ETHY),protocol,,Etherscan label (octal mirror) / DeFi,https://etherscan.io/accounts/label/defi,community
ethereum,0x15874d65e649880c2614e7a480cb7c9a55787ff6,EthereumMax (eMax),protocol,,Etherscan label (octal mirror) / DeFi,https://etherscan.io/accounts/label/defi,community
ethereum,0xa5cc679a3528956e8032df4f03756c077c1ee3f4,EtherMium,protocol,,Etherscan label / DEX,https://etherscan.io/accounts/label/dex,community
ethereum,0xf3eb8b90c763b8b2b53e7819ac27eca8f94c8ec2,ethersmart (ETM),protocol,,Etherscan label (octal mirror) / DeFi,https://etherscan.io/accounts/label/defi,community
ethereum,0x8db1d28ee0d822367af8d220c0dc7cb6fe9dc442,ETHPAD.network (ETHPAD),protocol,,Etherscan label (octal mirror) / DeFi,https://etherscan.io/accounts/label/defi,community
ethereum,0x1cff5c211f0f129b6ecdc6aa95308b6b6b20f093,ETHYFI (EFI),protocol,,Etherscan label (octal mirror) / DeFi,https://etherscan.io/accounts/label/defi,community
ethereum,0xdf1e9e1a218cff9888faef311d6fbb472e4175ce,eToro Australian Dollar,protocol,,Etherscan label / Stablecoin,https://etherscan.io/accounts/label/stablecoin,community
ethereum,0x05ac103f68e05da35e78f6165b9082432fe64b58,eToro Euro (EURX),protocol,,Etherscan label (octal mirror) / Stablecoin,https://etherscan.io/accounts/label/stablecoin,community
ethereum,0x6871799a4866bb9068b36b7a9bb93475ac77ac5d,eToro New Zealand Dollar,protocol,,Etherscan label / Stablecoin,https://etherscan.io/accounts/label/stablecoin,community
ethereum,0xf85ef57fcdb36d628d063fa663e61e44d35ae661,eToro Pound sterling (GBPX),protocol,,Etherscan label (octal mirror) / Stablecoin,https://etherscan.io/accounts/label/stablecoin,community
ethereum,0xb2698c2d99ad2c302a95a8db26b08d17a77cedd4,Euler Finance Exploiter 1 (2023),protocol,,Euler Finance post-mortem War & Peace (exploiter labeled; funds returned),https://www.euler.finance/blog/war-peace-behind-the-scenes-of-eulers-240m-exploit-recovery,community
ethereum,0xb66cd966670d962c227b3eaba30a872dbfb995db,Euler Finance Exploiter 2 (2023),protocol,,Euler Finance post-mortem War & Peace (full address in Lazarus decrypt message),https://www.euler.finance/blog/war-peace-behind-the-scenes-of-eulers-240m-exploit-recovery,community
ethereum,0x86fadb80d8d2cff3c3680819e4da99c10232ba0f,EURBASE Stablecoin,protocol,,Etherscan label / Stablecoin,https://etherscan.io/accounts/label/stablecoin,community
ethereum,0x4389710ba2d358cc984bb70cdb5c0e9d48727874,EURM (EURM),protocol,,Etherscan label / Stablecoin,https://etherscan.io/accounts/label/stablecoin,community
ethereum,0x0b66833a52e9ef8b006af25fbb3fc3231ebb4c7f,EURO (EUR),protocol,,Etherscan label / Stablecoin,https://etherscan.io/accounts/label/stablecoin,community
ethereum,0x3095c04ca3c9c78cd0f9ea2a3fa0511998585df9,Euro on Narfex,protocol,,Etherscan label / Protocol,https://etherscan.io/accounts/label/protocol,community
ethereum,0xb1abd7aba7d99bbefb33d1dfc66b0dd522335350,EURO Stable Token (EURST),protocol,,Etherscan label (octal mirror) / Stablecoin,https://etherscan.io/accounts/label/stablecoin,community
ethereum,0x7a0e91c4204355e0a6bbf746dc0b7e32dfefdecf,EURO TOKEN (SREUR),protocol,,Etherscan label / Stablecoin,https://etherscan.io/accounts/label/stablecoin,community
ethereum,0x820802fa8a99901f52e39acd21177b0be6ee2974,EUROe Stablecoin,protocol,,Etherscan label / Stablecoin,https://etherscan.io/accounts/label/stablecoin,community
ethereum,0x0bead9a1bcc1b84d06e3f2df67e3549fd55ab054,EURxb (EURxb),protocol,,Etherscan label / Stablecoin,https://etherscan.io/accounts/label/stablecoin,community
ethereum,0x54d2c48ad859b81d8a9ddc8b65dbe96327291bf5,Everest Gold Unit,protocol,,Etherscan label / Stablecoin,https://etherscan.io/accounts/label/stablecoin,community
ethereum,0x918f65def819b0720cf5c0a264603d451f522c2a,Everlasting Parallel Chain (ELP),protocol,,Etherscan label (octal mirror) / DeFi,https://etherscan.io/accounts/label/defi,community
ethereum,0xdf417064dea8f3df1d105b0498429eb00cc732a6,EverShare (ESHARE),protocol,,Etherscan label (octal mirror) / DeFi,https://etherscan.io/accounts/label/defi,community
ethereum,0x3d5a107f7a5bcec8734c49ed54d41bc6f93eb97f,Everstake: Lido Node Operator,protocol,,Etherscan label / Lido,https://etherscan.io/accounts/label/lido,community
ethereum,0x9280e0ffdfae4ec895fdf4d4978c9e1b869eb774,Evo DeFi: Bridge,protocol,,Etherscan label / Bridge,https://etherscan.io/accounts/label/bridge,community
ethereum,0x56ee175fe37cd461486ce3c3166e0cafccd9843f,eWit (EWIT),protocol,,Etherscan label (octal mirror) / DeFi,https://etherscan.io/accounts/label/defi,community
ethereum,0x9baf5147505b980b2674aab556a51e03b3082efe,Exedum (EXED),protocol,,Etherscan label / Stablecoin,https://etherscan.io/accounts/label/stablecoin,community
ethereum,0x0c9b3ab1bd0cf0745625381f5c3aa1cd9bbc7abb,EXENO COIN (EXN),protocol,,Etherscan label (octal mirror) / DeFi,https://etherscan.io/accounts/label/defi,community
ethereum,0x059550a1ca3c46a2adb803e9e3ea4585a34f004a,Expo,protocol,,Etherscan label / dYdX,https://etherscan.io/accounts/label/dydx,community
ethereum,0xede3408f547520b5760990a706f3257f308d2447,Exzonaut (EXGC),protocol,,Etherscan label (octal mirror) / DeFi,https://etherscan.io/accounts/label/defi,community
ethereum,0x9e8bfe46f9af27c5ea5c9c72b86d71bb86953a0c,EZDEX (EZX),protocol,,Etherscan label (octal mirror) / DeFi,https://etherscan.io/accounts/label/defi,community
ethereum,0x3bbaf639f381b2d75b321903a921850fc2fe1538,FairToken (FAIR),protocol,,Etherscan label (octal mirror) / DeFi,https://etherscan.io/accounts/label/defi,community
ethereum,0xdc5864ede28bd4405aa04d93e05a0531797d9d59,Falcon (FNT),protocol,,Etherscan label (octal mirror) / DeFi,https://etherscan.io/accounts/label/defi,community
ethereum,0x818f49467021bdaadae69e071e79ad2fd7226a1e,FAME (FAME),protocol,,Etherscan label (octal mirror) / DeFi,https://etherscan.io/accounts/label/defi,community
ethereum,0x5c08b51ddbe8ba76e07be79975906c39aef2893a,Fantom KRW (fKRW),protocol,,Etherscan label (octal mirror) / Multichain,https://etherscan.io/accounts/label/multichain,community
ethereum,0x3d7f0933ac403773d219cf0519de8082946dc10f,Fantom USD (fUSD),protocol,,Etherscan label (octal mirror) / Multichain,https://etherscan.io/accounts/label/multichain,community
ethereum,0x9a8c4bdcd75cfa1059a6e453ac5ce9d3f5c82a35,Fantom: Bridge,protocol,,Etherscan label / Bridge,https://etherscan.io/accounts/label/bridge,community
ethereum,0x3a4cab3dcfab144fe7eb2b5a3e288cc03dc07659,fantomGO (FTG),protocol,,Etherscan label (octal mirror) / DeFi,https://etherscan.io/accounts/label/defi,community
ethereum,0xe8b2a3f60697f3c56fca44a9616b91fc9b99f98f,FarSwap (FAR),protocol,,Etherscan label (octal mirror) / DeFi,https://etherscan.io/accounts/label/defi,community
ethereum,0xc888a0ab4831a29e6ca432babf52e353d23db3c2,FastSwapToken,protocol,,Etherscan label / DEX,https://etherscan.io/accounts/label/dex,community
ethereum,0x03af731935d11f1d97b33f6f2bbf516ce0834c41,fatpig.finance (PIGF),protocol,,Etherscan label (octal mirror) / DeFi,https://etherscan.io/accounts/label/defi,community
ethereum,0x956f47f50a910163d8bf957cf5846d573e7f87ca,Fei USD (FEI),protocol,,Etherscan label / Stablecoin,https://etherscan.io/accounts/label/stablecoin,community
ethereum,0x4084614fec9e9e894024e3f25696628a4b44406e,Ferpaid Finance (FERPAID),protocol,,Etherscan label (octal mirror) / DeFi,https://etherscan.io/accounts/label/defi,community
ethereum,0xe5caef4af8780e59df925470b050fb23c43ca68c,Ferrum Network Token (FRM),protocol,,Etherscan label (octal mirror) / DeFi,https://etherscan.io/accounts/label/defi,community
ethereum,0x1c1c14a6b5074905ce5d367b0a7e098b58ebfd47,FidexToken (FEX),protocol,,Etherscan label / DEX,https://etherscan.io/accounts/label/dex,community
ethereum,0xfe78617ec612ac67bcc9cc145d376400f15a82cb,Figment Capital: Lido Node Operator,protocol,,Etherscan label / Lido,https://etherscan.io/accounts/label/lido,community
ethereum,0x99c6e435ec259a7e8d65e1955c9423db624ba54c,Finminity (FMT),protocol,,Etherscan label (octal mirror) / DeFi,https://etherscan.io/accounts/label/defi,community
ethereum,0xf921ae2dac5fa128dc0f6168bf153ea0943d2d43,Fire Protocol,protocol,,Etherscan label / DEX,https://etherscan.io/accounts/label/dex,community
ethereum,0xddea19fce1e52497206bf1969d2d56fed85aff5c,Firn Token (FIRN),protocol,,Etherscan label (octal mirror) / DeFi,https://etherscan.io/accounts/label/defi,community
ethereum,0xe276056f924e15beac26f7b10b6d2805f9c64bb5,Firulais (FIRU),protocol,,Etherscan label (octal mirror) / DeFi,https://etherscan.io/accounts/label/defi,community
ethereum,0xca76baa777d749de63ca044853d22d56bc70bb47,FiscusFYI (FFYI),protocol,,Etherscan label (octal mirror) / DeFi,https://etherscan.io/accounts/label/defi,community
ethereum,0x60757088c7140e9e7bc943632ee43a831f1112ac,Fish Token (FISH),protocol,,Etherscan label / DEX,https://etherscan.io/accounts/label/dex,community
ethereum,0x1cc481ce2bd2ec7bf67d1be64d4878b16078f309,Fixed Forex: ibCHF Token,protocol,,Etherscan label (octal mirror) / Yearn,https://etherscan.io/accounts/label/yearn-finance,community
ethereum,0x586aa273f262909eef8fa02d90ab65f5015e0516,Fixed Income Asset Token (FIAT),protocol,,Etherscan label (octal mirror) / DeFi,https://etherscan.io/accounts/label/defi,community
ethereum,0x2de3399d849f431d0303b5590817d60d2af8dadd,Flash Oracle (FLO),protocol,,Etherscan label (octal mirror) / DeFi,https://etherscan.io/accounts/label/defi,community
ethereum,0x78b2d65dd1d3d9fb2972d7ef467261ca101ec2b9,Flashstake: Protocol,protocol,,Etherscan label / Protocol,https://etherscan.io/accounts/label/protocol,community
ethereum,0x617f7c416cec4361246fac916feeb187d0c3e970,FLAT (FLAT),protocol,,Etherscan label (octal mirror) / Stablecoin,https://etherscan.io/accounts/label/stablecoin,community
ethereum,0x24a6a37576377f63f194caa5f518a60f45b42921,Float Bank (BANK),protocol,,Etherscan label (octal mirror) / DeFi,https://etherscan.io/accounts/label/defi,community
ethereum,0xb05097849bca421a3f51b249ba6cca4af4b97cb9,Float Protocol: FLOAT,protocol,,Etherscan label / Stablecoin,https://etherscan.io/accounts/label/stablecoin,community
ethereum,0x469eda64aed3a3ad6f868c44564291aa415cb1d9,FLUX (FLUX),protocol,,Etherscan label / Protocol,https://etherscan.io/accounts/label/protocol,community
ethereum,0x7645ddfeeceda57e41f92679c4acd83c56a81d14,Flux Protocol,protocol,,Etherscan label / Protocol,https://etherscan.io/accounts/label/protocol,community
ethereum,0x47b28f365bf4cb38db4b6356864bde7bc4b35129,FNB Token (FNB),protocol,,Etherscan label / Protocol,https://etherscan.io/accounts/label/protocol,community
ethereum,0x4946fcea7c692606e8908002e55a582af44ac121,FOAM Token (FOAM),protocol,,Etherscan label / Protocol,https://etherscan.io/accounts/label/protocol,community
ethereum,0x4c2e59d098df7b6cbae0848d66de2f8a4889b9c3,Fodl (FODL),protocol,,Etherscan label (octal mirror) / DeFi,https://etherscan.io/accounts/label/defi,community
ethereum,0x97219702d8350fa7b2d49ace60ce6ddca273ff2c,Fomotoken (FOMO),protocol,,Etherscan label (octal mirror) / DeFi,https://etherscan.io/accounts/label/defi,community
ethereum,0xe8f96e0f516d12cd0d2abc1972c0fdbe1eeffbbe,Foray (FORAY),protocol,,Etherscan label (octal mirror) / DeFi,https://etherscan.io/accounts/label/defi,community
ethereum,0xa953736904e23fafb42e353d4122420899999999,forbitspace (FBS),protocol,,Etherscan label (octal mirror) / DeFi,https://etherscan.io/accounts/label/defi,community
ethereum,0x2c31b10ca416b82cec4c5e93c615ca851213d48d,Force DAO (FORCE),protocol,,Etherscan label (octal mirror) / DeFi,https://etherscan.io/accounts/label/defi,community
ethereum,0x21381e026ad6d8266244f2a583b35f9e4413fa2a,Formation Finance (FORM),protocol,,Etherscan label (octal mirror) / DeFi,https://etherscan.io/accounts/label/defi,community
ethereum,0x2c022e58c5e3ee213f06f975fd8a0d3a6fe9ca1c,Formula Inu (FINU),protocol,,Etherscan label (octal mirror) / DeFi,https://etherscan.io/accounts/label/defi,community
ethereum,0xa174146a00d6bb681b247c0813f635551ea60870,FORSAGE.FINANCE (FFI),protocol,,Etherscan label (octal mirror) / DeFi,https://etherscan.io/accounts/label/defi,community
ethereum,0x5e8422345238f34275888049021821e8e08caa1f,Frax Ether (frxETH),protocol,,Etherscan label (octal mirror) / DeFi,https://etherscan.io/accounts/label/defi,community
ethereum,0x5ca135cb8527d76e932f34b5145575f9d8cbe08e,Frax Price Index (FPI),protocol,,Etherscan label (octal mirror) / DeFi,https://etherscan.io/accounts/label/defi,community
ethereum,0xc2544a32872a91f4a553b404c6950e89de901fdb,Frax Price Index Share (FPIS),protocol,,Etherscan label (octal mirror) / DeFi,https://etherscan.io/accounts/label/defi,community
ethereum,0x311c6769461e1d2173481f8d789af00b39df6d75,Freedom Dividend Coin (FDC),protocol,,Etherscan label (octal mirror) / DeFi,https://etherscan.io/accounts/label/defi,community
ethereum,0x29ceddcf0da3c1d8068a7dfbd0fb06c2e438ff70,FreelaToken (FREL),protocol,,Etherscan label (octal mirror) / DeFi,https://etherscan.io/accounts/label/defi,community
ethereum,0xb18f12fa136b4cc52484cdf83c1128d056ca97cf,Freestarter (FRET),protocol,,Etherscan label (octal mirror) / DeFi,https://etherscan.io/accounts/label/defi,community
ethereum,0x5fa54fddf1870c344dbfabb37dfab8700ec0def1,FrogeX (FROGEX),protocol,,Etherscan label (octal mirror) / DeFi,https://etherscan.io/accounts/label/defi,community
ethereum,0xf8c3527cc04340b208c854e985240c02f7b7793f,Frontier Token (FRONT),protocol,,Etherscan label (octal mirror) / DeFi,https://etherscan.io/accounts/label/defi,community
ethereum,0x6880f6fd960d1581c2730a451a22eed1081cfd72,Fuel: Bridge,protocol,,Etherscan label / Bridge,https://etherscan.io/accounts/label/bridge,community
ethereum,0x493c57c4763932315a328269e1adad09653b9081,Fulcrum DAI iToken (iDAI),protocol,,Etherscan label (octal mirror) / DeFi,https://etherscan.io/accounts/label/defi,community
ethereum,0x77f973fcaf871459aa58cd81881ce453759281bc,Fulcrum ETH iToken (iETH),protocol,,Etherscan label (octal mirror) / DeFi,https://etherscan.io/accounts/label/defi,community
ethereum,0x1cc9567ea2eb740824a45f8026ccf8e46973234d,Fulcrum KNC iToken (iKNC),protocol,,Etherscan label (octal mirror) / DeFi,https://etherscan.io/accounts/label/defi,community
ethereum,0x1d496da96caf6b518b133736beca85d5c4f9cbc5,Fulcrum LINK iToken (iLINK),protocol,,Etherscan label (octal mirror) / DeFi,https://etherscan.io/accounts/label/defi,community
ethereum,0xbd56e9477fc6997609cf45f84795efbdac642ff1,Fulcrum REP iToken (iREP),protocol,,Etherscan label (octal mirror) / DeFi,https://etherscan.io/accounts/label/defi,community
ethereum,0x14094949152eddbfcd073717200da82fed8dc960,Fulcrum SAI iToken (iSAI),protocol,,Etherscan label (octal mirror) / DeFi,https://etherscan.io/accounts/label/defi,community
ethereum,0x49f4592e641820e928f9919ef4abd92a719b4b49,Fulcrum sUSD iToken (iSUSD),protocol,,Etherscan label (octal mirror) / DeFi,https://etherscan.io/accounts/label/defi,community
ethereum,0xf013406a0b1d544238083df0b93ad0d2cbe0f65f,Fulcrum USDC iToken (iUSDC),protocol,,Etherscan label (octal mirror) / DeFi,https://etherscan.io/accounts/label/defi,community
ethereum,0xba9262578efef8b3aff7f60cd629d6cc8859c8b5,Fulcrum WBTC iToken (iWBTC),protocol,,Etherscan label (octal mirror) / DeFi,https://etherscan.io/accounts/label/defi,community
ethereum,0xa7eb2bc82df18013ecc2a6c533fc29446442edee,Fulcrum ZRX iToken (iZRX),protocol,,Etherscan label (octal mirror) / DeFi,https://etherscan.io/accounts/label/defi,community
ethereum,0x1655f5e479341abe17a9e89a20c3c3594c8c02fe,FUMBI STABLE (FMBS),protocol,,Etherscan label (octal mirror) / Stablecoin,https://etherscan.io/accounts/label/stablecoin,community
ethereum,0xaa9d866666c2a3748d6b23ff69e63e52f08d9ab4,Fundamenta (FMTA),protocol,,Etherscan label (octal mirror) / DeFi,https://etherscan.io/accounts/label/defi,community
ethereum,0xffffffff2ba8f66d4e51811c5190992176930278,Furucombo (COMBO),protocol,,Etherscan label (octal mirror) / DeFi,https://etherscan.io/accounts/label/defi,community
ethereum,0x710b80571db3792fbf4df7763efa6548c25a1635,Furucombo: Proxy v0.2,protocol,,Etherscan label / DeFi,https://etherscan.io/accounts/label/defi,community
ethereum,0x3014ca10b91cb3d0ad85fef7a3cb95bcac9c0f79,Fuse: Native Bridge,protocol,,Etherscan label / Bridge,https://etherscan.io/accounts/label/bridge,community
ethereum,0x2078ed916728b62115eb33e4b99b3273ced7223b,Future Lithium (fLITH),protocol,,Etherscan label (octal mirror) / DeFi,https://etherscan.io/accounts/label/defi,community
ethereum,0x050cbff7bff0432b6096dd15cd9499913ddf8e23,FUTUREGOLDCOIN (FCI),protocol,,Etherscan label (octal mirror) / DeFi,https://etherscan.io/accounts/label/defi,community
ethereum,0x4bcddfcfa8cb923952bcf16644b36e5da5ca3184,FuzzyInu (FUZZY),protocol,,Etherscan label (octal mirror) / DeFi,https://etherscan.io/accounts/label/defi,community
ethereum,0xceddf3a74f9e5012e651428963b9083ba5e559c4,FX99 (XCIX),protocol,,Etherscan label (octal mirror) / DEX,https://etherscan.io/accounts/label/dex,community
ethereum,0xe33586055d39b7d2d17be6f2ae0671447e98c72b,FxswapToken (FXSWAP),protocol,,Etherscan label (octal mirror) / DeFi,https://etherscan.io/accounts/label/defi,community
ethereum,0x14e2f9b0381af4227d26bee7d8e4d424466a7f3f,Gains Network: GFarm Nft Swap,protocol,,Etherscan label / DeFi,https://etherscan.io/accounts/label/defi,community
ethereum,0x580d1938074d48c34f2e2d1371af0bf02ac44701,Gains Network: GFARM2NFT2 Token,protocol,,Etherscan label / DeFi,https://etherscan.io/accounts/label/defi,community
ethereum,0x6bea7cfef803d1e3d5f7c0103f7ded065644e197,Gamma (GAMMA),protocol,,Etherscan label (octal mirror) / DeFi,https://etherscan.io/accounts/label/defi,community
ethereum,0x1df833335ead4138450deb06dab63e3a9be9f3ba,GasFarm Token (GFT),protocol,,Etherscan label (octal mirror) / DeFi,https://etherscan.io/accounts/label/defi,community
ethereum,0x24d61a6988b710bdf4bf5220573c60576374dffb,GBPM (GBPM),protocol,,Etherscan label / Stablecoin,https://etherscan.io/accounts/label/stablecoin,community
ethereum,0x3539a4f4c0dffc813b75944821e380c9209d3446,GCB (GCB),protocol,,Etherscan label (octal mirror) / DeFi,https://etherscan.io/accounts/label/defi,community
ethereum,0xad1f5e38edd65cb2f0c447214f0a0ea2c191cfd9,GearAutomatic (AUTO),protocol,,Etherscan label (octal mirror) / DeFi,https://etherscan.io/accounts/label/defi,community
ethereum,0xba3335588d9403515223f109edc4eb7269a9ab5d,Gearbox (GEAR),protocol,,Etherscan label / Protocol,https://etherscan.io/accounts/label/protocol,community
ethereum,0xb4539e156364bf7ffa5d1338d9978c4e0379c873,GearProtocol v2 (GEAR),protocol,,Etherscan label (octal mirror) / DeFi,https://etherscan.io/accounts/label/defi,community
ethereum,0x2743bb6962fb1d7d13c056476f3bc331d7c3e112,Geminon (GEX),protocol,,Etherscan label / Stablecoin,https://etherscan.io/accounts/label/stablecoin,community
ethereum,0x7aa46a51f717404d944051af3075bbcb49b2288b,GENEBANK Token (GNBT),protocol,,Etherscan label (octal mirror) / DeFi,https://etherscan.io/accounts/label/defi,community
ethereum,0x179b734d0291fa9e3a4728c7c27866ee25ccc3e0,Generation (GEN),protocol,,Etherscan label / Protocol,https://etherscan.io/accounts/label/protocol,community
ethereum,0x797de1dc0b9faf5e25c1f7efe8df9599138fa09d,Genesis Pool (GPOOL),protocol,,Etherscan label (octal mirror) / DeFi,https://etherscan.io/accounts/label/defi,community
ethereum,0x3431f91b3a388115f00c5ba9fdb899851d005fb5,GeroWallet (GERO),protocol,,Etherscan label (octal mirror) / DeFi,https://etherscan.io/accounts/label/defi,community
ethereum,0x43ccd9ea8f64b8918267f7ee4a071d3e9168f9cd,GFarmNFT V2 (GFARM2NFT),protocol,,Etherscan label (octal mirror) / DeFi,https://etherscan.io/accounts/label/defi,community
ethereum,0xb6a5bacbb2850ee4650d08f33f93df0160fd178c,gHegic Soft Governance Token (gHEGIC),protocol,,Etherscan label (octal mirror) / DeFi,https://etherscan.io/accounts/label/defi,community
ethereum,0x83249c6794bca5a77eb8c0af9f1a86e055459cea,GigaSwap (GIGA),protocol,,Etherscan label (octal mirror) / DeFi,https://etherscan.io/accounts/label/defi,community
ethereum,0xbbbfc46566e5f0302cef913af8c8f423070ce6a1,Gitcoin Grants: DeFiZap,protocol,,Etherscan label / Zapper,https://etherscan.io/accounts/label/zapper-fi,community
ethereum,0x30f938fed5de6e06a9a7cd2ac3517131c317b1e7,Giveth: Trace Bridge,protocol,,Etherscan label / Bridge,https://etherscan.io/accounts/label/bridge,community
ethereum,0xf6537fe0df7f0cc0985cf00792cc98249e73efa0,GIVToken (GIV),protocol,,Etherscan label (octal mirror) / DeFi,https://etherscan.io/accounts/label/defi,community
ethereum,0xb5e88b229b18e748e3aa16a1c2bfefdfc8a5560d,Global DeFi (GDEFI),protocol,,Etherscan label (octal mirror) / DeFi,https://etherscan.io/accounts/label/defi,community
ethereum,0x713b30c4ea50830b1c3b5198ee3626dee2203342,Global Stability Alliance,protocol,,Etherscan label / Stablecoin,https://etherscan.io/accounts/label/stablecoin,community
ethereum,0xd9a8bb44968f35282f1b91c353f77a61baf31a4b,Global Transaction Payment Solution (GTPS),protocol,,Etherscan label (octal mirror) / DeFi,https://etherscan.io/accounts/label/defi,community
ethereum,0xb493d50bf06c7b7cb3c89c6429282f64b5ad6cba,GlobalGoldenChainToken (GGCT),protocol,,Etherscan label (octal mirror) / DeFi,https://etherscan.io/accounts/label/defi,community
ethereum,0x75ace7a086ea0fb1a79e43cc6331ad053d8c67cb,Gluon Network,protocol,,Etherscan label / Bridge,https://etherscan.io/accounts/label/bridge,community
ethereum,0xf3da4c6cb0e9e800428b9ca0f8342ac3b9eeab21,GNEISS Gold Coin,protocol,,Etherscan label / Stablecoin,https://etherscan.io/accounts/label/stablecoin,community
ethereum,0xb692a99a298ef9f4e8103b06fb3a93cdaa7dea72,GNEISS Silver Coin,protocol,,Etherscan label / Stablecoin,https://etherscan.io/accounts/label/stablecoin,community
ethereum,0x88ad09518695c6c3712ac10a214be5109a655671,Gnosis Chain: Omni Bridge,protocol,,Etherscan label / Bridge,https://etherscan.io/accounts/label/bridge,community
ethereum,0x4aa42145aa6ebf72e164c9bbc74fbd3788045016,Gnosis Chain: xDai Bridge,protocol,,Etherscan label / Bridge,https://etherscan.io/accounts/label/bridge,community
ethereum,0x7e7669bdff02f2ee75b68b91fb81c2b38f9228c2,Gnosis: Foreign Bridge,protocol,,Etherscan label / Bridge,https://etherscan.io/accounts/label/bridge,community
ethereum,0x6ea6c65e14661c0bcab5bc862fe5e7d3b5630c2f,Gnosis: GEN-xGEN Bridge,protocol,,Etherscan label / Bridge,https://etherscan.io/accounts/label/bridge,community
ethereum,0x7301cfa0e1756b71869e93d4e4dca5c7d0eb0aa6,Gnosis: Home Bridge,protocol,,Etherscan label / Bridge,https://etherscan.io/accounts/label/bridge,community
ethereum,0xfede867046cf36f15f6ab7545279cf0e33265dc9,GoalTimeN Finance (GTX),protocol,,Etherscan label (octal mirror) / DeFi,https://etherscan.io/accounts/label/defi,community
ethereum,0x171f9cfc136f2b2aaa148fcc6b660a2029bab048,Gold Standard (AUS),protocol,,Etherscan label (octal mirror) / Stablecoin,https://etherscan.io/accounts/label/stablecoin,community
ethereum,0xbc7f402f3bc1c6d56c8041f551b47a0ad7714d1b,GoldenPyrex (GPYX),protocol,,Etherscan label (octal mirror) / DeFi,https://etherscan.io/accounts/label/defi,community
ethereum,0xf5f8472045c9177b545ea05fda73848291a3f8b8,GoldMining Token (GMT),protocol,,Etherscan label (octal mirror) / DeFi,https://etherscan.io/accounts/label/defi,community
ethereum,0x8dbd43048e60e3c9a602de7f5f1f1c8a9c6ffee1,GoldMint (GLDM),protocol,,Etherscan label / Protocol,https://etherscan.io/accounts/label/protocol,community
ethereum,0xe61776305003d700fbc8318da97806032a3b08ed,GoldMint Shares,protocol,,Etherscan label / Protocol,https://etherscan.io/accounts/label/protocol,community
ethereum,0xeab43193cf0623073ca89db9b712796356fa7414,GOLDX (GOLDX),protocol,,Etherscan label / Stablecoin,https://etherscan.io/accounts/label/stablecoin,community
ethereum,0xd6236b5f79253bc7d409746d52bba01d288c252b,Gopher Token (GOP),protocol,,Etherscan label / Protocol,https://etherscan.io/accounts/label/protocol,community
ethereum,0x4a6e0c442394154e00c55ee985a9e9593db3fa64,GorillaSquad (GSQUAD),protocol,,Etherscan label (octal mirror) / DeFi,https://etherscan.io/accounts/label/defi,community
ethereum,0xdc732972811d25de61808b3d6e0d2ac44a7f036f,GOSH Realm (GOSH),protocol,,Etherscan label / Stablecoin,https://etherscan.io/accounts/label/stablecoin,community
ethereum,0x3769f1b1069f2950989064402c448c6145a4c399,Grandle (GRAND),protocol,,Etherscan label (octal mirror) / DeFi,https://etherscan.io/accounts/label/defi,community
ethereum,0x9f9c8ec3534c3ce16f928381372bfbfbfb9f4d24,GraphLinq (GLQ),protocol,,Etherscan label / Bridge,https://etherscan.io/accounts/label/bridge,community
ethereum,0xba485b556399123261a5f9c95d413b4f93107407,Gravitationally Bound AURA (graviAURA),protocol,,Etherscan label (octal mirror) / DeFi,https://etherscan.io/accounts/label/defi,community
ethereum,0x01e0e2e61f554ecaaec0cc933e739ad90f24a86d,Graviton (GTON),protocol,,Etherscan label (octal mirror) / DeFi,https://etherscan.io/accounts/label/defi,community
ethereum,0xa4108aa1ec4967f8b52220a4f7e94a8201f2d906,Gravity Bridge: Bridge,protocol,,Etherscan label / Bridge,https://etherscan.io/accounts/label/bridge,community
ethereum,0x03304d27706383c899321e1e160de6f5cdba1317,Green Climate World Token (WGC),protocol,,Etherscan label (octal mirror) / DeFi,https://etherscan.io/accounts/label/defi,community
ethereum,0x46d886887b6908183032c75dee1b731b26d653c6,GreenCoin (GRC),protocol,,Etherscan label (octal mirror) / DeFi,https://etherscan.io/accounts/label/defi,community
ethereum,0x9de152c32d820eb2e1df392854d4df2f4f305530,Greyzdorf dollar,protocol,,Etherscan label / Stablecoin,https://etherscan.io/accounts/label/stablecoin,community
ethereum,0xc1d9b5a0776d7c8b98b8a838e5a0dd1bc5fdd53c,GridZone.io (ZONE),protocol,,Etherscan label (octal mirror) / DeFi,https://etherscan.io/accounts/label/defi,community
ethereum,0x3ec8798b81485a254928b70cda1cf0a2bb0b74d7,Gro DAO Token (GRO),protocol,,Etherscan label (octal mirror) / DeFi,https://etherscan.io/accounts/label/defi,community
ethereum,0x3adb04e127b9c0a5d36094125669d4603ac52a0c,Gro Vault Token (GVT),protocol,,Etherscan label (octal mirror) / DeFi,https://etherscan.io/accounts/label/defi,community
ethereum,0x8390a1da07e376ef7add4be859ba74fb83aa02d5,GROK,protocol,,Etherscan token / DefiLlama,https://etherscan.io/token/0x8390a1da07e376ef7add4be859ba74fb83aa02d5,community
ethereum,0x09e64c2b61a5f1690ee6fbed9baf5d6990f8dfd0,Growth (GRO),protocol,,Etherscan label (octal mirror) / DeFi,https://etherscan.io/accounts/label/defi,community
ethereum,0x6b914246c146ccf693a97b96996ceb54d49feb62,Grumpy Cocky (GCOCK),protocol,,Etherscan label / DEX,https://etherscan.io/accounts/label/dex,community
ethereum,0x0642026e7f0b6ccac5925b4e7fa61384250e1701,H2O (H2O),protocol,,Etherscan label (octal mirror) / DeFi,https://etherscan.io/accounts/label/defi,community
ethereum,0x0e29e5abbb5fd88e28b2d355774e73bd47de3bcd,Hakka Finance (HAKKA),protocol,,Etherscan label (octal mirror) / DeFi,https://etherscan.io/accounts/label/defi,community
ethereum,0x9e7cb236e43c4bd042fe463df6a175d4479ee186,Halving (HALV),protocol,,Etherscan label (octal mirror) / DeFi,https://etherscan.io/accounts/label/defi,community
ethereum,0x116172b2482c5dc3e6f445c16ac13367ac3fcd35,handleEUR (fxEUR),protocol,,Etherscan label (octal mirror) / DeFi,https://etherscan.io/accounts/label/defi,community
ethereum,0xf87193cbb9c9aee4790c08031bdfe2050f23ee9d,Harbour (HABR),protocol,,Etherscan label (octal mirror) / DeFi,https://etherscan.io/accounts/label/defi,community
ethereum,0x0d043128146654c7683fbf30ac98d7b2285ded00,Harmony Horizon Bridge Exploiter 2022,protocol,,Harmony Horizon Bridge incident summary (exploiter labeled in post-mortem),https://medium.com/harmony-one/summary-of-the-harmony-horizon-bridge-incident-f9bd87c0c68e,community
ethereum,0xfd53b1b4af84d59b20bf2c20ca89a6beeaa2c628,Harmony: BUSD Bridge,protocol,,Etherscan label / Bridge,https://etherscan.io/accounts/label/bridge,community
ethereum,0xf9fb1c508ff49f78b60d3a96dea99fa5d7f3a8a6,Harmony: ETH Bridge,protocol,,Etherscan label / Bridge,https://etherscan.io/accounts/label/bridge,community
ethereum,0xfe601de9d4295274b9904d5a9ad7069f23ee2b32,Harmony: LINK Bridge,protocol,,Etherscan label / Bridge,https://etherscan.io/accounts/label/bridge,community
ethereum,0x4d34e61caf7a3622759d69e48ccdeb8dee5021e8,Harmony: ONE Bridge,protocol,,Etherscan label / Bridge,https://etherscan.io/accounts/label/bridge,community
ethereum,0x1bd0029385f95ad2584cdfaf5c19f3f20651def6,Harmony: Token Bridge,protocol,,Etherscan label / Bridge,https://etherscan.io/accounts/label/bridge,community
ethereum,0xe2e3441004e7d377a2d97142e75d465e0dd36af9,Hashflow: Bridge,protocol,,Etherscan label / Bridge,https://etherscan.io/accounts/label/bridge,community
ethereum,0x065daab531e7cd50f900d644e8cae8a208eea4e9,hashQuark: Lido Node Operator,protocol,,Etherscan label / Lido,https://etherscan.io/accounts/label/lido,community
ethereum,0xa12ca1b75ad1c73ca610d9788d4d7dcb5caee012,HeartBridge (HEART),protocol,,Etherscan label / Bridge,https://etherscan.io/accounts/label/bridge,community
ethereum,0x054bd236b42385c938357112f419dc5943687886,HeavensGate (HATE),protocol,,Etherscan label (octal mirror) / DeFi,https://etherscan.io/accounts/label/defi,community
ethereum,0xa929022c9107643515f5c777ce9a910f0d1e490c,HECO Chain: Bridge,protocol,,Etherscan label / Bridge,https://etherscan.io/accounts/label/bridge,community
ethereum,0x47c0ad2ae6c0ed4bcf7bc5b380d7205e89436e84,HEGICTokenIOU (rHEGIC),protocol,,Etherscan label (octal mirror) / DeFi,https://etherscan.io/accounts/label/defi,community
ethereum,0x231cc03e6d8b7368ec2abfafb5f73d216c8af980,Helix (HELIX),protocol,,Etherscan label (octal mirror) / DeFi,https://etherscan.io/accounts/label/defi,community
ethereum,0x9ae559ac062de221eb5198d90c27e45e85fcaab2,Herdius (HER),protocol,,Etherscan label / DEX,https://etherscan.io/accounts/label/dex,community
ethereum,0x6a4b6316d1d03d2f2b3a0294502f8faf0f38ca14,Hertz (HZ),protocol,,Etherscan label / Stablecoin,https://etherscan.io/accounts/label/stablecoin,community
ethereum,0x0f7e1e6c9b67972a0ab31f47ab3e94b60be37d86,Hertz Network (HTZ),protocol,,Etherscan label (octal mirror) / DeFi,https://etherscan.io/accounts/label/defi,community
ethereum,0x83031984b45553070a088273f341bff7fb4f2f46,hiBAYC (hiBAYC),protocol,,Etherscan label / Protocol,https://etherscan.io/accounts/label/protocol,community
ethereum,0x3700adfd26d5bc062cb8b8a77e68fbd43f58ecab,hiDOODLES,protocol,,Etherscan label / Protocol,https://etherscan.io/accounts/label/protocol,community
ethereum,0xa88842ae47dbe87116cf7001dddd1b246fcd8262,hiENS3 (hiENS3),protocol,,Etherscan label / Protocol,https://etherscan.io/accounts/label/protocol,community
ethereum,0x00a7ec2f2b451cb0233e8adbf4c9a951027c2b02,hiENS4 (hiENS4),protocol,,Etherscan label / Protocol,https://etherscan.io/accounts/label/protocol,community
ethereum,0x4b9278b94a1112cad404048903b8d343a810b07e,Hifi Finance (HIFI),protocol,,Etherscan label (octal mirror) / DeFi,https://etherscan.io/accounts/label/defi,community
ethereum,0xba6b0dbb2ba8daa8f5d6817946393aef8d3a4487,Hillstone.Finance (HSF),protocol,,Etherscan label (octal mirror) / DeFi,https://etherscan.io/accounts/label/defi,community
ethereum,0x635f15eb7aa2e62d122f6b1f9f519fdccf4abdda,hiMAYC (hiMAYC),protocol,,Etherscan label / Protocol,https://etherscan.io/accounts/label/protocol,community
ethereum,0xbbeca80a4c99c3b1bd3c10e64595d0fc7dc26ee0,hiMEEBITS,protocol,,Etherscan label / Protocol,https://etherscan.io/accounts/label/protocol,community
ethereum,0xb1f136a74e18e4e2921febbf25820d1bb65b5647,hiPUNKS,protocol,,Etherscan label / Protocol,https://etherscan.io/accounts/label/protocol,community
ethereum,0x5c28dbdf5351089ca413b4493dd6c6043e44af42,Hirokage (HIRO),protocol,,Etherscan label (octal mirror) / DeFi,https://etherscan.io/accounts/label/defi,community
ethereum,0x12aef5c60c2c86c8ecd3079f22f285f326371340,hiSAND33 (hiSAND33),protocol,,Etherscan label (octal mirror) / DeFi,https://etherscan.io/accounts/label/defi,community
ethereum,0x011c5c4e4a86fc95a7a6d5c49a69cdf0cb1d0467,HK Coin (HKC),protocol,,Etherscan label (octal mirror) / Stablecoin,https://etherscan.io/accounts/label/stablecoin,community
ethereum,0xf365b2821312c18a34a08bdda2fc2af2caa342e8,HK Dollar Coin,protocol,,Etherscan label / Stablecoin,https://etherscan.io/accounts/label/stablecoin,community
ethereum,0xc8c97d9b0af219c2329a0179f6ab8c7a55b39fc1,HK Monetary Token,protocol,,Etherscan label / Stablecoin,https://etherscan.io/accounts/label/stablecoin,community
ethereum,0x180ed78465a4c5b362446b129d7715c167e62176,HKD Stable Token,protocol,,Etherscan label / Stablecoin,https://etherscan.io/accounts/label/stablecoin,community
ethereum,0xdea67845a51e24461d5fed8084e69b426af3d5db,HodlTree (HTRE),protocol,,Etherscan label (octal mirror) / DeFi,https://etherscan.io/accounts/label/defi,community
ethereum,0xfad45e47083e4607302aa43c65fb3106f1cd7607,hoge.finance (HOGE),protocol,,Etherscan label (octal mirror) / DeFi,https://etherscan.io/accounts/label/defi,community
ethereum,0xd520ddbdf81323f4b9a0ea0adbb692ebef6ce280,Holdefi Token (HLD),protocol,,Etherscan label (octal mirror) / DeFi,https://etherscan.io/accounts/label/defi,community
ethereum,0xb6d7b693ccfd1359d84ce389d7c40f590eba1ff0,Holder Finance,protocol,,Etherscan label / DEX,https://etherscan.io/accounts/label/dex,community
ethereum,0x578301f78b7269261cea3c968f0643fb1a101e5e,HolderSwap (HFS),protocol,,Etherscan label / DEX,https://etherscan.io/accounts/label/dex,community
ethereum,0xd0f37d2b83ace04f7506c3c69eb8bda15849259b,HOMELAND DAO Token (HOME),protocol,,Etherscan label (octal mirror) / DeFi,https://etherscan.io/accounts/label/defi,community
ethereum,0xc5102fe9359fd9a28f877a67e36b0f050d81a3cc,Hop (HOP),protocol,,Etherscan label / Bridge,https://etherscan.io/accounts/label/bridge,community
ethereum,0x305933e09871d4043b5036e09af794facb3f6170,Hop Protocol: DAI Bonder,protocol,,Etherscan label / Hop,https://etherscan.io/accounts/label/hop-protocol,community
ethereum,0x10b6cbdfe187c04d63f179b87067c49e7a1e91af,Hop Protocol: DAI Bonder V2,protocol,,Etherscan label / Hop,https://etherscan.io/accounts/label/hop-protocol,community
ethereum,0x3d4cc8a61c7528fd86c55cfe061a78dcba48edd1,Hop Protocol: DAI Bridge,protocol,,Etherscan label / Bridge,https://etherscan.io/accounts/label/bridge,community
ethereum,0x723194c6cfed24883b598931ee802ab80952c001,Hop Protocol: DAI Wrapper,protocol,,Etherscan label / Hop,https://etherscan.io/accounts/label/hop-protocol,community
ethereum,0x34afcc4704b6a342007174a4ce361929521fcb90,Hop Protocol: ETH Arbitrum Wrapper,protocol,,Etherscan label / Hop,https://etherscan.io/accounts/label/hop-protocol,community
ethereum,0x710bda329b2a6224e4b44833de30f38e7f81d564,Hop Protocol: ETH Bonder,protocol,,Etherscan label / Hop,https://etherscan.io/accounts/label/hop-protocol,community
ethereum,0x25fb92e505f752f730cad0bd4fa17ece4a384266,Hop Protocol: ETH Gnossis Bridge,protocol,,Etherscan label / Hop,https://etherscan.io/accounts/label/hop-protocol,community
ethereum,0x64e5a143a3775a500bf19e609e1a74a5cbc3bb2a,Hop Protocol: ETH OP Messenger,protocol,,Etherscan label / Hop,https://etherscan.io/accounts/label/hop-protocol,community
ethereum,0xb8901acb165ed027e32754e0ffe830802919727f,Hop Protocol: Ethereum Bridge,protocol,,Etherscan label / Bridge,https://etherscan.io/accounts/label/bridge,community
ethereum,0x1ec078551a5ac8f0f51fac57ffc48ea7d9a86e9d,Hop Protocol: Future Team Tokens,protocol,,Etherscan label / Hop,https://etherscan.io/accounts/label/hop-protocol,community
ethereum,0x881296edcb252080bd476c464ceb521d08df7631,Hop Protocol: HOP Bonder,protocol,,Etherscan label / Hop,https://etherscan.io/accounts/label/hop-protocol,community
ethereum,0x914f986a44acb623a277d6bd17368171fcbe4273,Hop Protocol: HOP Bridge,protocol,,Etherscan label / Bridge,https://etherscan.io/accounts/label/bridge,community
ethereum,0xd8781ca9163e9f132a4d8392332e64115688013a,Hop Protocol: Matic Bonder,protocol,,Etherscan label / Hop,https://etherscan.io/accounts/label/hop-protocol,community
ethereum,0x22b1cbb8d98a01a3b71d034bb899775a76eb1cc2,Hop Protocol: MATIC Bridge,protocol,,Etherscan label / Bridge,https://etherscan.io/accounts/label/bridge,community
ethereum,0xe6bfe2ac487ea9a6c58108fbcb6d2db96b667cc0,Hop Protocol: MATIC Wrapper,protocol,,Etherscan label / Hop,https://etherscan.io/accounts/label/hop-protocol,community
ethereum,0x4285caab762f2e405cd256069d0d47d13bf05b00,Hop Protocol: OP DAI Wrapper,protocol,,Etherscan label / Hop,https://etherscan.io/accounts/label/hop-protocol,community
ethereum,0x2e929203d8f2fcf88c4ff7b7362d08169b6f661c,Hop Protocol: Polygon DAI Wrapper,protocol,,Etherscan label / Hop,https://etherscan.io/accounts/label/hop-protocol,community
ethereum,0xdec8005ca1a3f90168c211406fefafa412467d81,Hop Protocol: Polygon ETH Wrapper,protocol,,Etherscan label / Hop,https://etherscan.io/accounts/label/hop-protocol,community
ethereum,0xae6dc7fed207fb7bf3f406fc197f70607cea618a,Hop Protocol: Polygon HOP Wrapper,protocol,,Etherscan label / Hop,https://etherscan.io/accounts/label/hop-protocol,community
ethereum,0x547d28cdd6a69e3366d6ae3ec39543f09bd09417,Hop Protocol: SNX Bonder,protocol,,Etherscan label / Hop,https://etherscan.io/accounts/label/hop-protocol,community
ethereum,0x893246facf345c99e4235e5a7bbee7404c988b96,Hop Protocol: SNX Bridge,protocol,,Etherscan label / Bridge,https://etherscan.io/accounts/label/bridge,community
ethereum,0x15281083cfb969d5643604e5e7079296d9eb0b92,Hop Protocol: USDC Arbitrum Wrapper,protocol,,Etherscan label / Hop,https://etherscan.io/accounts/label/hop-protocol,community
ethereum,0xa6a688f107851131f0e1dce493ebbebfaf99203e,Hop Protocol: USDC Bonder,protocol,,Etherscan label / Hop,https://etherscan.io/accounts/label/hop-protocol,community
ethereum,0x3666f603cc164936c1b87e207f36beba4ac5f18a,Hop Protocol: USDC Bridge,protocol,,Etherscan label / Bridge,https://etherscan.io/accounts/label/bridge,community
ethereum,0x6ce9077bb3db37eeeedd8d863988b2f19ff2b9a3,Hop Protocol: USDT Arbitrum Wrapper,protocol,,Etherscan label / Hop,https://etherscan.io/accounts/label/hop-protocol,community
ethereum,0x15ec4512516d980090050fe101de21832c8edfee,Hop Protocol: USDT Bonder,protocol,,Etherscan label / Hop,https://etherscan.io/accounts/label/hop-protocol,community
ethereum,0x3e4a3a4796d16c0cd582c382691998f7c06420b6,Hop Protocol: USDT Bridge,protocol,,Etherscan label / Bridge,https://etherscan.io/accounts/label/bridge,community
ethereum,0xc78c53102e161094d848ee167145e5d45eaa6853,Hop Protocol: USDT Messenger,protocol,,Etherscan label / Hop,https://etherscan.io/accounts/label/hop-protocol,community
ethereum,0xc08055b634d43f2176d721e26a3428d3b7e7ddb5,Hop Protocol: USDT XDai Wrapper,protocol,,Etherscan label / Hop,https://etherscan.io/accounts/label/hop-protocol,community
ethereum,0x2a6303e6b99d451df3566068ebb110708335658f,Hop Protocol: WBTC Bonder,protocol,,Etherscan label / Hop,https://etherscan.io/accounts/label/hop-protocol,community
ethereum,0xb98454270065a31d71bf635f6f7ee6a518dfb849,Hop Protocol: WBTC Bridge,protocol,,Etherscan label / Bridge,https://etherscan.io/accounts/label/bridge,community
ethereum,0x28e3d65acbff475c363435c7fa1d92a61a6b8cff,Hop Protocol: WBTC Polygon Wrapper,protocol,,Etherscan label / Hop,https://etherscan.io/accounts/label/hop-protocol,community
ethereum,0xc315239cfb05f1e130e7e28e603cea4c014c57f0,Hop Protocol: WBTC xDai Wrapper,protocol,,Etherscan label / Hop,https://etherscan.io/accounts/label/hop-protocol,community
ethereum,0x9d83d493688caf9d34f04b3c0d50d197d44abbca,Hope Soviet (hSOV),protocol,,Etherscan label (octal mirror) / DeFi,https://etherscan.io/accounts/label/defi,community
ethereum,0x43a96962254855f16b925556f9e97be436a43448,HORD Token (HORD),protocol,,Etherscan label (octal mirror) / DeFi,https://etherscan.io/accounts/label/defi,community
ethereum,0x4297394c20800e8a38a619a243e9bbe7681ff24e,Hot Cross Token,protocol,,Etherscan label / Bridge,https://etherscan.io/accounts/label/bridge,community
ethereum,0x615d8e5e1344b36a95f6ecd8e6cda020e84dc25b,Hotpot Funds (HPT),protocol,,Etherscan label (octal mirror) / DeFi,https://etherscan.io/accounts/label/defi,community
ethereum,0xc6c50c840d7f894b854f93a61fea7f139beb9dda,hotto (HT),protocol,,Etherscan label (octal mirror) / DeFi,https://etherscan.io/accounts/label/defi,community
ethereum,0x4790f605cbdba5fce4f209868b5a05b3bff7272c,HubToken (HUB),protocol,,Etherscan label (octal mirror) / DeFi,https://etherscan.io/accounts/label/defi,community
ethereum,0x10010078a54396f62c96df8532dc2b4847d47ed3,Hundred Finance,protocol,,Etherscan label / Protocol,https://etherscan.io/accounts/label/protocol,community
ethereum,0xdf574c24545e5ffecb9a659c229253d4111d87e1,HUSD (HUSD),protocol,,Etherscan label / Stablecoin,https://etherscan.io/accounts/label/stablecoin,community
ethereum,0x9af839687f6c94542ac5ece2e317daae355493a1,Hydro Protocol,protocol,,Etherscan label / DEX,https://etherscan.io/accounts/label/dex,community
ethereum,0x460b77e7ca31b73478fb1b9005a9a9a01f72fca3,HYPE (HYPE),protocol,,Etherscan label (octal mirror) / DeFi,https://etherscan.io/accounts/label/defi,community
ethereum,0x88d39566dae88dc838652d9898f0aa6a8ff2819a,hypeburn.finance (HBURN),protocol,,Etherscan label (octal mirror) / DeFi,https://etherscan.io/accounts/label/defi,community
ethereum,0x73fa9181cd0752a18ddfa285033df0323a804457,hypechill.finance (CHILL),protocol,,Etherscan label (octal mirror) / DeFi,https://etherscan.io/accounts/label/defi,community
ethereum,0x74faab6986560fd1140508e4266d8a7b87274ffd,HyperDao (HDAO),protocol,,Etherscan label (octal mirror) / DeFi,https://etherscan.io/accounts/label/defi,community
ethereum,0x3e1d5a855ad9d948373ae68e4fe1f094612b1322,HyperQuant Token,protocol,,Etherscan label / Protocol,https://etherscan.io/accounts/label/protocol,community
ethereum,0x8c5e6fdfa54b0027e10d9438e8515b6fa6c38fcc,ICETEA.Finance,protocol,,Etherscan label / DEX,https://etherscan.io/accounts/label/dex,community
ethereum,0xf16e81dce15b08f326220742020379b855b87df9,IceToken (ICE),protocol,,Etherscan label (octal mirror) / DeFi,https://etherscan.io/accounts/label/defi,community
ethereum,0x111111517e4929d3dcbdfa7cce55d30d4b6bc4d6,ICHI (ICHI),protocol,,Etherscan label (octal mirror) / DeFi,https://etherscan.io/accounts/label/defi,community
ethereum,0xbd100d061e120b2c67a24453cf6368e63f1be056,iDeFiYieldProtocol,protocol,,Etherscan label / Protocol,https://etherscan.io/accounts/label/protocol,community
ethereum,0x2a0c0dbecc7e4d658f48e01e3fa353f44050c208,IDEX,protocol,,Etherscan label / DEX,https://etherscan.io/accounts/label/dex,community
ethereum,0xa7a7899d944fe658c4b0a1803bab2f490bd3849e,IDEX 2,protocol,,Etherscan label / DEX,https://etherscan.io/accounts/label/dex,community
ethereum,0xcc13fc627effd6e35d2d2706ea3c4d7396c610ea,IDEX Membership,protocol,,Etherscan label / DEX,https://etherscan.io/accounts/label/dex,community
ethereum,0x33daedabab9085bd1a94460a652e7ffff592dfe3,IDEX: Deployer,protocol,,Etherscan label (octal mirror) / IDEX,https://etherscan.io/accounts/label/idex,community
ethereum,0x61fd1c62551850d0c04c76fce614cbced0094498,IDKToken (IDK),protocol,,Etherscan label / Stablecoin,https://etherscan.io/accounts/label/stablecoin,community
ethereum,0x875773784af8135ea0ef43b5a374aad105c5d39e,Idle (IDLE),protocol,,Etherscan label (octal mirror) / Idle,https://etherscan.io/accounts/label/idle-finance,community
ethereum,0xdfb27f2fd160166dbeb57aeb022b9eb85ea4611c,Idle.finance: 3Eur Liquidity Gauge,protocol,,Etherscan label / Idle,https://etherscan.io/accounts/label/idle-finance,community
ethereum,0x633fb4d38b24dc890b11db2ae2b248d13f996a79,Idle.finance: Batched Mint DAI,protocol,,Etherscan label / Idle,https://etherscan.io/accounts/label/idle-finance,community
ethereum,0x562c4fd96f0652f5fcfa96b0a33088b5a6eaee9b,Idle.finance: Batched Mint USDC,protocol,,Etherscan label / Idle,https://etherscan.io/accounts/label/idle-finance,community
ethereum,0x84fdee80f18957a041354e99c7eb407467d94d8e,Idle.finance: CDO registry,protocol,,Etherscan label / Idle,https://etherscan.io/accounts/label/idle-finance,community
ethereum,0xb08696efcf019a6128ed96067b55dd7d0ab23ce4,Idle.finance: Community Multi Sig,protocol,,Etherscan label / Idle,https://etherscan.io/accounts/label/idle-finance,community
ethereum,0x275da8e61ea8e02d51edd8d0dc5c0e62b4cdb0be,Idle.finance: Controller,protocol,,Etherscan label / Idle,https://etherscan.io/accounts/label/idle-finance,community
ethereum,0xc74d886ebaa5674e21a1cb0be3997bddce6ad525,Idle.finance: Converter,protocol,,Etherscan label / Idle,https://etherscan.io/accounts/label/idle-finance,community
ethereum,0x21dda17dff89ef635964cd3910d167d562112f57,Idle.finance: CrvALUSD Liquidity Gauge,protocol,,Etherscan label / Idle,https://etherscan.io/accounts/label/idle-finance,community
ethereum,0xe5dab8208c1f4cce15883348b72086dbace3e64b,Idle.finance: Deployer,protocol,,Etherscan label / Idle,https://etherscan.io/accounts/label/idle-finance,community
ethereum,0xe8ea8bae250028a8709a3841e0ae1a44820d677b,Idle.finance: Development League multisig,protocol,,Etherscan label / Idle,https://etherscan.io/accounts/label/idle-finance,community
ethereum,0x1276a8ee84900bd8cca6e9b3ccb99ff4771fe329,Idle.finance: Distributor,protocol,,Etherscan label / Idle,https://etherscan.io/accounts/label/idle-finance,community
ethereum,0x074306bc6a6fc1bd02b425dd41d742adf36ca9c6,Idle.finance: Distributor Proxy,protocol,,Etherscan label / Idle,https://etherscan.io/accounts/label/idle-finance,community
ethereum,0x73b4f354fd8d37fdb7cf13390d366e959e1e2bdf,Idle.finance: DyDx,protocol,,Etherscan label / Idle,https://etherscan.io/accounts/label/idle-finance,community
ethereum,0xa409a39df0191943ac4263d26bd67ef6d2584d13,Idle.finance: DyDx 2,protocol,,Etherscan label / Idle,https://etherscan.io/accounts/label/idle-finance,community
ethereum,0x461ffb88fd7c29b327ab05f3ca2b07d7a3350f7e,Idle.finance: DyDx 3,protocol,,Etherscan label / Idle,https://etherscan.io/accounts/label/idle-finance,community
ethereum,0x0ec3008da9641bf80c0c82b37e05f59c58c6fcd7,Idle.finance: DyDx 4,protocol,,Etherscan label / Idle,https://etherscan.io/accounts/label/idle-finance,community
ethereum,0xa1f71ed24aba6c8da8ca8c046bbc9804625d88fc,Idle.finance: Early Rewards,protocol,,Etherscan label / Idle,https://etherscan.io/accounts/label/idle-finance,community
ethereum,0xb0aa1f98523ec15932dd5faac5d86e57115571c7,Idle.finance: Ecosystem Fund,protocol,,Etherscan label / Idle,https://etherscan.io/accounts/label/idle-finance,community
ethereum,0xbecc659bfc6edca552fa1a67451cc6b38a0108e4,Idle.finance: Fee Collector,protocol,,Etherscan label / Idle,https://etherscan.io/accounts/label/idle-finance,community
ethereum,0x69a62c24f16d4914a48919613e8ee330641bcb94,Idle.finance: Fee Treasury,protocol,,Etherscan label / Idle,https://etherscan.io/accounts/label/idle-finance,community
ethereum,0x7ca919cf060d95b3a51178d9b1bcb1f324c8b693,Idle.finance: Frax Liquidity Gauge,protocol,,Etherscan label / Idle,https://etherscan.io/accounts/label/idle-finance,community
ethereum,0xac69078141f76a1e257ee889920d02cc547d632f,Idle.finance: Gauge Controller,protocol,,Etherscan label / Idle,https://etherscan.io/accounts/label/idle-finance,community
ethereum,0xbb1cb94f14881dda38793d7f6f99d96db0594051,Idle.finance: Gauge Proxy,protocol,,Etherscan label / Idle,https://etherscan.io/accounts/label/idle-finance,community
ethereum,0x2256b25cfc8e35c3135664fd03e77595042fe31b,Idle.finance: Governance Alpha,protocol,,Etherscan label / Idle,https://etherscan.io/accounts/label/idle-finance,community
ethereum,0x3d5fc645320be0a085a32885f078f7121e5e5375,Idle.Finance: Governance Bravo,protocol,,Etherscan label / Idle,https://etherscan.io/accounts/label/idle-finance,community
ethereum,0x1846bdfdb6a0f5c473dec610144513bd071999fb,Idle.finance: idleDAISafe Token,protocol,,Etherscan label / Idle,https://etherscan.io/accounts/label/idle-finance,community
ethereum,0x3fe7940616e5bc47b0775a0dccf6237893353bb4,Idle.finance: idleDAIYield Token,protocol,,Etherscan label / Idle,https://etherscan.io/accounts/label/idle-finance,community
ethereum,0xf52cdcd458bf455aed77751743180ec4a595fd3f,Idle.finance: idleSUSDYield Token,protocol,,Etherscan label / Idle,https://etherscan.io/accounts/label/idle-finance,community
ethereum,0xc278041fdd8249fe4c1aad1193876857eea3d68c,Idle.finance: idleTUSDYield Token,protocol,,Etherscan label / Idle,https://etherscan.io/accounts/label/idle-finance,community
ethereum,0xcddb1bceb7a1979c6caa0229820707429dd3ec6c,Idle.finance: idleUSDCSafe Token,protocol,,Etherscan label / Idle,https://etherscan.io/accounts/label/idle-finance,community
ethereum,0x5274891bec421b39d23760c04a6755ecb444797c,Idle.finance: idleUSDCYield Token,protocol,,Etherscan label / Idle,https://etherscan.io/accounts/label/idle-finance,community
ethereum,0x42740698959761baf1b06baa51efbd88cb1d862b,Idle.finance: idleUSDTSafe Token,protocol,,Etherscan label / Idle,https://etherscan.io/accounts/label/idle-finance,community
ethereum,0xf34842d05a1c888ca02769a633df37177415c2f8,Idle.finance: idleUSDTYield Token,protocol,,Etherscan label / Idle,https://etherscan.io/accounts/label/idle-finance,community
ethereum,0x8c81121b15197fa0eeaee1dc75533419dcfd3151,Idle.finance: idleWBTCYield Token,protocol,,Etherscan label / Idle,https://etherscan.io/accounts/label/idle-finance,community
ethereum,0x675ec042325535f6e176638dd2d4994f645502b9,Idle.finance: Lido Liquidity Gauge,protocol,,Etherscan label / Idle,https://etherscan.io/accounts/label/idle-finance,community
ethereum,0xa357af9430e4504419a7a05e217d4a490ecec6fa,Idle.finance: Lido Multi Rewards,protocol,,Etherscan label / Idle,https://etherscan.io/accounts/label/idle-finance,community
ethereum,0xf241a0151841ae2e6ea750d50c5794b5edc31d99,Idle.Finance: Locked IDLE,protocol,,Etherscan label / Idle,https://etherscan.io/accounts/label/idle-finance,community
ethereum,0x8cc001dd6c9f8370db99c1e098e13215377ecb95,Idle.finance: MIM Liquidity Gauge,protocol,,Etherscan label / Idle,https://etherscan.io/accounts/label/idle-finance,community
ethereum,0x41653c7af834f895db778b1a31ef4f68be48c37c,Idle.Finance: mStable Liquidity Gauge,protocol,,Etherscan label / Idle,https://etherscan.io/accounts/label/idle-finance,community
ethereum,0xabd5e3888ffb552946fc61cf4c816a73feaee42e,Idle.Finance: mUSD Liquidity Gauge,protocol,,Etherscan label / Idle,https://etherscan.io/accounts/label/idle-finance,community
ethereum,0x7f366a2b4c4380fd9746cf10b4ded562c890b0b1,Idle.finance: mUSD3Crv Multi Rewards,protocol,,Etherscan label / Idle,https://etherscan.io/accounts/label/idle-finance,community
ethereum,0x78751b12da02728f467a44eac40f5cbc16bd7934,Idle.finance: Old idleDAIYield Token,protocol,,Etherscan label / Idle,https://etherscan.io/accounts/label/idle-finance,community
ethereum,0xb39ca0261a1b2986a6a9fe38d344b56374963de5,Idle.finance: Old idleSUSDYield Token,protocol,,Etherscan label / Idle,https://etherscan.io/accounts/label/idle-finance,community
ethereum,0xe79e177d2a5c7085027d7c64c8f271c81430fc9b,Idle.finance: Old idleSUSDYield v3 Token,protocol,,Etherscan label / Idle,https://etherscan.io/accounts/label/idle-finance,community
ethereum,0x7db7a4a50b26602e56536189aa94678c80f8e5b6,Idle.finance: Old idleTUSDYield Token,protocol,,Etherscan label / Idle,https://etherscan.io/accounts/label/idle-finance,community
ethereum,0x51c77689a9c2e8ccbecd4ec9770a1fa5fa83eef1,Idle.finance: Old idleTUSDYield v3 Token,protocol,,Etherscan label / Idle,https://etherscan.io/accounts/label/idle-finance,community
ethereum,0x12b98c621e8754ae70d0fdbbc73d6208bc3e3ca6,Idle.finance: Old idleUSDCYield Token,protocol,,Etherscan label / Idle,https://etherscan.io/accounts/label/idle-finance,community
ethereum,0x63d27b3da94a9e871222cb0a32232674b02d2f2d,Idle.finance: Old idleUSDTYield Token,protocol,,Etherscan label / Idle,https://etherscan.io/accounts/label/idle-finance,community
ethereum,0xd6f279b7ccbcd70f8be439d25b9df93aeb60ec55,Idle.finance: Old idleWBTCYield v3 Token,protocol,,Etherscan label / Idle,https://etherscan.io/accounts/label/idle-finance,community
ethereum,0xf424b10e1e9691ae5fb530fe4c3e6b9971013d49,Idle.finance: Old yxDAI Token,protocol,,Etherscan label / Idle,https://etherscan.io/accounts/label/idle-finance,community
ethereum,0x0d81b042bb9939b4d32cdf7861774c442a2685ce,Idle.finance: Old yxUSDC Token,protocol,,Etherscan label / Idle,https://etherscan.io/accounts/label/idle-finance,community
ethereum,0x7d4091d8b28d09b4135905213de105c45d7f459d,Idle.finance: pBTC Multi Rewards,protocol,,Etherscan label / Idle,https://etherscan.io/accounts/label/idle-finance,community
ethereum,0x04ce60ed10f6d2cff3aa015fc7b950d13c113be5,Idle.finance: Price Helper,protocol,,Etherscan label / Idle,https://etherscan.io/accounts/label/idle-finance,community
ethereum,0x758c10272a15f0e9d50cbc035ff9a046945da0f2,Idle.finance: Price Oracle,protocol,,Etherscan label / Idle,https://etherscan.io/accounts/label/idle-finance,community
ethereum,0x7c4414aa6b0c6cb1bc7e5bfb7433138426ac637a,Idle.finance: Proxy Minter,protocol,,Etherscan label / Idle,https://etherscan.io/accounts/label/idle-finance,community
ethereum,0x031f71b5369c251a6544c41ce059e6b3d61e42c6,Idle.finance: Reservoir,protocol,,Etherscan label / Idle,https://etherscan.io/accounts/label/idle-finance,community
ethereum,0x859e4d219e83204a2ea389dac11048cc880b6aa8,Idle.finance: Smart Treasury,protocol,,Etherscan label / Idle,https://etherscan.io/accounts/label/idle-finance,community
ethereum,0xcaf467dfe064a1f54e4ece8515ddf326b9be801e,Idle.finance: Smart Treasury bPool,protocol,,Etherscan label / Idle,https://etherscan.io/accounts/label/idle-finance,community
ethereum,0xaac13a116ea7016689993193fce4badc8038136f,Idle.Finance: Stake IDLE,protocol,,Etherscan label / Idle,https://etherscan.io/accounts/label/idle-finance,community
ethereum,0xbabb82456c013fd7e3f25857e0729de8207f80e2,Idle.finance: Staking fee distributor,protocol,,Etherscan label / Idle,https://etherscan.io/accounts/label/idle-finance,community
ethereum,0x1594375eee2481ca5c1d2f6ce15034816794e8a3,Idle.finance: Staking Fee Swapper,protocol,,Etherscan label / Idle,https://etherscan.io/accounts/label/idle-finance,community
ethereum,0x30a047d720f735ad27ad384ec77c36a4084df63e,Idle.finance: steCRV Liquidity Gauge,protocol,,Etherscan label / Idle,https://etherscan.io/accounts/label/idle-finance,community
ethereum,0xd6dabbc2b275114a2366555d6c481ef08fdc2556,Idle.finance: Timelock,protocol,,Etherscan label / Idle,https://etherscan.io/accounts/label/idle-finance,community
ethereum,0xfb3bd022d5dacf95ee28a6b07825d4ff9c5b3814,Idle.finance: Treasury League multisig,protocol,,Etherscan label / Idle,https://etherscan.io/accounts/label/idle-finance,community
ethereum,0xbf875f2c6e4cc1688dfe4ecf79583193b6089972,Idle.finance: Vester Factory,protocol,,Etherscan label / Idle,https://etherscan.io/accounts/label/idle-finance,community
ethereum,0xb299bcdf056d17bd1a46185eca8bce458b00dc4a,Idle.finance: yxDAI Token,protocol,,Etherscan label / Idle,https://etherscan.io/accounts/label/idle-finance,community
ethereum,0xd2f45883627f26ec34825486ca4c25235a0da0c3,Idle.finance: yxUSDC Token,protocol,,Etherscan label / Idle,https://etherscan.io/accounts/label/idle-finance,community
ethereum,0x195832a377c09074518c1f3aaeb4bc981f79938f,IDO Launchpad (IDO),protocol,,Etherscan label (octal mirror) / DeFi,https://etherscan.io/accounts/label/defi,community
ethereum,0x2cc42d1cd65af27cc999e41ef93d1a763dc821f8,IDT Exchange,protocol,,Etherscan label / DEX,https://etherscan.io/accounts/label/dex,community
ethereum,0xc671ffb782832cbe4d5393538d459fe9e4140f6b,IKE (IKE),protocol,,Etherscan label (octal mirror) / DeFi,https://etherscan.io/accounts/label/defi,community
ethereum,0x6a625ddb2e2a2de0257c5129364dd80bb4afa3b9,IKOMP (IKOMP),protocol,,Etherscan label (octal mirror) / DeFi,https://etherscan.io/accounts/label/defi,community
ethereum,0x25121eddf746c884dde4619b573a7b10714e2a36,Illuvium: ILV Core Pool,protocol,,Etherscan label / DeFi,https://etherscan.io/accounts/label/defi,community
ethereum,0x8b4d8443a0229349a9892d4f7cbe89ef5f843f72,Illuvium: ILV-ETH Core Pool,protocol,,Etherscan label / DeFi,https://etherscan.io/accounts/label/defi,community
ethereum,0x5fdcca53617f4d2b9134b29090c87d01058e27e9,Immutable X: Bridge,protocol,,Etherscan label / Bridge,https://etherscan.io/accounts/label/bridge,community
ethereum,0x7b35ce522cb72e4077baeb96cb923a5529764a00,Impermax (IMX),protocol,,Etherscan label (octal mirror) / DeFi,https://etherscan.io/accounts/label/defi,community
ethereum,0x560cc7de81b2a594f6518713cbe122bcf297a6e8,IMPULSEVEN (i7),protocol,,Etherscan label (octal mirror) / DeFi,https://etherscan.io/accounts/label/defi,community
ethereum,0x2416b5251444e192a901542157d159792159d632,Increase DeFi (INCD),protocol,,Etherscan label (octal mirror) / DeFi,https://etherscan.io/accounts/label/defi,community
ethereum,0xd7a4244f3a17468f7b0568d6a43fde94b11c9c11,Index Protocol: 0x API Adapter,protocol,,Etherscan label / Index Protocol,https://etherscan.io/accounts/label/index-protocol,community
ethereum,0x9d648e5564b794b918d99c84b0fbf4b0bf36ce45,Index Protocol: 0x Flash Mint,protocol,,Etherscan label / Index Protocol,https://etherscan.io/accounts/label/index-protocol,community
ethereum,0x09b9e7c7e2daf40fcb286fe6b863e517d5d5c40f,Index Protocol: Airdrop Module,protocol,,Etherscan label / Index Protocol,https://etherscan.io/accounts/label/index-protocol,community
ethereum,0x26e316f5b3819264df013ccf47989fb8c891b088,Index Protocol: Community Treasury Year 1 Vesting,protocol,,Etherscan label / Index Protocol,https://etherscan.io/accounts/label/index-protocol,community
ethereum,0xd89c642e52bd9c72bcc0778bcf4de307cc48e75a,Index Protocol: Community Treasury Year 2 Vesting,protocol,,Etherscan label / Index Protocol,https://etherscan.io/accounts/label/index-protocol,community
ethereum,0x71f2b246f270c6af49e2e514ca9f362b491fbbe1,Index Protocol: Community Treasury Year 3 Vesting,protocol,,Etherscan label / Index Protocol,https://etherscan.io/accounts/label/index-protocol,community
ethereum,0x5c0d0a9a0c3a0a5b591496ff894686893b69faa2,Index Protocol: Compound Flash Mint,protocol,,Etherscan label / Index Protocol,https://etherscan.io/accounts/label/index-protocol,community
ethereum,0x79530caa46b1bb1cdd1b19e418af4d7347c5fcdf,Index Protocol: Curve stETH Exchange Adapter,protocol,,Etherscan label / Index Protocol,https://etherscan.io/accounts/label/index-protocol,community
ethereum,0xa0a98eb7af028be00d04e46e1316808a62a8fd59,Index Protocol: Debt Issuance Module v2,protocol,,Etherscan label / Index Protocol,https://etherscan.io/accounts/label/index-protocol,community
ethereum,0x5c29aa6761803bcfda7f683eaa0ff9bddda3649d,Index Protocol: DeFi Pulse Year 1 Vesting,protocol,,Etherscan label / Index Protocol,https://etherscan.io/accounts/label/index-protocol,community
ethereum,0xce3c6312385fcf233ab0de574b0cb1a588566c3f,Index Protocol: DeFi Pulse Year 2 Vesting,protocol,,Etherscan label / Index Protocol,https://etherscan.io/accounts/label/index-protocol,community
ethereum,0x0f58793e8cf39d6b60919ffaf773a7f95a568146,Index Protocol: DeFi Pulse Year 3 Vesting,protocol,,Etherscan label / Index Protocol,https://etherscan.io/accounts/label/index-protocol,community
ethereum,0xe501d177fe2172e1da8a6d338a44d9f89705ed5c,Index Protocol: Deployer,protocol,,Etherscan label / Index Protocol,https://etherscan.io/accounts/label/index-protocol,community
ethereum,0x37e6365d4f6ae378467b0e24c9065ce5f06d70bf,Index Protocol: Deployer 2,protocol,,Etherscan label / Index Protocol,https://etherscan.io/accounts/label/index-protocol,community
ethereum,0xb93b505ed567982e2b6756177ddd23ab5745f309,Index Protocol: DPI staking rewards v2,protocol,,Etherscan label / Index Protocol,https://etherscan.io/accounts/label/index-protocol,community
ethereum,0xdd111f0fc07f4d89ed6ff96dbab19a61450b8435,Index Protocol: Early Community Rewards,protocol,,Etherscan label / Index Protocol,https://etherscan.io/accounts/label/index-protocol,community
ethereum,0x66a7d781828b03ee1ae678cd3fe2d595ba3b6000,Index Protocol: Index Methodologist Vesting,protocol,,Etherscan label / Index Protocol,https://etherscan.io/accounts/label/index-protocol,community
ethereum,0xd2463675a099101e36d85278494268261a66603a,Index Protocol: Index Protocol Controller,protocol,,Etherscan label / Index Protocol,https://etherscan.io/accounts/label/index-protocol,community
ethereum,0x8f06fba4684b5e0988f215a47775bb611af0f986,Index Protocol: Initial Liquidity Mining Rewards,protocol,,Etherscan label / Index Protocol,https://etherscan.io/accounts/label/index-protocol,community
ethereum,0xb9083dee5e8273e54b9db4c31ba9d4ab7c6b28d3,Index Protocol: Integration Registry,protocol,,Etherscan label / Index Protocol,https://etherscan.io/accounts/label/index-protocol,community
ethereum,0x9467cfadc9de245010df95ec6a585a506a8ad5fc,Index Protocol: MultiSig,protocol,,Etherscan label / Index Protocol,https://etherscan.io/accounts/label/index-protocol,community
ethereum,0x9da9992b5d01bd0efb1ee8310e8011dc837bd476,Index Protocol: Notional Flash Mint,protocol,,Etherscan label / Index Protocol,https://etherscan.io/accounts/label/index-protocol,community
ethereum,0x600d9950c6ecaef98cc42fa207e92397a6c43416,Index Protocol: Notional Trade Module,protocol,,Etherscan label / Index Protocol,https://etherscan.io/accounts/label/index-protocol,community
ethereum,0xf64d061106054fe63b0aca68916266182e77e9bc,Index Protocol: Set Labs Year 1 Vesting,protocol,,Etherscan label / Index Protocol,https://etherscan.io/accounts/label/index-protocol,community
ethereum,0x4c11dfd35a4fe079b41d5d9729ed34c00d487712,Index Protocol: Set Labs Year 2 Vesting,protocol,,Etherscan label / Index Protocol,https://etherscan.io/accounts/label/index-protocol,community
ethereum,0x0d627ca04a97219f182dab0dc2a23fb4a5b02a9d,Index Protocol: Set Labs Year 3 Vesting,protocol,,Etherscan label / Index Protocol,https://etherscan.io/accounts/label/index-protocol,community
ethereum,0x2758bf6af0ec63f1710d3d7890e1c263a247b75e,Index Protocol: Set Token Creator,protocol,,Etherscan label / Index Protocol,https://etherscan.io/accounts/label/index-protocol,community
ethereum,0x165edf07bb61904f47800e13f5120e64c4b9a186,Index Protocol: Streaming Fee Module,protocol,,Etherscan label / Index Protocol,https://etherscan.io/accounts/label/index-protocol,community
ethereum,0x64177fd4dfad1a6cff95e1ebba403bb73c6a8e41,Index Protocol: Synthetix Exchange Adapter,protocol,,Etherscan label / Index Protocol,https://etherscan.io/accounts/label/index-protocol,community
ethereum,0xfaab3f8f3678f68aa0d307b66e71b636f82c28bf,Index Protocol: Trade Module,protocol,,Etherscan label / Index Protocol,https://etherscan.io/accounts/label/index-protocol,community
ethereum,0x462a63d4405a6462b157341a78fd1babfd3f8065,Index Protocol: Treasury,protocol,,Etherscan label / Index Protocol,https://etherscan.io/accounts/label/index-protocol,community
ethereum,0xfafd604d1cc8b6b3b6cc859cf80fd902972371c1,Index Protocol: Treasury Operations,protocol,,Etherscan label / Index Protocol,https://etherscan.io/accounts/label/index-protocol,community
ethereum,0x0f5c21d4929f6f17119f43b0c51e665f12367a19,Index Protocol: Uniswap v2 Exchange Adapter v2,protocol,,Etherscan label / Index Protocol,https://etherscan.io/accounts/label/index-protocol,community
ethereum,0xe6382d2d44402bad8a03f11170032abcf1df1102,Index Protocol: Uniswap v3 Exchange Adapter v2,protocol,,Etherscan label / Index Protocol,https://etherscan.io/accounts/label/index-protocol,community
ethereum,0x1e625d475d2564ece0424d961b1acc7f471afc81,INFINI.CASH (IC$??),protocol,,Etherscan label (octal mirror) / DeFi,https://etherscan.io/accounts/label/defi,community
ethereum,0x21275c1147ebafff90aaa13f9a58bbc61a003371,Infinity Yield (IFY),protocol,,Etherscan label (octal mirror) / DeFi,https://etherscan.io/accounts/label/defi,community
ethereum,0xa0d86735c83f7cea2930ef7257250b7900ce0abd,Inflation Hedge Pool (DVTOP),protocol,,Etherscan label (octal mirror) / DeFi,https://etherscan.io/accounts/label/defi,community
ethereum,0x60bc65e1cca448f98578f8d9f9ab64c3ba70a4c3,InfStones: Lido Node Operator,protocol,,Etherscan label / Lido,https://etherscan.io/accounts/label/lido,community
ethereum,0xbc86727e770de68b1060c91f6bb6945c73e10388,Ink Protocol (XNK),protocol,,Etherscan label / Protocol,https://etherscan.io/accounts/label/protocol,community
ethereum,0xf784682c82526e245f50975190ef0fff4e4fc077,Inlock token (ILK),protocol,,Etherscan label (octal mirror) / DeFi,https://etherscan.io/accounts/label/defi,community
ethereum,0x6f40d4a6237c257fff2db00fa0510deeecd303eb,Instadapp (INST),protocol,,Etherscan label (octal mirror) / DeFi,https://etherscan.io/accounts/label/defi,community
ethereum,0x40a9d39aa50871df092538c5999b107f34409061,Instadapp DAI (iDAI),protocol,,Etherscan label (octal mirror) / DeFi,https://etherscan.io/accounts/label/defi,community
ethereum,0xc383a3833a87009fd9597f8184979af5edfad019,Instadapp ETH (iETH),protocol,,Etherscan label (octal mirror) / DeFi,https://etherscan.io/accounts/label/defi,community
ethereum,0xc8871267e07408b89aa5aecc58adca5e574557f8,Instadapp USDC (iUSDC),protocol,,Etherscan label (octal mirror) / DeFi,https://etherscan.io/accounts/label/defi,community
ethereum,0x939daad09fc4a9b8f8a9352a485dab2df4f4b3f8,InstaDApp: Account,protocol,,Etherscan label / Instadapp,https://etherscan.io/accounts/label/instadapp,community
ethereum,0x627cd0dbd5ee33f8456aa8143acd68a13d641588,InstaDApp: ConnectAuth,protocol,,Etherscan label / Instadapp,https://etherscan.io/accounts/label/instadapp,community
ethereum,0x9370236a085a99aa359f4bd2f0424b8c3bf25c99,InstaDApp: ConnectBasic,protocol,,Etherscan label / Instadapp,https://etherscan.io/accounts/label/instadapp,community
ethereum,0xbb6f35da4f7789d97e04d7eabb81c82da8272792,InstaDApp: ConnectCompound,protocol,,Etherscan label / Instadapp,https://etherscan.io/accounts/label/instadapp,community
ethereum,0x547f1508a2a1ab0cb84dce4b3e09beb560bb44cb,InstaDApp: ConnectCompound 2,protocol,,Etherscan label / Instadapp,https://etherscan.io/accounts/label/instadapp,community
ethereum,0x0a7493f31a23ff79eda30b12e6ba49f011b06e36,InstaDApp: ConnectMaker,protocol,,Etherscan label / Instadapp,https://etherscan.io/accounts/label/instadapp,community
ethereum,0xd6a602c01a023b98ecfb29df02fba380d3b21e0c,InstaDApp: Connectors,protocol,,Etherscan label / Instadapp,https://etherscan.io/accounts/label/instadapp,community
ethereum,0xb579d4f1546d51980499aa96a2e411be3e449197,InstaDApp: Deployer,protocol,,Etherscan label / Instadapp,https://etherscan.io/accounts/label/instadapp,community
ethereum,0x8aab375c1a880c9400371dabf5616d568eba2b47,InstaDApp: Deployer 2,protocol,,Etherscan label / Instadapp,https://etherscan.io/accounts/label/instadapp,community
ethereum,0x2af7ea6cb911035f3eb1ed895cb6692c39ecba97,InstaDApp: Event,protocol,,Etherscan label / Instadapp,https://etherscan.io/accounts/label/instadapp,community
ethereum,0x2971adfa57b20e5a416ae5a708a8655a9c74f723,InstaDApp: Index,protocol,,Etherscan label / Instadapp,https://etherscan.io/accounts/label/instadapp,community
ethereum,0x4c8a1beb8a87765788946d6b19c6c6355194abeb,InstaDApp: List,protocol,,Etherscan label / Instadapp,https://etherscan.io/accounts/label/instadapp,community
ethereum,0x3a306a399085f3460bbcb5b77015ab33806a10d5,InstaDApp: Maker,protocol,,Etherscan label / DeFi,https://etherscan.io/accounts/label/defi,community
ethereum,0x37acfef331e6063c8507c2a69c97b4f78c770a5a,InstaDapp: Maker Compound Bridge,protocol,,Etherscan label / Bridge,https://etherscan.io/accounts/label/bridge,community
ethereum,0xe81f70cc7c0d46e12d70efc60607f16bbd617e88,InstaDApp: Mapping,protocol,,Etherscan label / Instadapp,https://etherscan.io/accounts/label/instadapp,community
ethereum,0x19cb2c0213d9b8b4f1bcdace51bc7e5dbf973cb0,InstaDApp: Mcd Address,protocol,,Etherscan label / Instadapp,https://etherscan.io/accounts/label/instadapp,community
ethereum,0xcf465c552ca5385c1ca0e32cb579cbd123f82856,InstaDApp: Memory,protocol,,Etherscan label / Instadapp,https://etherscan.io/accounts/label/instadapp,community
ethereum,0x8a5419cfc711b2343c17a6abf4b2bafabb06957f,InstaDApp: Memory 2,protocol,,Etherscan label / Instadapp,https://etherscan.io/accounts/label/instadapp,community
ethereum,0x498b3bfabe9f73db90d252bcd4fa9548cd0fd981,InstaDApp: Registry,protocol,,Etherscan label / Instadapp,https://etherscan.io/accounts/label/instadapp,community
ethereum,0x1d29756e8f7b091ce6c11a35980de79c7eda5d1f,InstaDApp: Wallet,protocol,,Etherscan label / Instadapp,https://etherscan.io/accounts/label/instadapp,community
ethereum,0x544c42fbb96b39b21df61cf322b5edc285ee7429,InsurAce (INSUR),protocol,,Etherscan label (octal mirror) / DeFi,https://etherscan.io/accounts/label/defi,community
ethereum,0xaeeb517e65501bcd72399d639a5d993661efeb68,INTDESTCOIN (INTD),protocol,,Etherscan label / Protocol,https://etherscan.io/accounts/label/protocol,community
ethereum,0x7c07f7abe10ce8e33dc6c5ad68fe033085256a84,Interest Compounding ETH Index,protocol,,Etherscan label / Index Protocol,https://etherscan.io/accounts/label/index-protocol,community
ethereum,0xd909c5862cdb164adb949d92622082f0092efc3d,Interest Protocol (IPT),protocol,,Etherscan label (octal mirror) / DeFi,https://etherscan.io/accounts/label/defi,community
ethereum,0x9680223f7069203e361f55fefc89b7c1a952cdcc,Inventory (ITEM),protocol,,Etherscan label (octal mirror) / DeFi,https://etherscan.io/accounts/label/defi,community
ethereum,0x44f262622248027f8e2a8fb1090c4cf85072392c,INVERSE (XIV),protocol,,Etherscan label (octal mirror) / DeFi,https://etherscan.io/accounts/label/defi,community
ethereum,0x8537b194bff354c4738e9f3c81d67e3371dadaf8,IP DAI (ipDAI),protocol,,Etherscan label (octal mirror) / DeFi,https://etherscan.io/accounts/label/defi,community
ethereum,0x9bd2177027edee300dc9f1fb88f24db6e5e1edc6,IP USDT (ipUSDT),protocol,,Etherscan label (octal mirror) / DeFi,https://etherscan.io/accounts/label/defi,community
ethereum,0x1e4746dc744503b53b4a082cb3607b169a289090,IPOR Token (IPOR),protocol,,Etherscan label (octal mirror) / DeFi,https://etherscan.io/accounts/label/defi,community
ethereum,0xfafdf0c4c1cb09d430bf88c75d88bb46dae09967,Iron Bank AUD (ibAUD),protocol,,Etherscan label (octal mirror) / DeFi,https://etherscan.io/accounts/label/defi,community
ethereum,0x96e61422b6a9ba0e068b6c5add4ffabc6a4aae27,Iron Bank EUR,protocol,,Etherscan label / Stablecoin,https://etherscan.io/accounts/label/stablecoin,community
ethereum,0xbb3bf20822507c70eafdf11c7469c98fc752ccca,Iron Bank Fixed Forex: Deployer,protocol,,Etherscan label / Yearn,https://etherscan.io/accounts/label/yearn-finance,community
ethereum,0xa67b44e37200e92e6da6249d8ae6d48f832a038d,Iron Bank: CTokenAdmin,protocol,,Etherscan label / DeFi,https://etherscan.io/accounts/label/defi,community
ethereum,0x8e595470ed749b85c6f7669de83eae304c2ec68f,Iron Bank: cyDAI,protocol,,Etherscan label / DeFi,https://etherscan.io/accounts/label/defi,community
ethereum,0x7736ffb07104c0c400bb0cc9a7c228452a732992,Iron Bank: cyDPI,protocol,,Etherscan label / DeFi,https://etherscan.io/accounts/label/defi,community
ethereum,0xa8caea564811af0e92b1e044f3edd18fa9a73e4f,Iron Bank: cyEURS,protocol,,Etherscan label / DeFi,https://etherscan.io/accounts/label/defi,community
ethereum,0x00e5c0774a5f065c285068170b20393925c84bf3,Iron Bank: cyIBEUR,protocol,,Etherscan label / DeFi,https://etherscan.io/accounts/label/defi,community
ethereum,0xe7bff2da8a2f619c2586fb83938fa56ce803aa16,Iron Bank: cyLINK,protocol,,Etherscan label / DeFi,https://etherscan.io/accounts/label/defi,community
ethereum,0xca55f9c4e77f7b8524178583b0f7c798de17fd54,Iron Bank: cySEUR,protocol,,Etherscan label / DeFi,https://etherscan.io/accounts/label/defi,community
ethereum,0x12a9cc33a980daa74e00cc2d1a0e74c57a93d12c,Iron Bank: cySNX,protocol,,Etherscan label / DeFi,https://etherscan.io/accounts/label/defi,community
ethereum,0xa7c4054afd3dbbbf5bfe80f41862b89ea05c9806,Iron Bank: cySUSD,protocol,,Etherscan label / DeFi,https://etherscan.io/accounts/label/defi,community
ethereum,0x226f3738238932ba0db2319a8117d9555446102f,Iron Bank: cySUSHI,protocol,,Etherscan label / DeFi,https://etherscan.io/accounts/label/defi,community
ethereum,0xfeeb92386a055e2ef7c2b598c872a4047a7db59f,Iron Bank: cyUNI,protocol,,Etherscan label / DeFi,https://etherscan.io/accounts/label/defi,community
ethereum,0x76eb2fe28b36b3ee97f3adae0c69606eedb2a37c,Iron Bank: cyUSDC,protocol,,Etherscan label / DeFi,https://etherscan.io/accounts/label/defi,community
ethereum,0x48759f220ed983db51fa7a8c0d2aab8f3ce4166a,Iron Bank: cyUSDT,protocol,,Etherscan label / DeFi,https://etherscan.io/accounts/label/defi,community
ethereum,0x8fc8bfd80d6a9f17fb98a373023d72531792b431,Iron Bank: cyWBTC,protocol,,Etherscan label / DeFi,https://etherscan.io/accounts/label/defi,community
ethereum,0xfa3472f7319477c9bfecdd66e4b948569e7621b9,Iron Bank: cyYFI,protocol,,Etherscan label / DeFi,https://etherscan.io/accounts/label/defi,community
ethereum,0x21b9e03f995b53c5c6d3f813b43ec8df16681da9,Iron Bank: Flashloan Lender,protocol,,Etherscan label / DeFi,https://etherscan.io/accounts/label/defi,community
ethereum,0x9d960dae0639c95a0c822c9d7769d19d30a430aa,Iron Bank: Guardian,protocol,,Etherscan label / DeFi,https://etherscan.io/accounts/label/defi,community
ethereum,0x30190a3b52b5ab1daf70d46d72536f5171f22340,Iron Bank: iAAVE,protocol,,Etherscan label / DeFi,https://etherscan.io/accounts/label/defi,community
ethereum,0x86bbd9ac8b9b44c95ffc6baae58e25033b7548aa,Iron Bank: iAUD,protocol,,Etherscan label / DeFi,https://etherscan.io/accounts/label/defi,community
ethereum,0x1b3e95e8ecf7a7cab6c4de1b344f94865abd12d5,Iron Bank: iCHF,protocol,,Etherscan label / DeFi,https://etherscan.io/accounts/label/defi,community
ethereum,0xb8c5af54bbdcc61453144cf472a9276ae36109f9,Iron Bank: iCRV,protocol,,Etherscan label / DeFi,https://etherscan.io/accounts/label/defi,community
ethereum,0xecab2c76f1a8359a06fab5fa0ceea51280a97ecf,Iron Bank: iGBP,protocol,,Etherscan label / DeFi,https://etherscan.io/accounts/label/defi,community
ethereum,0x215f34af6557a6598dbda9aa11cc556f5ae264b1,Iron Bank: iJPY,protocol,,Etherscan label / DeFi,https://etherscan.io/accounts/label/defi,community
ethereum,0x3c9f5385c288ce438ed55620938a4b967c080101,Iron Bank: iKRW,protocol,,Etherscan label / DeFi,https://etherscan.io/accounts/label/defi,community
ethereum,0x9e8e207083ffd5bdc3d99a1f32d1e6250869c1a9,Iron Bank: iMIM,protocol,,Etherscan label / DeFi,https://etherscan.io/accounts/label/defi,community
ethereum,0x672473908587b10e65dab177dbaeadcbb30bf40b,Iron Bank: iZAR,protocol,,Etherscan label / DeFi,https://etherscan.io/accounts/label/defi,community
ethereum,0x328a7b4d538a2b3942653a9983fda3c12c571141,Iron Bank: Lens,protocol,,Etherscan label / DeFi,https://etherscan.io/accounts/label/defi,community
ethereum,0xa5fc0bbfcd05827ed582869b7254b6f141ba84eb,Iron Bank: Multisig,protocol,,Etherscan label / DeFi,https://etherscan.io/accounts/label/defi,community
ethereum,0xe4e9f6cfe8ac8c75a3dbef809dbe4fc40e6fdc4b,Iron Bank: PriceOracleProxy,protocol,,Etherscan label / DeFi,https://etherscan.io/accounts/label/defi,community
ethereum,0xab1c342c7bf5ec5f02adea1c2270670bca144cbb,Iron Bank: Unitroller,protocol,,Etherscan label / DeFi,https://etherscan.io/accounts/label/defi,community
ethereum,0x00a35fd824c717879bf370e70ac6868b95870dfb,IronBank (IB),protocol,,Etherscan label (octal mirror) / DeFi,https://etherscan.io/accounts/label/defi,community
ethereum,0x3307c46a1e9633025d2e89658c7502a683585450,iSwap: Ethereum Bridge,protocol,,Etherscan label / Bridge,https://etherscan.io/accounts/label/bridge,community
ethereum,0x89045d0af6a12782ec6f701ee6698beaf17d0ea2,iUPixel (PIXEL),protocol,,Etherscan label (octal mirror) / DeFi,https://etherscan.io/accounts/label/defi,community
ethereum,0x73d7c860998ca3c01ce8c808f5577d94d545d1b4,Ixs Token (IXS),protocol,,Etherscan label (octal mirror) / DeFi,https://etherscan.io/accounts/label/defi,community
ethereum,0x9ad37205d608b8b219e6a2573f922094cec5c200,izumi Token (iZi),protocol,,Etherscan label (octal mirror) / DeFi,https://etherscan.io/accounts/label/defi,community
ethereum,0x7409856cae628f5d578b285b45669b36e7005283,Jarvis Synthetic British Pound,protocol,,Etherscan label / Stablecoin,https://etherscan.io/accounts/label/stablecoin,community
ethereum,0x0f17bc9a994b87b5225cfb6a2cd4d667adb4f20b,Jarvis Synthetic Euro,protocol,,Etherscan label / Stablecoin,https://etherscan.io/accounts/label/stablecoin,community
ethereum,0x53dfea0a8cc2a2a2e425e1c174bc162999723ea0,Jarvis Synthetic Swiss Franc (jCHF),protocol,,Etherscan label (octal mirror) / Stablecoin,https://etherscan.io/accounts/label/stablecoin,community
ethereum,0x935b0bf173552cd55e53ad651a783430a5700cd4,Jax Dollar (JAX DOLLAR),protocol,,Etherscan label (octal mirror) / Stablecoin,https://etherscan.io/accounts/label/stablecoin,community
ethereum,0x88d7fe32284f1dbd398d58222de8dfd87dd75460,JAX RUPEE,protocol,,Etherscan label / Stablecoin,https://etherscan.io/accounts/label/stablecoin,community
ethereum,0x5bb876506dd2473381de0338f0296691ec84461e,JEDFi MultiVerse (JEDFi),protocol,,Etherscan label (octal mirror) / DeFi,https://etherscan.io/accounts/label/defi,community
ethereum,0x939a7a577d93ad29b64c1595b1284ce660a479b9,Jejudoge (JEJUDOGE),protocol,,Etherscan label (octal mirror) / DeFi,https://etherscan.io/accounts/label/defi,community
ethereum,0x1f8a626883d7724dbd59ef51cbd4bf1cf2016d13,Jigstack (STAK),protocol,,Etherscan label (octal mirror) / DeFi,https://etherscan.io/accounts/label/defi,community
ethereum,0x99ab51fd0581116db20bd4cb3df1b53fbd3bae54,JiX Swap (JIX),protocol,,Etherscan label (octal mirror) / DeFi,https://etherscan.io/accounts/label/defi,community
ethereum,0x1368452bfb5cd127971c8de22c58fbe89d35a6bf,JNTR/e (JNTR/e),protocol,,Etherscan label (octal mirror) / DeFi,https://etherscan.io/accounts/label/defi,community
ethereum,0x5a1d63d3e1303e89503f2a1ecb553328f148909d,Jointer: JNTR/e <> JNTR Bridge,protocol,,Etherscan label / Bridge,https://etherscan.io/accounts/label/bridge,community
ethereum,0x1426cc6d52d1b14e2b3b1cb04d57ea42b39c4c7c,Jomon Shiba (JSHIBA),protocol,,Etherscan label (octal mirror) / DeFi,https://etherscan.io/accounts/label/defi,community
ethereum,0x04f062809b244e37e7fdc21d9409469c989c2342,Joyso,protocol,,Etherscan label / DEX,https://etherscan.io/accounts/label/dex,community
ethereum,0xdde12a12a6f67156e0da672be05c374e1b0a3e57,JOYSO (JOY),protocol,,Etherscan label / DEX,https://etherscan.io/accounts/label/dex,community
ethereum,0xac9f31a463f030746cd0117665921c3c7f849d4a,JPYM (JPYM),protocol,,Etherscan label / Stablecoin,https://etherscan.io/accounts/label/stablecoin,community
ethereum,0x3bcd95dac783c2b60c34dbc77a3e7fa1572b8fd0,JUST (JST),protocol,,Etherscan label (octal mirror) / DeFi,https://etherscan.io/accounts/label/defi,community
ethereum,0x69ed89ecd35082e031fe52b75123f801db083306,Kaeri (KAERI),protocol,,Etherscan label (octal mirror) / DeFi,https://etherscan.io/accounts/label/defi,community
ethereum,0xe445e067cb17b62b15f4883b66b69e05ea7b327d,Kagra (KGR),protocol,,Etherscan label (octal mirror) / DeFi,https://etherscan.io/accounts/label/defi,community
ethereum,0x0a2970076268ee75ea4e0e82e1eb3cf7124a1a57,Kagra Bond (KGRb),protocol,,Etherscan label (octal mirror) / DeFi,https://etherscan.io/accounts/label/defi,community
ethereum,0xf2210f65235c2fb391ab8650520237e6378e5c5a,Kaiba DeFi (KAIBA),protocol,,Etherscan label (octal mirror) / DeFi,https://etherscan.io/accounts/label/defi,community
ethereum,0x4550003152f12014558e5ce025707e4dd841100f,Kaizen.Finance (KZEN),protocol,,Etherscan label (octal mirror) / DeFi,https://etherscan.io/accounts/label/defi,community
ethereum,0x54698263f0dc9fea49fc4b158e5e523cad7e56a5,KANVA (KNV),protocol,,Etherscan label (octal mirror) / DeFi,https://etherscan.io/accounts/label/defi,community
ethereum,0xf19ed2025effdb2b22d1376c09b4884f26475dd1,Karma Finance (KFI),protocol,,Etherscan label (octal mirror) / DeFi,https://etherscan.io/accounts/label/defi,community
ethereum,0x24e3794605c84e580eea4972738d633e8a7127c8,Katalyo Token (KTLYO),protocol,,Etherscan label (octal mirror) / DeFi,https://etherscan.io/accounts/label/defi,community
ethereum,0x2e85ae1c47602f7927bcabc2ff99c40aa222ae15,Katana Inu (KATA),protocol,,Etherscan label (octal mirror) / DeFi,https://etherscan.io/accounts/label/defi,community
ethereum,0x491e136ff7ff03e6ab097e54734697bb5802fc1c,Kattana (KTN),protocol,,Etherscan label (octal mirror) / DeFi,https://etherscan.io/accounts/label/defi,community
ethereum,0xa89ac6e529acf391cfbbd377f3ac9d93eae9664e,Keep4r (KP4R),protocol,,Etherscan label (octal mirror) / DeFi,https://etherscan.io/accounts/label/defi,community
ethereum,0x6ad9e8e5236c0e2cf6d755bb7be4eabcbc03f76d,Keep: LPRewardsTBTCv2Saddle,protocol,,Etherscan label / DeFi,https://etherscan.io/accounts/label/defi,community
ethereum,0x68eb4de507c6802d73904a18fb228c7dc2981200,Keep: Stakedrop Escrow,protocol,,Etherscan label / DeFi,https://etherscan.io/accounts/label/defi,community
ethereum,0x8381e623775e7a95e015aab575f734d7be047037,Keep: TBTCv2SaddleRewardsEscrowBeneficiary,protocol,,Etherscan label / DeFi,https://etherscan.io/accounts/label/defi,community
ethereum,0x6a7ef4998eb9d0f706238756949f311a59e05745,Kenysians Network (KEN),protocol,,Etherscan label (octal mirror) / DeFi,https://etherscan.io/accounts/label/defi,community
ethereum,0xc7ce7cf0bdbcb4c02a4b5f5fa960b34fdc378acb,Kernum (KRN),protocol,,Etherscan label (octal mirror) / DeFi,https://etherscan.io/accounts/label/defi,community
ethereum,0x049e119413ab1f1b0fd836e657e3e4ba3ad9cab8,KESEF.FINANCE (KSF),protocol,,Etherscan label (octal mirror) / DeFi,https://etherscan.io/accounts/label/defi,community
ethereum,0x94aa0b1724242ea98e17ed987bbb1b8aff20a16c,KeyChain (KYC),protocol,,Etherscan label (octal mirror) / DeFi,https://etherscan.io/accounts/label/defi,community
ethereum,0xb8647e90c0645152fccf4d9abb6b59eb4aa99052,KeyFi Token (KEYFI),protocol,,Etherscan label (octal mirror) / DeFi,https://etherscan.io/accounts/label/defi,community
ethereum,0x182f4c4c97cd1c24e1df8fc4c053e5c47bf53bef,keyTango Token (TANGO),protocol,,Etherscan label (octal mirror) / DeFi,https://etherscan.io/accounts/label/defi,community
ethereum,0x6a9f57a6f362d4c0f5dcec23c7cae3794421b8c5,Khaos (KHX),protocol,,Etherscan label / Stablecoin,https://etherscan.io/accounts/label/stablecoin,community
ethereum,0x4f6103bad230295bacf30f914fda7d4273b7f585,Ki (XKI),protocol,,Etherscan label (octal mirror) / DeFi,https://etherscan.io/accounts/label/defi,community
ethereum,0x2c50ba1ed5e4574c1b613b044bd1876f0b0b87a9,Kids Cash (KASH),protocol,,Etherscan label (octal mirror) / DeFi,https://etherscan.io/accounts/label/defi,community
ethereum,0x7162469321ae5880f077d250b626f3271b21b903,KillSwitchToken (KSW),protocol,,Etherscan label (octal mirror) / DeFi,https://etherscan.io/accounts/label/defi,community
ethereum,0x7705c572d9cc824fba4e4efb40f00916534396d9,KimchiSwap (KSWAP),protocol,,Etherscan label / DEX,https://etherscan.io/accounts/label/dex,community
ethereum,0xcbfef8fdd706cde6f208460f2bf39aa9c785f05d,Kine Governance Token (KINE),protocol,,Etherscan label (octal mirror) / DeFi,https://etherscan.io/accounts/label/defi,community
ethereum,0xd2057d71fe3f5b0dc1e3e7722940e1908fc72078,KingToken ($KING),protocol,,Etherscan label / DEX,https://etherscan.io/accounts/label/dex,community
ethereum,0x538b4b507d57bf9ebd8847ec395b7b061c150181,kKUSH (kKUSH),protocol,,Etherscan label (octal mirror) / DeFi,https://etherscan.io/accounts/label/defi,community
ethereum,0xa67e9f021b9d208f7e3365b2a155e3c55b27de71,KleeKai (KLEE),protocol,,Etherscan label (octal mirror) / DeFi,https://etherscan.io/accounts/label/defi,community
ethereum,0x7c3e3eae4d893d11c61e74d5187c962ba5744a3b,Kokoswap Token (KOKO),protocol,,Etherscan label (octal mirror) / DeFi,https://etherscan.io/accounts/label/defi,community
ethereum,0x850aab69f0e0171a9a49db8be3e71351c8247df4,Konomi (KONO),protocol,,Etherscan label (octal mirror) / DeFi,https://etherscan.io/accounts/label/defi,community
ethereum,0xd0d42005e7b3c0812b1268f0e5faf97ff2423651,KOROMARU (KOROMARU),protocol,,Etherscan label (octal mirror) / DeFi,https://etherscan.io/accounts/label/defi,community
ethereum,0x9bde098be22658d057c3f1f185e3fd4653e2fbd1,KP2R.Network (KP2R),protocol,,Etherscan label (octal mirror) / DeFi,https://etherscan.io/accounts/label/defi,community
ethereum,0x4180ce5a616e75512fd9df0bd896ac955c64a246,Krakin't (KRK),protocol,,Etherscan label (octal mirror) / DeFi,https://etherscan.io/accounts/label/defi,community
ethereum,0xaefad686f4b894ce4f9c74af755ab4651e420eba,Krisper (KRP),protocol,,Etherscan label (octal mirror) / DeFi,https://etherscan.io/accounts/label/defi,community
ethereum,0x3af33bef05c2dcb3c7288b77fe1c8d2aeba4d789,Kromatika (KROM),protocol,,Etherscan label / DEX,https://etherscan.io/accounts/label/dex,community
ethereum,0x1569c87c32cd686e480428741def64f28e542854,kronoschain.app (KSC),protocol,,Etherscan label (octal mirror) / DeFi,https://etherscan.io/accounts/label/defi,community
ethereum,0x4cc8486f2f3dce2d3b5e27057cf565e16906d12d,KRW Gluwacoin,protocol,,Etherscan label / Stablecoin,https://etherscan.io/accounts/label/stablecoin,community
ethereum,0x3c6cfbdaf0a04fc257b185bf98934a12124fe8d0,KRWQ Stablecoin by Q DAO v1.0,protocol,,Etherscan label / Stablecoin,https://etherscan.io/accounts/label/stablecoin,community
ethereum,0x8845d7f2bbfe82249c3b95e378a6ed039dd953f5,Kukis Global: Lido Node Operator,protocol,,Etherscan label / Lido,https://etherscan.io/accounts/label/lido,community
ethereum,0xb96afad41789b4225d1283f9bc25f9e2c9fe40ee,KungfuSwap (KUNGFU),protocol,,Etherscan label / DEX,https://etherscan.io/accounts/label/dex,community
ethereum,0x286c0936c7eaf6651099ab5dab9ee5a6cb5d229d,Kwikswap (KWIK),protocol,,Etherscan label / DEX,https://etherscan.io/accounts/label/dex,community
ethereum,0x29483d288845aa883693cff207cd02b828b6177c,Kyber Network: Deployer,protocol,,Etherscan label / KyberSwap,https://etherscan.io/accounts/label/kyberswap,community
ethereum,0x9fb131efbac23b735d7764ab12f9e52cc68401ca,Kyber Network: Fee Handler 2,protocol,,Etherscan label / KyberSwap,https://etherscan.io/accounts/label/kyberswap,community
ethereum,0x7ec8fcc26be7e9e85b57e73083e5fe0550d8a7fe,Kyber Network: Governance,protocol,,Etherscan label / KyberSwap,https://etherscan.io/accounts/label/kyberswap,community
ethereum,0xdefa4e8a7bcba345f687a2f1456f5edd9ce97202,Kyber Network: KNC Token,protocol,,Etherscan label / KyberSwap,https://etherscan.io/accounts/label/kyberswap,community
ethereum,0x6758a66cd25fef7767a44895041678fc4ae9afd0,Kyber Network: Long Executor,protocol,,Etherscan label / KyberSwap,https://etherscan.io/accounts/label/kyberswap,community
ethereum,0x31de05f28568e3d3d612bfa6a78b356676367470,Kyber Network: Rainmaker,protocol,,Etherscan label / KyberSwap,https://etherscan.io/accounts/label/kyberswap,community
ethereum,0x5ec0dcf4f6f55f28550c70b854082993fdc0d3b2,Kyber Network: Reward Distributor,protocol,,Etherscan label / KyberSwap,https://etherscan.io/accounts/label/kyberswap,community
ethereum,0x41f5d722e6471c338392884088bd03340f50b3b5,Kyber Network: Short Executor,protocol,,Etherscan label / KyberSwap,https://etherscan.io/accounts/label/kyberswap,community
ethereum,0xeadb96f1623176144eba2b24e35325220972b3bd,Kyber Network: Staking 2,protocol,,Etherscan label / KyberSwap,https://etherscan.io/accounts/label/kyberswap,community
ethereum,0x0e590bb5f02a0c38888bffb45dee050b8fb60bda,Kyber Network: Treasury,protocol,,Etherscan label / KyberSwap,https://etherscan.io/accounts/label/kyberswap,community
ethereum,0xfbd73581af42b26295cf4b88b74a5af71f209f8b,Kyber Network: Voting Power Strategy,protocol,,Etherscan label / KyberSwap,https://etherscan.io/accounts/label/kyberswap,community
ethereum,0x1fc3607fa67b58deddb0faf7a116f417a20c551c,Kyber: Aggregation Router,protocol,,Etherscan label / KyberSwap,https://etherscan.io/accounts/label/kyberswap,community
ethereum,0x65bf64ff5f51272f729bdcd7acfb00677ced86cd,Kyber: Contract,protocol,,Etherscan label / KyberSwap,https://etherscan.io/accounts/label/kyberswap,community
ethereum,0x7c66550c9c730b6fdd4c03bc2e73c5462c5f7acc,Kyber: Contract 2,protocol,,Etherscan label / KyberSwap,https://etherscan.io/accounts/label/kyberswap,community
ethereum,0x798abda6cc246d0edba912092a2a3dbd3d11191b,Kyber: Conversion Rates,protocol,,Etherscan label / KyberSwap,https://etherscan.io/accounts/label/kyberswap,community
ethereum,0x49bdd8854481005bba4acebabf6e06cd5f6312e9,Kyber: DAO,protocol,,Etherscan label / KyberSwap,https://etherscan.io/accounts/label/kyberswap,community
ethereum,0x8007ce15acda724689760b4ba493d4766f973649,Kyber: Deployer,protocol,,Etherscan label / KyberSwap,https://etherscan.io/accounts/label/kyberswap,community
ethereum,0xe79bc2c998ff2a154ae35bb7ce68555e7fc94ef9,Kyber: Deployer 2,protocol,,Etherscan label / KyberSwap,https://etherscan.io/accounts/label/kyberswap,community
ethereum,0xbdd33f411da0b40018922a3bc69001b458227f5c,Kyber: Deployer 3,protocol,,Etherscan label / KyberSwap,https://etherscan.io/accounts/label/kyberswap,community
ethereum,0x346fbe5d02c89fb4599f33bdce987981d573740a,Kyber: Deployer 4,protocol,,Etherscan label / KyberSwap,https://etherscan.io/accounts/label/kyberswap,community
ethereum,0x61639d6ec06c13a96b5eb9560b359d7c648c7759,Kyber: DMM ETH-KNC,protocol,,Etherscan label / KyberSwap,https://etherscan.io/accounts/label/kyberswap,community
ethereum,0xce9874c42dce7fffbe5e48b026ff1182733266cb,Kyber: DMM ETH-USDT,protocol,,Etherscan label / KyberSwap,https://etherscan.io/accounts/label/kyberswap,community
ethereum,0xa97642500517c728ce1339a466de0f10c19034cd,Kyber: DMM REQ-ETH,protocol,,Etherscan label / KyberSwap,https://etherscan.io/accounts/label/kyberswap,community
ethereum,0x306121f1344ac5f84760998484c0176d7bfb7134,Kyber: DMM USDC-USDT,protocol,,Etherscan label / KyberSwap,https://etherscan.io/accounts/label/kyberswap,community
ethereum,0x1cf68bbc2b6d3c6cfe1bd3590cf0e10b06a05f17,Kyber: DMM WBTC-ETH,protocol,,Etherscan label / KyberSwap,https://etherscan.io/accounts/label/kyberswap,community
ethereum,0xd343d5dba2fba55eef58189619c05e33cab95ca1,Kyber: DMM WBTC-USDT,protocol,,Etherscan label / KyberSwap,https://etherscan.io/accounts/label/kyberswap,community
ethereum,0x1982131c7d6959ff7768ee39c023ad002d8c9759,Kyber: ENS Resolver,protocol,,Etherscan label / KyberSwap,https://etherscan.io/accounts/label/kyberswap,community
ethereum,0x8007aa43792a392b221dc091bdb2191e5ff626d1,Kyber: Fee Burner,protocol,,Etherscan label / KyberSwap,https://etherscan.io/accounts/label/kyberswap,community
ethereum,0xd3d2b5643e506c6d9b7099e9116d7aaa941114fe,Kyber: Fee Handler,protocol,,Etherscan label / KyberSwap,https://etherscan.io/accounts/label/kyberswap,community
ethereum,0xfce10cbf5171dc12c215bbcca5dd75cbaea72506,Kyber: KGT Token,protocol,,Etherscan label (octal mirror) / KyberSwap,https://etherscan.io/accounts/label/kyberswap,community
ethereum,0x97d7126b6ff7c4d95601912f4cdf790a3cd1edab,Kyber: Liquidity Conversion Rates,protocol,,Etherscan label / KyberSwap,https://etherscan.io/accounts/label/kyberswap,community
ethereum,0xa1c0fa73c39cfbcc11ec9eb1afc665aba9996e2c,Kyber: Matching Engine,protocol,,Etherscan label / KyberSwap,https://etherscan.io/accounts/label/kyberswap,community
ethereum,0x3eb01b3391ea15ce752d01cf3d3f09dec596f650,Kyber: MultiSig,protocol,,Etherscan label / KyberSwap,https://etherscan.io/accounts/label/kyberswap,community
ethereum,0x2fd6181541bebe30d17cf3a5d9f40ebcecbdba43,Kyber: MultiSig 2,protocol,,Etherscan label / KyberSwap,https://etherscan.io/accounts/label/kyberswap,community
ethereum,0x094c875704c14783049ddf8136e298b3a099c446,Kyber: Promotion Token,protocol,,Etherscan label / KyberSwap,https://etherscan.io/accounts/label/kyberswap,community
ethereum,0x818e6fecd516ecc3849daf6845e3ec868087b755,Kyber: Proxy,protocol,,Etherscan label / KyberSwap,https://etherscan.io/accounts/label/kyberswap,community
ethereum,0x9aab3f75489902f3a48495025729a0af77d4b11e,Kyber: Proxy 2,protocol,,Etherscan label / KyberSwap,https://etherscan.io/accounts/label/kyberswap,community
ethereum,0x63825c174ab367968ec60f061753d3bbd36a0d8f,Kyber: Reserve,protocol,,Etherscan label / KyberSwap,https://etherscan.io/accounts/label/kyberswap,community
ethereum,0x7a3370075a54b187d7bd5dcebf0ff2b5552d4f7d,Kyber: Reserve 2,protocol,,Etherscan label / KyberSwap,https://etherscan.io/accounts/label/kyberswap,community
ethereum,0x00cd2388c86c960a646d640be44fc8f83b78cec9,Kyber: Reserve 2KEY,protocol,,Etherscan label / KyberSwap,https://etherscan.io/accounts/label/kyberswap,community
ethereum,0x485c4ec93d18ebd16623d455567886475ae28d04,Kyber: Reserve 3,protocol,,Etherscan label / KyberSwap,https://etherscan.io/accounts/label/kyberswap,community
ethereum,0x3e9ffba3c3eb91f501817b031031a71de2d3163b,Kyber: Reserve ABYSS,protocol,,Etherscan label / KyberSwap,https://etherscan.io/accounts/label/kyberswap,community
ethereum,0x977c9abb01ed3e99e9953fd1f472ae9f459e7e70,Kyber: Reserve AMPL,protocol,,Etherscan label / KyberSwap,https://etherscan.io/accounts/label/kyberswap,community
ethereum,0x0994c18ed0c328f38d2c451b2a2e1ceb1ae6a812,Kyber: Reserve ANT,protocol,,Etherscan label / KyberSwap,https://etherscan.io/accounts/label/kyberswap,community
ethereum,0x302b35bd0b01312ec2652783c04955d7200c3d9b,Kyber: Reserve BAM,protocol,,Etherscan label / KyberSwap,https://etherscan.io/accounts/label/kyberswap,community
ethereum,0xb06cf173da7e297aa6268139c7cb67c53d8e4f90,Kyber: Reserve BAND,protocol,,Etherscan label / KyberSwap,https://etherscan.io/accounts/label/kyberswap,community
ethereum,0x1fe867bfe9cbe0045467605b959a355223e3885d,Kyber: Reserve BNT,protocol,,Etherscan label / KyberSwap,https://etherscan.io/accounts/label/kyberswap,community
ethereum,0x08030715560a146e306b87ca93fd618bb2a80363,Kyber: Reserve BTU,protocol,,Etherscan label / KyberSwap,https://etherscan.io/accounts/label/kyberswap,community
ethereum,0xad84a44a673be4fdcd5e39ebd15ebc404e87f314,Kyber: Reserve CND,protocol,,Etherscan label / KyberSwap,https://etherscan.io/accounts/label/kyberswap,community
ethereum,0x4e6d0f492fd139151de4728cac47dace56c56af4,Kyber: Reserve EKG,protocol,,Etherscan label / KyberSwap,https://etherscan.io/accounts/label/kyberswap,community
ethereum,0x0232ba609782cea145ec3663f52cf7aeb4ac773c,Kyber: Reserve eQUAD,protocol,,Etherscan label / KyberSwap,https://etherscan.io/accounts/label/kyberswap,community
ethereum,0xcf1394c5e2e879969fdb1f464ce1487147863dcb,Kyber: Reserve Eth2Dai,protocol,,Etherscan label / KyberSwap,https://etherscan.io/accounts/label/kyberswap,community
ethereum,0x1e158c0e93c30d24e918ef83d1e0be23595c3c0f,Kyber: Reserve Eth2Dai 2,protocol,,Etherscan label / KyberSwap,https://etherscan.io/accounts/label/kyberswap,community
ethereum,0x2485a4e3dd95a3ef445b786acf7bacc5c99986f7,Kyber: Reserve GDC,protocol,,Etherscan label / KyberSwap,https://etherscan.io/accounts/label/kyberswap,community
ethereum,0xaa14dcaa0adbe79cbf00edc6cc4ed17ed39240ac,Kyber: Reserve GEN,protocol,,Etherscan label / KyberSwap,https://etherscan.io/accounts/label/kyberswap,community
ethereum,0x05461124c86c0ad7c5d8e012e1499fd9109ffb7d,Kyber: Reserve GNO,protocol,,Etherscan label / KyberSwap,https://etherscan.io/accounts/label/kyberswap,community
ethereum,0x3e59c69952a4cfeaf653eedf8ff907d4b6b8762d,Kyber: Reserve KEY,protocol,,Etherscan label / KyberSwap,https://etherscan.io/accounts/label/kyberswap,community
ethereum,0x607d7751d9f4845c5a1de9eed39c56f4fc0f855d,Kyber: Reserve KNC,protocol,,Etherscan label / KyberSwap,https://etherscan.io/accounts/label/kyberswap,community
ethereum,0x2ed6f2bc006da5897a0c3cd2686283c05e50c573,Kyber: Reserve MET,protocol,,Etherscan label / KyberSwap,https://etherscan.io/accounts/label/kyberswap,community
ethereum,0x55a8fda671a257b80258d2a03abd6e0e1e3dbe79,Kyber: Reserve MFG,protocol,,Etherscan label / KyberSwap,https://etherscan.io/accounts/label/kyberswap,community
ethereum,0xb45c8956a080d336934cee52a35d4dbabf025b6f,Kyber: Reserve MKR,protocol,,Etherscan label / KyberSwap,https://etherscan.io/accounts/label/kyberswap,community
ethereum,0xa33c7c22d0bb673c2aea2c048bb883b679fa1be9,Kyber: Reserve MLN,protocol,,Etherscan label / KyberSwap,https://etherscan.io/accounts/label/kyberswap,community
ethereum,0x1833ad67362249823515b59a8aa8b4f6b4358d1b,Kyber: Reserve MYB,protocol,,Etherscan label / KyberSwap,https://etherscan.io/accounts/label/kyberswap,community
ethereum,0xb89f41cd2c8b6cba8b851289198b06be8b4dec65,Kyber: Reserve OGN,protocol,,Etherscan label / KyberSwap,https://etherscan.io/accounts/label/kyberswap,community
ethereum,0x0ce59e811024c4aa040389fb8917dd9edaef1693,Kyber: Reserve pBTC,protocol,,Etherscan label / KyberSwap,https://etherscan.io/accounts/label/kyberswap,community
ethereum,0x71eb6edf770b25fcd60ad9790aa20c422f0f4a0d,Kyber: Reserve PLR,protocol,,Etherscan label / KyberSwap,https://etherscan.io/accounts/label/kyberswap,community
ethereum,0x10db2a136ee3e0c963d82af4c86ca483199f2816,Kyber: Reserve PNK,protocol,,Etherscan label / KyberSwap,https://etherscan.io/accounts/label/kyberswap,community
ethereum,0x89b3f60a17789aa7c7061af6f5e9efa407153c03,Kyber: Reserve PNT,protocol,,Etherscan label / KyberSwap,https://etherscan.io/accounts/label/kyberswap,community
ethereum,0x773a58c0ae122f56d6747bc1264f00174b3144c3,Kyber: Reserve QNT,protocol,,Etherscan label / KyberSwap,https://etherscan.io/accounts/label/kyberswap,community
ethereum,0x751eea622edd1e3d768c18afbcaec7dce7750c65,Kyber: Reserve RAE,protocol,,Etherscan label / KyberSwap,https://etherscan.io/accounts/label/kyberswap,community
ethereum,0x45eb33d008801d547990caf3b63b4f8ae596ea57,Kyber: Reserve REN,protocol,,Etherscan label / KyberSwap,https://etherscan.io/accounts/label/kyberswap,community
ethereum,0x23fe3c603be19d3a1155766358071cacefe14537,Kyber: Reserve REQ,protocol,,Etherscan label / KyberSwap,https://etherscan.io/accounts/label/kyberswap,community
ethereum,0x0b798b89155ea31f1312791b9fdfaae7c5f48460,Kyber: Reserve RSR,protocol,,Etherscan label / KyberSwap,https://etherscan.io/accounts/label/kyberswap,community
ethereum,0x141104687b51985d6210eb4b398f1dc5b5b9e9f5,Kyber: Reserve RSV,protocol,,Etherscan label / KyberSwap,https://etherscan.io/accounts/label/kyberswap,community
ethereum,0xa9742ee9a5407f4c2f8a49f65e3a440f3694960a,Kyber: Reserve SAN,protocol,,Etherscan label / KyberSwap,https://etherscan.io/accounts/label/kyberswap,community
ethereum,0xa107dfa919c3f084a7893a260b99586981beb528,Kyber: Reserve SNX,protocol,,Etherscan label / KyberSwap,https://etherscan.io/accounts/label/kyberswap,community
ethereum,0x8ea5cf9f61824e8a3ca8aa370ab37e0202b2cc7d,Kyber: Reserve SPIKE,protocol,,Etherscan label / KyberSwap,https://etherscan.io/accounts/label/kyberswap,community
ethereum,0x6b84dbd29643294703dbabf8ed97cdef74edd227,Kyber: Reserve SPN,protocol,,Etherscan label / KyberSwap,https://etherscan.io/accounts/label/kyberswap,community
ethereum,0x4cb01bd05e4652cbb9f312ae604f4549d2bf2c99,Kyber: Reserve sUSD,protocol,,Etherscan label / KyberSwap,https://etherscan.io/accounts/label/kyberswap,community
ethereum,0x3480e12b6c2438e02319e34b4c23770679169190,Kyber: Reserve TKN,protocol,,Etherscan label / KyberSwap,https://etherscan.io/accounts/label/kyberswap,community
ethereum,0xe96b41af3da574a991582dc54cc35535550a3f8d,Kyber: Reserve TRYb,protocol,,Etherscan label / KyberSwap,https://etherscan.io/accounts/label/kyberswap,community
ethereum,0xfe06bc8bc12595c1c871ff7c2ea9cadc42735d7d,Kyber: Reserve UBT,protocol,,Etherscan label / KyberSwap,https://etherscan.io/accounts/label/kyberswap,community
ethereum,0x31e085afd48a1d6e51cc193153d625e8f0514c7f,Kyber: Reserve Uniswap,protocol,,Etherscan label / KyberSwap,https://etherscan.io/accounts/label/kyberswap,community
ethereum,0x10908c875d865c66f271f5d3949848971c9595c9,Kyber: Reserve Uniswap V2,protocol,,Etherscan label / KyberSwap,https://etherscan.io/accounts/label/kyberswap,community
ethereum,0x7e2fd015616263add31a2acc2a437557cee80fc4,Kyber: Reserve UPP,protocol,,Etherscan label / KyberSwap,https://etherscan.io/accounts/label/kyberswap,community
ethereum,0x1670dfb52806de7789d5cf7d5c005cf7083f9a5d,Kyber: Reserve USDC,protocol,,Etherscan label / KyberSwap,https://etherscan.io/accounts/label/kyberswap,community
ethereum,0x9e3db227cf04fbf8ac180bf8b6acd64cd0420d32,Kyber: Reserve USDT,protocol,,Etherscan label / KyberSwap,https://etherscan.io/accounts/label/kyberswap,community
ethereum,0x57f8160e1c59d16c01bbe181fd94db4e56b60495,Kyber: Reserve WETH,protocol,,Etherscan label / KyberSwap,https://etherscan.io/accounts/label/kyberswap,community
ethereum,0x0d8c194e877af78bea7d1a7b00f593aeed7be709,Kyber: SNX Pricing,protocol,,Etherscan label / KyberSwap,https://etherscan.io/accounts/label/kyberswap,community
ethereum,0xecf0bdb7b3f349abfd68c3563678124c5e8aaea3,Kyber: Staking,protocol,,Etherscan label / KyberSwap,https://etherscan.io/accounts/label/kyberswap,community
ethereum,0xc8fb12402cb16970f3c5f4b48ff68eb9d1289301,Kyber: Storage,protocol,,Etherscan label / KyberSwap,https://etherscan.io/accounts/label/kyberswap,community
ethereum,0xf236f3eda58287664526ad5c99712d3c1040c759,Kyber: sUSD Pricing,protocol,,Etherscan label / KyberSwap,https://etherscan.io/accounts/label/kyberswap,community
ethereum,0xd6cd31f283d24cfb442cba1bcf42290c07c15792,Kyber: Token Sale,protocol,,Etherscan label / KyberSwap,https://etherscan.io/accounts/label/kyberswap,community
ethereum,0xfdf28bf25779ed4ca74e958d54653260af604c20,Kyber: WBTC Merchant Deposit Address,protocol,,Etherscan label / KyberSwap,https://etherscan.io/accounts/label/kyberswap,community
ethereum,0xe6a7338cba0a1070adfb22c07115299605454713,KyberDAO Operator Multisig,protocol,,Etherscan label / KyberSwap,https://etherscan.io/accounts/label/kyberswap,community
ethereum,0xdf1a1b60f2d438842916c0adc43748768353ec25,KyberSwap: Aggregation Router 2,protocol,,Etherscan label / DEX,https://etherscan.io/accounts/label/dex,community
ethereum,0xe222fbe074a436145b255442d919e4e3a6c6a480,KyberSwap: Elastic Anti-Snipping Position Manager,protocol,,Etherscan label / KyberSwap,https://etherscan.io/accounts/label/kyberswap,community
ethereum,0xc7a590291e07b9fe9e64b86c58fd8fc764308c4a,KyberSwap: Elastic Factory,protocol,,Etherscan label / KyberSwap,https://etherscan.io/accounts/label/kyberswap,community
ethereum,0x5f1dddbf348ac2fbe22a163e30f99f9ece3dd50a,KyberSwap: Elastic Legacy Factory,protocol,,Etherscan label / KyberSwap,https://etherscan.io/accounts/label/kyberswap,community
ethereum,0xda474537ce9b687b78b236452a05631f09b6eb6a,KyberSwap: Elastic Legacy Position Desc,protocol,,Etherscan label / KyberSwap,https://etherscan.io/accounts/label/kyberswap,community
ethereum,0x8abd8c92f1901cf204590c16b5ef690a35b3741e,KyberSwap: Elastic Legacy Position Desc Proxy,protocol,,Etherscan label / KyberSwap,https://etherscan.io/accounts/label/kyberswap,community
ethereum,0x2b1c7b41f6a8f2b2bc45c3233a5d5fb3cd6dc9a8,KyberSwap: Elastic Legacy Position Manager,protocol,,Etherscan label / KyberSwap,https://etherscan.io/accounts/label/kyberswap,community
ethereum,0x0d125c15d54ca1f8a813c74a81aee34ebb508c1f,KyberSwap: Elastic Legacy Quoter V2,protocol,,Etherscan label / KyberSwap,https://etherscan.io/accounts/label/kyberswap,community
ethereum,0xc1e7dfe73e1598e3910ef4c7845b68a9ab6f4c83,KyberSwap: Elastic Legacy Router,protocol,,Etherscan label / KyberSwap,https://etherscan.io/accounts/label/kyberswap,community
ethereum,0xb85ebe2e4ea27526f817ff33fb55fb240057c03f,KyberSwap: Elastic Liquidity Mining,protocol,,Etherscan label / KyberSwap,https://etherscan.io/accounts/label/kyberswap,community
ethereum,0x5c503d4b7de0633f031229bbaa6a5e4a31cc35d8,KyberSwap: Elastic Liquidity Mining 2,protocol,,Etherscan label / KyberSwap,https://etherscan.io/accounts/label/kyberswap,community
ethereum,0x98565fcad2080c5c19c3136fa367ce371cd40bd6,KyberSwap: Elastic Position Desc,protocol,,Etherscan label / KyberSwap,https://etherscan.io/accounts/label/kyberswap,community
ethereum,0x58f1d0f9bff9d695010c92fb93d100cef5113f3e,KyberSwap: Elastic Position Desc Proxy,protocol,,Etherscan label / KyberSwap,https://etherscan.io/accounts/label/kyberswap,community
ethereum,0x4d47fd5a29904dae0ef51b1c450c9750f15d7856,KyberSwap: Elastic Quoter V2,protocol,,Etherscan label / KyberSwap,https://etherscan.io/accounts/label/kyberswap,community
ethereum,0xf9c2b5746c946ef883ab2660bbbb1f10a5bdeab4,KyberSwap: Elastic Router,protocol,,Etherscan label / KyberSwap,https://etherscan.io/accounts/label/kyberswap,community
ethereum,0xd7ab1699280980e756c446769b4c0f04550f88c9,KyberSwap: Elastic Tick Fees Reader,protocol,,Etherscan label / KyberSwap,https://etherscan.io/accounts/label/kyberswap,community
ethereum,0x8fd8cb948965d9305999d767a02bf79833eadbb3,KyberSwap: Elastic Ticks Fees Reader,protocol,,Etherscan label / KyberSwap,https://etherscan.io/accounts/label/kyberswap,community
ethereum,0x35be3f4fd8239a35a7f120756d4d69e5c5e10870,KyberSwap: ElasticLM Helper,protocol,,Etherscan label / KyberSwap,https://etherscan.io/accounts/label/kyberswap,community
ethereum,0x7d5ba536ab244aaa1ea42ab88428847f25e3e676,KyberSwap: ElasticLMv1,protocol,,Etherscan label / KyberSwap,https://etherscan.io/accounts/label/kyberswap,community
ethereum,0x833e4083b7ae46cea85695c4f7ed25cdad8886de,KyberSwap: Factory,protocol,,Etherscan label / KyberSwap,https://etherscan.io/accounts/label/kyberswap,community
ethereum,0xc93239b33239a901143e15473e4a852a0d92c53b,KyberSwap: Fair Launch 2,protocol,,Etherscan label / KyberSwap,https://etherscan.io/accounts/label/kyberswap,community
ethereum,0x1c758af0688502e49140230f6b0ebd376d429be5,KyberSwap: KSFactory,protocol,,Etherscan label / KyberSwap,https://etherscan.io/accounts/label/kyberswap,community
ethereum,0x5649b4dd00780e99bab7abb4a3d581ea1aeb23d0,KyberSwap: KSRouter,protocol,,Etherscan label / KyberSwap,https://etherscan.io/accounts/label/kyberswap,community
ethereum,0x227b0c196ea8db17a665ea6824d972a64202e936,KyberSwap: Limit Order,protocol,,Etherscan label / KyberSwap,https://etherscan.io/accounts/label/kyberswap,community
ethereum,0x617dee16b86534a5d792a4d7a62fb491b544111e,KyberSwap: Meta Aggregation Router,protocol,,Etherscan label / KyberSwap,https://etherscan.io/accounts/label/kyberswap,community
ethereum,0x6131b5fae19ea4f9d964eac0408e4408b66337b5,KyberSwap: Meta Aggregation Router v2,protocol,,Etherscan label / DEX,https://etherscan.io/accounts/label/dex,community
ethereum,0x6a65e062ce8290007301296f3c6ae446af7bdeec,KyberSwap: Migrator,protocol,,Etherscan label / KyberSwap,https://etherscan.io/accounts/label/kyberswap,community
ethereum,0xfab5186a194588f5ad5074bd52659302906b4522,Kyberswap: Reward Locker,protocol,,Etherscan label / KyberSwap,https://etherscan.io/accounts/label/kyberswap,community
ethereum,0x1c87257f5e8609940bc751a07bb085bb7f8cdbe6,KyberSwap: Router,protocol,,Etherscan label / KyberSwap,https://etherscan.io/accounts/label/kyberswap,community
ethereum,0xfaf9b1cbcaf4321ae834335c8ba50b170cf836e7,Kylin Network (KYL),protocol,,Etherscan label (octal mirror) / DeFi,https://etherscan.io/accounts/label/defi,community
ethereum,0x6da11821ac676d7ef8b31b2ace5d025429f5af44,LamboToken (LAMBO),protocol,,Etherscan label (octal mirror) / DeFi,https://etherscan.io/accounts/label/defi,community
ethereum,0x3942b4dab270b85f20c7d40178862cb7b877edc8,Lampgram (LAM),protocol,,Etherscan label (octal mirror) / DeFi,https://etherscan.io/accounts/label/defi,community
ethereum,0x57286f7157c7958802766b069ffdbe569514f910,Lands Of The Meta ($LANDS),protocol,,Etherscan label (octal mirror) / DeFi,https://etherscan.io/accounts/label/defi,community
ethereum,0x79a06acb8bdd138beeecce0f1605971f3ac7c09b,LASREVER ($LSVR),protocol,,Etherscan label (octal mirror) / DeFi,https://etherscan.io/accounts/label/defi,community
ethereum,0xa393473d64d2f9f026b60b6df7859a689715d092,Lattice Token (LTX),protocol,,Etherscan label (octal mirror) / DeFi,https://etherscan.io/accounts/label/defi,community
ethereum,0x6149c26cd2f7b5ccdb32029af817123f6e37df5b,Launchpool token (LPOOL),protocol,,Etherscan label (octal mirror) / DeFi,https://etherscan.io/accounts/label/defi,community
ethereum,0x50002cdfe7ccb0c41f519c6eb0653158d11cd907,Layer Zero: Aptos Bridge,protocol,,Etherscan label / Bridge,https://etherscan.io/accounts/label/bridge,community
ethereum,0xf86fd6735f88d5b6aa709b357ad5be22cedf1a05,Layer2Finance: Rollup Chain,protocol,,Etherscan label / Bridge,https://etherscan.io/accounts/label/bridge,community
ethereum,0x66a71dcef29a0ffbdbe3c6a460a3b5bc225cd675,LayerZero: Ethereum Endpoint,protocol,,Etherscan label / Bridge,https://etherscan.io/accounts/label/bridge,community
ethereum,0x4524baa98f9a3b9dec57caae7633936ef96bd708,LedgerDex,protocol,,Etherscan label / DEX,https://etherscan.io/accounts/label/dex,community
ethereum,0xf45f6c8bb3d77ea762175b8f7ca4d251941649fa,lemond.money (LEMD),protocol,,Etherscan label (octal mirror) / DeFi,https://etherscan.io/accounts/label/defi,community
ethereum,0xdef1da03061ddd2a5ef6c59220c135dec623116d,Lepricon (L3P),protocol,,Etherscan label (octal mirror) / DeFi,https://etherscan.io/accounts/label/defi,community
ethereum,0x62786eeacc9246b4018e0146cb7a3efeacd9459d,LessToken (LESS),protocol,,Etherscan label (octal mirror) / DeFi,https://etherscan.io/accounts/label/defi,community
ethereum,0x261638ec8ee8100484130ebd2febfdadc0d8742a,Level01 Token (LVX),protocol,,Etherscan label (octal mirror) / DeFi,https://etherscan.io/accounts/label/defi,community
ethereum,0x4b5f49487ea7b3609b1ad05459be420548789f1f,Lever (LEVER),protocol,,Etherscan label (octal mirror) / DeFi,https://etherscan.io/accounts/label/defi,community
ethereum,0xbc194e6f748a222754c3e8b9946922c09e7d4e91,Lever Token (LEV),protocol,,Etherscan label (octal mirror) / DeFi,https://etherscan.io/accounts/label/defi,community
ethereum,0x4764f454dff3a0121a0d61e262344ffcd5236c4b,Levf Finance (LFI),protocol,,Etherscan label (octal mirror) / DeFi,https://etherscan.io/accounts/label/defi,community
ethereum,0x0bf6261297198d91d4fa460242c69232146a5703,Libera (LIB),protocol,,Etherscan label / Protocol,https://etherscan.io/accounts/label/protocol,community
ethereum,0xdb46c277da1599390eab394327602889e9546296,Lido: 1inch Liquidity Farming,protocol,,Etherscan label / Lido,https://etherscan.io/accounts/label/lido,community
ethereum,0x9d15032b91d01d5c1d940eb919461426ab0dd4e3,Lido: Add Reward Program,protocol,,Etherscan label / Lido,https://etherscan.io/accounts/label/lido,community
ethereum,0x9895f0f17cc1d1891b6f18ee0b483b6f221b37bb,Lido: Aragon ACL,protocol,,Etherscan label / Lido,https://etherscan.io/accounts/label/lido,community
ethereum,0xf73a1260d222f447210581ddf212d915c09a3249,Lido: Aragon Token Manager,protocol,,Etherscan label / Lido,https://etherscan.io/accounts/label/lido,community
ethereum,0x6140182b2536ae7b6cfcfb2d2bab0f6fe0d7b58e,Lido: ARCx Manager Contract,protocol,,Etherscan label / Lido,https://etherscan.io/accounts/label/lido,community
ethereum,0x86392dc19c0b719886221c78ab11eb8cf5c52812,Lido: Chainlink stETH-ETH Price Feed,protocol,,Etherscan label / Lido,https://etherscan.io/accounts/label/lido,community
ethereum,0xcfe54b5cd566ab89272946f602d76ea879cab4a8,Lido: Chainlink stETH-USD Price Feed,protocol,,Etherscan label / Lido,https://etherscan.io/accounts/label/lido,community
ethereum,0x55a7e1cbd678d9ebd50c7d69dc75203b0dbdd431,Lido: Composite Post Rebase Report Receiver,protocol,,Etherscan label / Lido,https://etherscan.io/accounts/label/lido,community
ethereum,0x753d5167c31fbeb5b49624314d74a957eb271709,Lido: Curve Liquidity Farming Manager Contract,protocol,,Etherscan label / Lido,https://etherscan.io/accounts/label/lido,community
ethereum,0x99ac10631f69c753ddb595d074422a0922d9056b,Lido: Curve Liquidity Farming Reward Contract,protocol,,Etherscan label / Lido,https://etherscan.io/accounts/label/lido,community
ethereum,0x55bc991b2edf3ddb4c520b222be4f378418ff0fa,Lido: Deployer 1,protocol,,Etherscan label / Lido,https://etherscan.io/accounts/label/lido,community
ethereum,0xe19fc582dd93fa876cf4061eb5456f310144f57b,Lido: Deployer 3,protocol,,Etherscan label / Lido,https://etherscan.io/accounts/label/lido,community
ethereum,0xdb149235b6f40dc08810aa69869783be101790e7,Lido: Deposit Security Module,protocol,,Etherscan label / Lido,https://etherscan.io/accounts/label/lido,community
ethereum,0x710b3303fb508a84f10793c1106e32be873c24cd,Lido: Deposit Security Module 2,protocol,,Etherscan label / Lido,https://etherscan.io/accounts/label/lido,community
ethereum,0x4b3edb22952fb4a70140e39fb1add05a6b49622b,Lido: Early Stakers Airdrop,protocol,,Etherscan label / Lido,https://etherscan.io/accounts/label/lido,community
ethereum,0xfe5986e06210ac1ecc1adcafc0cc7f8d63b3f977,Lido: EVM Script Executor,protocol,,Etherscan label / Lido,https://etherscan.io/accounts/label/lido,community
ethereum,0x48f300bd3c52c7da6aabde4b683deb27d38b9abb,Lido: Finance Multisig,protocol,,Etherscan label / Lido,https://etherscan.io/accounts/label/lido,community
ethereum,0xfebd8fac16de88206d4b18764e826af38546afe0,Lido: Increase Node Operator Staking Limit,protocol,,Etherscan label / Lido,https://etherscan.io/accounts/label/lido,community
ethereum,0xf5dc67e54fc96f993cd06073f71ca732c1e654b1,Lido: Lido App Repo,protocol,,Etherscan label / Lido,https://etherscan.io/accounts/label/lido,community
ethereum,0xf9339de629973c60c4d2b76749c81e6f40960e3a,Lido: Lido Oracle Repo,protocol,,Etherscan label / Lido,https://etherscan.io/accounts/label/lido,community
ethereum,0xb8d83908aab38a159f3da47a59d84db8e1838712,Lido: LIDO Vesting Recipient 1,protocol,,Etherscan label / Lido,https://etherscan.io/accounts/label/lido,community
ethereum,0x945755de7eac99008c8c57bda96772d50872168b,Lido: LIDO Vesting Recipient 2,protocol,,Etherscan label / Lido,https://etherscan.io/accounts/label/lido,community
ethereum,0xb3dfe140a77ec43006499cb8c2e5e31975cad909,Lido: LIDO Vesting Recipient 3,protocol,,Etherscan label / Lido,https://etherscan.io/accounts/label/lido,community
ethereum,0x695c388153bea0fbe3e1c049c149bad3bc917740,Lido: LIDO Vesting Recipient 4,protocol,,Etherscan label / Lido,https://etherscan.io/accounts/label/lido,community
ethereum,0xa2dfc431297aee387c05beef507e5335e684fbcd,Lido: LIDO Vesting Recipient 5,protocol,,Etherscan label / Lido,https://etherscan.io/accounts/label/lido,community
ethereum,0x1597d19659f3de52abd475f7d2314dcca29359bd,Lido: LIDO Vesting Recipient 6,protocol,,Etherscan label / Lido,https://etherscan.io/accounts/label/lido,community
ethereum,0xd7f0ddcbb0117a53e9ff2cad814b8b810a314f59,Lido: LIDO Vesting Recipient 7,protocol,,Etherscan label / Lido,https://etherscan.io/accounts/label/lido,community
ethereum,0xfea88380baff95e85305419eb97247981b1a8eee,Lido: LIDO Vesting Recipient 8,protocol,,Etherscan label / Lido,https://etherscan.io/accounts/label/lido,community
ethereum,0x58a764028350ab15899fdccafffd3940e602ceea,Lido: LIDO Vesting Recipient 9,protocol,,Etherscan label / Lido,https://etherscan.io/accounts/label/lido,community
ethereum,0x0d97e876ad14db2b183cfeeb8aa1a5c788eb1831,Lido: Node Operators Registry Repo,protocol,,Etherscan label / Lido,https://etherscan.io/accounts/label/lido,community
ethereum,0x442af784a788a5bd6f42a01ebe9f287a871243fb,Lido: Oracle,protocol,,Etherscan label / Lido,https://etherscan.io/accounts/label/lido,community
ethereum,0xc21e5e72ffc223f02fc410aaede3084a63963932,Lido: Remove Reward Program,protocol,,Etherscan label / Lido,https://etherscan.io/accounts/label/lido,community
ethereum,0x3129c041b372ee93a5a8756dc4ec6f154d85bc9a,Lido: Reward Programs Registry,protocol,,Etherscan label / Lido,https://etherscan.io/accounts/label/lido,community
ethereum,0xb280e33812c0b09353180e92e27b8ad399b07f26,Lido: Self Owned stETH Burner,protocol,,Etherscan label / Lido,https://etherscan.io/accounts/label/lido,community
ethereum,0x3a6bd15abf19581e411621d669b6a2bbe741ffd6,Lido: Stable Swap Oracle,protocol,,Etherscan label / Lido,https://etherscan.io/accounts/label/lido,community
ethereum,0xab55bf4dfbf469ebfe082b7872557d1f87692fe6,Lido: stETH Price Feed,protocol,,Etherscan label / Lido,https://etherscan.io/accounts/label/lido,community
ethereum,0x648c8be548f43eca4e482c0801ebccccfb944931,Lido: Top Up Lego Program,protocol,,Etherscan label / Lido,https://etherscan.io/accounts/label/lido,community
ethereum,0x77781a93c4824d2299a38ac8bbb11eb3cd6bc3b7,Lido: Top Up Reward Programs,protocol,,Etherscan label / Lido,https://etherscan.io/accounts/label/lido,community
ethereum,0x4ee3118e3858e8d7164a634825bfe0f73d99c792,Lido: Voting Repo,protocol,,Etherscan label / Lido,https://etherscan.io/accounts/label/lido,community
ethereum,0xd83f623a0a77e09dfc586b831012118bdf3b4141,LifeCrypto: Staking Contract,protocol,,Etherscan label / DeFi,https://etherscan.io/accounts/label/defi,community
ethereum,0xf9209d900f7ad1dc45376a2caa61c78f6dea53b6,LIFT.Kitchen (LIFT),protocol,,Etherscan label (octal mirror) / DeFi,https://etherscan.io/accounts/label/defi,community
ethereum,0xafce9b78d409bf74980cacf610afb851bf02f257,Lift.Kitchen BTC (LFBTC),protocol,,Etherscan label (octal mirror) / DeFi,https://etherscan.io/accounts/label/defi,community
ethereum,0xa31fdbaa772745d11843efeda9922dcbf5460672,Lift.Kitchen Control DAO (CTRL),protocol,,Etherscan label (octal mirror) / DeFi,https://etherscan.io/accounts/label/defi,community
ethereum,0xb3bc4549dbb5d02fa2d78d4dab1ae8281ff93ea0,LimitedFinance (LIFI),protocol,,Etherscan label (octal mirror) / DeFi,https://etherscan.io/accounts/label/defi,community
ethereum,0x1712aad2c773ee04bdc9114b32163c058321cd85,LimitSwap (LIMIT),protocol,,Etherscan label / DEX,https://etherscan.io/accounts/label/dex,community
ethereum,0x99295f1141d58a99e939f7be6bbe734916a875b8,LinkPool (LPL),protocol,,Etherscan label (octal mirror) / DeFi,https://etherscan.io/accounts/label/defi,community
ethereum,0xe6d4544f90da3e9611ea3b711df27f336cb41e2d,Lion King Finance (LIONK),protocol,,Etherscan label (octal mirror) / DeFi,https://etherscan.io/accounts/label/defi,community
ethereum,0x72ca0501427bb8f089c1c4f767cb17d017e803a9,Liquid (LIQ),protocol,,Etherscan label (octal mirror) / DeFi,https://etherscan.io/accounts/label/defi,community
ethereum,0xa94e72c89a6f56e0bd8683f71c3f9f57ec5f4220,Liquid Swap: Emergency Fund,protocol,,Etherscan label / DEX,https://etherscan.io/accounts/label/dex,community
ethereum,0x388b14bd1c98bf2464dee988db7eaa98efa54246,Liquid Swap: Staking Rewards,protocol,,Etherscan label / DEX,https://etherscan.io/accounts/label/dex,community
ethereum,0xc77a935044c77012a5b7fd109362d252a005cf53,Liquid Swap: Vesting Contract,protocol,,Etherscan label / DEX,https://etherscan.io/accounts/label/dex,community
ethereum,0xfd0205066521550d7d7ab19da8f72bb004b4c341,Liquidity Incentive Token (LIT),protocol,,Etherscan label (octal mirror) / DeFi,https://etherscan.io/accounts/label/defi,community
ethereum,0x5f69b7ab8f7cab199a310fd5a27b43fef44ddcc0,Liquidus (LIQ),protocol,,Etherscan label (octal mirror) / DeFi,https://etherscan.io/accounts/label/defi,community
ethereum,0x014f808b7d4b6f58be5fef88002d5028cd0ed14b,Lition: Token Bridge,protocol,,Etherscan label / Bridge,https://etherscan.io/accounts/label/bridge,community
ethereum,0xd0345d30fd918d7682398acbcdf139c808998709,Lixir Token (LIX),protocol,,Etherscan label (octal mirror) / DeFi,https://etherscan.io/accounts/label/defi,community
ethereum,0xac042d9284df95cc6bd35982f6a61e3e7a6f875b,Lobby (LBY),protocol,,Etherscan label (octal mirror) / DeFi,https://etherscan.io/accounts/label/defi,community
ethereum,0xc692453625023c6e03fec04158ea31ab4de2650a,LocalCoin Dex 1,protocol,,Etherscan label / DEX,https://etherscan.io/accounts/label/dex,community
ethereum,0x37c4bcaba4bcf3a605414236b8b108f160eb45a6,LocalCoin Dex 2,protocol,,Etherscan label / DEX,https://etherscan.io/accounts/label/dex,community
ethereum,0x8d1c1571367a148e92d6ac83494b1bdf3b497d07,LocalCoin DEX 3,protocol,,Etherscan label / DEX,https://etherscan.io/accounts/label/dex,community
ethereum,0xd9b89eee86b15634c70cab51baf85615a4ab91a1,Locklet (LKT),protocol,,Etherscan label (octal mirror) / DeFi,https://etherscan.io/accounts/label/defi,community
ethereum,0xb7bb4b08995b96bb5e577c5b02a237a6c625c172,LockToken (LOCK),protocol,,Etherscan label / Protocol,https://etherscan.io/accounts/label/protocol,community
ethereum,0xf4d2888d29d722226fafa5d9b24f9164c092421e,LooksRare,protocol,,Etherscan token / DefiLlama,https://etherscan.io/token/0xf4d2888d29d722226fafa5d9b24f9164c092421e,community
ethereum,0x0baba1ad5be3a5c0a66e7ac838a129bf948f1ea4,Loopring: Exchange v2,protocol,,Etherscan label / Bridge,https://etherscan.io/accounts/label/bridge,community
ethereum,0x674bdf20a0f284d710bc40872100128e2d66bd3f,Loopring: Exchange v2 Deposit,protocol,,Etherscan label / Bridge,https://etherscan.io/accounts/label/bridge,community
ethereum,0xec3cc6cf0252565b56fc7ac396017df5b9b78a31,Loopring: Exchange v2 Fast Withdrawal,protocol,,Etherscan label / Bridge,https://etherscan.io/accounts/label/bridge,community
ethereum,0x944644ea989ec64c2ab9ef341d383cef586a5777,LoopringDEX: Beta 1,protocol,,Etherscan label / DEX,https://etherscan.io/accounts/label/dex,community
ethereum,0x9e24415d1e549ebc626a13a482bb117a2b43e9cf,Lovely Inu Finance (LOVELY),protocol,,Etherscan label (octal mirror) / DeFi,https://etherscan.io/accounts/label/defi,community
ethereum,0x5b9348e7d9d6c1c8044108955e60cf732a3fbbeb,Luck Ball Coin,protocol,,Etherscan label / Protocol,https://etherscan.io/accounts/label/protocol,community
ethereum,0xa967dd943b336680540011536e7d8c3d33333515,LUGH (EURL),protocol,,Etherscan label (octal mirror) / Stablecoin,https://etherscan.io/accounts/label/stablecoin,community
ethereum,0xbd31ea8212119f94a611fa969881cba3ea06fa3d,LUNA (Wormhole),protocol,,Etherscan label / Bridge,https://etherscan.io/accounts/label/bridge,community
ethereum,0xee1edd77f16b7867e026a4d32ef45dac852da61f,LunaFi (LFI),protocol,,Etherscan label / Protocol,https://etherscan.io/accounts/label/protocol,community
ethereum,0x01ba67aac7f75f647d94220cc98fb30fcc5105bf,Lyra Token (LYRA),protocol,,Etherscan label (octal mirror) / DeFi,https://etherscan.io/accounts/label/defi,community
ethereum,0x965d79f1a1016b574a62986e13ca8ab04dfdd15c,M2 (M2),protocol,,Etherscan label (octal mirror) / DeFi,https://etherscan.io/accounts/label/defi,community
ethereum,0x576e2bed8f7b46d34016198911cdf9886f78bea7,MAGA,protocol,,Etherscan token / DefiLlama,https://etherscan.io/token/0x576e2bed8f7b46d34016198911cdf9886f78bea7,community
ethereum,0xf4f3d6a60765bf705b27716f50fccba5f0ea0ca1,Magic Balancer (MGB),protocol,,Etherscan label (octal mirror) / DeFi,https://etherscan.io/accounts/label/defi,community
ethereum,0x77c47a183b12fe7d40b36165c5dab80d0de79590,Mahaclassic DAO (MAHC),protocol,,Etherscan label (octal mirror) / DeFi,https://etherscan.io/accounts/label/defi,community
ethereum,0x608917f8392634428ec71c6766f3ec3f5cc8f421,MAHAX Staked Voting Power (MAHAXvp),protocol,,Etherscan label (octal mirror) / DeFi,https://etherscan.io/accounts/label/defi,community
ethereum,0x8d6cebd76f18e1558d4db88138e2defb3909fad6,Mai Stablecoin,protocol,,Etherscan label / Protocol,https://etherscan.io/accounts/label/protocol,community
ethereum,0x4af698b479d0098229dc715655c667ceb6cd8433,MaidCoin ($MAID),protocol,,Etherscan label (octal mirror) / DeFi,https://etherscan.io/accounts/label/defi,community
ethereum,0x642ae78fafbb8032da552d619ad43f1d81e4dd7c,Maker DAO: Redeemer,protocol,,Etherscan label / Maker,https://etherscan.io/accounts/label/maker,community
ethereum,0x448a5065aebb8e423f0896e6c5d525c040f59af3,Maker: Contract 1,protocol,,Etherscan label / DeFi,https://etherscan.io/accounts/label/defi,community
ethereum,0xbda109309f9fafa6dd6a9cb9f1df4085b27ee8ef,Maker: Contract 2,protocol,,Etherscan label / Maker,https://etherscan.io/accounts/label/maker,community
ethereum,0x9b0f70df76165442ca6092939132bbaea77f2d7a,Maker: Contract 3,protocol,,Etherscan label / Maker,https://etherscan.io/accounts/label/maker,community
ethereum,0x9b0ccf7c8994e19f39b2b4cf708e0a7df65fa8a3,Maker: Contract 4,protocol,,Etherscan label / Maker,https://etherscan.io/accounts/label/maker,community
ethereum,0xf2c5369cffb8ea6284452b0326e326dbfdcb867c,Maker: Contract 5,protocol,,Etherscan label / Maker,https://etherscan.io/accounts/label/maker,community
ethereum,0x315cbb88168396d12e1a255f9cb935408fe80710,Maker: Contract 6,protocol,,Etherscan label / Maker,https://etherscan.io/accounts/label/maker,community
ethereum,0x79f6d0f646706e1261acf0b93dcb864f357d4680,Maker: Contract 7,protocol,,Etherscan label / Maker,https://etherscan.io/accounts/label/maker,community
ethereum,0x8e2a84d6ade1e7fffee039a35ef5f19f13057152,Maker: Contract 8,protocol,,Etherscan label / Maker,https://etherscan.io/accounts/label/maker,community
ethereum,0x69076e44a9c70a67d5b79d95795aba299083c275,Maker: Contract 9,protocol,,Etherscan label / Maker,https://etherscan.io/accounts/label/maker,community
ethereum,0x5a994d8428ccebcc153863ccda9d2be6352f89ad,Maker: Core Unit DUX_WALLET,protocol,,Etherscan label / Maker,https://etherscan.io/accounts/label/maker,community
ethereum,0x7800c137a645c07132886539217ce192b9f0528e,Maker: Core Unit GRO_WALLET,protocol,,Etherscan label / Maker,https://etherscan.io/accounts/label/maker,community
ethereum,0x2b6180b413511ce6e3da967ec503b2cc19b78db6,Maker: Core Unit ORA_GAS,protocol,,Etherscan label / Maker,https://etherscan.io/accounts/label/maker,community
ethereum,0x1a5b692029b157df517b7d21a32c8490b8692b0f,Maker: Core Unit ORA_GAS_EMERGENCY,protocol,,Etherscan label / Maker,https://etherscan.io/accounts/label/maker,community
ethereum,0x2d09b7b95f3f312ba6ddfb77ba6971786c5b50cf,Maker: Core Unit ORA_WALLET,protocol,,Etherscan label / Maker,https://etherscan.io/accounts/label/maker,community
ethereum,0xe2c16c308b843ed02b09156388cb240ced58c01c,Maker: Core Unit PE_WALLET,protocol,,Etherscan label / Maker,https://etherscan.io/accounts/label/maker,community
ethereum,0x96d7b01cc25b141520c717fa369844d34ff116ec,Maker: Core Unit RWF_WALLET,protocol,,Etherscan label / Maker,https://etherscan.io/accounts/label/maker,community
ethereum,0x87acdd9208f73bfc9207e1f6f0fde906bca95cc6,Maker: Core Unit SES_WALLET,protocol,,Etherscan label / Maker,https://etherscan.io/accounts/label/maker,community
ethereum,0x4f26ffbe5f04ed43630fdc30a87638d53d0b0876,Maker: Deployer 1,protocol,,Etherscan label / Maker,https://etherscan.io/accounts/label/maker,community
ethereum,0xdb33dfd3d61308c33c63209845dad3e6bfb2c674,Maker: Deployer 2,protocol,,Etherscan label / Maker,https://etherscan.io/accounts/label/maker,community
ethereum,0x00daa9a2d88bed5a29a6ca93e0b7d860cd1d403f,Maker: Deployer 3,protocol,,Etherscan label / Maker,https://etherscan.io/accounts/label/maker,community
ethereum,0xddb108893104de4e1c6d0e47c42237db4e617acc,Maker: Deployer 4,protocol,,Etherscan label / Maker,https://etherscan.io/accounts/label/maker,community
ethereum,0xda0fab05039809e63c5d068c897c3e602fa97457,Maker: Deployer 5,protocol,,Etherscan label / Maker,https://etherscan.io/accounts/label/maker,community
ethereum,0xa26e15c895efc0616177b7c1e7270a4c7d51c997,Maker: DS Proxy Factory,protocol,,Etherscan label / Maker,https://etherscan.io/accounts/label/maker,community
ethereum,0x36a724bd100c39f0ea4d3a20f7097ee01a8ff573,Maker: Get CDPS,protocol,,Etherscan label / Maker,https://etherscan.io/accounts/label/maker,community
ethereum,0x0a3f6849f78076aefadf113f5bed87720274ddc0,Maker: Governance Contract,protocol,,Etherscan label / Maker,https://etherscan.io/accounts/label/maker,community
ethereum,0x78f2c2af65126834c51822f56be0d7469d7a523e,Maker: MCD Cat,protocol,,Etherscan label / Maker,https://etherscan.io/accounts/label/maker,community
ethereum,0xbaa65281c2fa2baacb2cb550ba051525a480d3f4,Maker: MCD Deploy,protocol,,Etherscan label / Maker,https://etherscan.io/accounts/label/maker,community
ethereum,0xab14d3ce3f733cacb76ec2abe7d2fcb00c99f3d5,Maker: MCD End,protocol,,Etherscan label / Maker,https://etherscan.io/accounts/label/maker,community
ethereum,0x0581a0abe32aae9b5f0f68defab77c6759100085,Maker: MCD ESM,protocol,,Etherscan label / Maker,https://etherscan.io/accounts/label/maker,community
ethereum,0xdfe0fb1be2a52cdbf8fb962d5701d7fd0902db9f,Maker: MCD Flap,protocol,,Etherscan label / Maker,https://etherscan.io/accounts/label/maker,community
ethereum,0xaa745404d55f88c108a28c86abe7b5a1e7817c07,Maker: MCD Flip BAT A,protocol,,Etherscan label / Maker,https://etherscan.io/accounts/label/maker,community
ethereum,0xd8a04f5412223f513dc55f839574430f5ec15531,Maker: MCD Flip ETH A,protocol,,Etherscan label / Maker,https://etherscan.io/accounts/label/maker,community
ethereum,0x5432b2f3c0dff95aa191c45e5cbd539e2820ae72,Maker: MCD Flip SAI,protocol,,Etherscan label / Maker,https://etherscan.io/accounts/label/maker,community
ethereum,0xbe00fe8dfd9c079f1e5f5ad7ae9a3ad2c571fcac,Maker: MCD Flop,protocol,,Etherscan label / Maker,https://etherscan.io/accounts/label/maker,community
ethereum,0x4f5f0933158569c026d617337614d00ee6589b6e,Maker: MCD Gov Actions,protocol,,Etherscan label / Maker,https://etherscan.io/accounts/label/maker,community
ethereum,0x3d0b1912b66114d4096f48a8cee3a56c231772ca,Maker: MCD Join BAT A,protocol,,Etherscan label / Maker,https://etherscan.io/accounts/label/maker,community
ethereum,0x2f0b23f53734252bda2277357e97e1517d6b042a,Maker: MCD Join ETH A,protocol,,Etherscan label / Maker,https://etherscan.io/accounts/label/maker,community
ethereum,0xad37fd42185ba63009177058208dd1be4b136e6b,Maker: MCD Join SAI,protocol,,Etherscan label / Maker,https://etherscan.io/accounts/label/maker,community
ethereum,0xbe286431454714f511008713973d3b053a2d38f3,Maker: MCD Pause,protocol,,Etherscan label / Maker,https://etherscan.io/accounts/label/maker,community
ethereum,0xbe8e3e3618f7474f8cb1d074a26affef007e98fb,Maker: MCD Pause Proxy,protocol,,Etherscan label / Maker,https://etherscan.io/accounts/label/maker,community
ethereum,0x65c79fcb50ca1594b025960e539ed7a9a6d434a3,Maker: MCD Spot,protocol,,Etherscan label / Maker,https://etherscan.io/accounts/label/maker,community
ethereum,0x99041f808d598b782d5a3e498681c2452a31da08,Maker: Medianizer 1,protocol,,Etherscan label / Maker,https://etherscan.io/accounts/label/maker,community
ethereum,0x729d19f657bd0614b4985cf1d82531c67569197b,Maker: Medianizer 2,protocol,,Etherscan label / Maker,https://etherscan.io/accounts/label/maker,community
ethereum,0xc73e0383f3aff3215e6f04b0331d58cecf0ab849,Maker: Migration,protocol,,Etherscan label / Maker,https://etherscan.io/accounts/label/maker,community
ethereum,0xe4b22d484958e582098a98229a24e8a43801b674,Maker: Migration Proxy Actions,protocol,,Etherscan label / Maker,https://etherscan.io/accounts/label/maker,community
ethereum,0x5e227ad1969ea493b43f840cff78d08a6fc17796,Maker: Multicall,protocol,,Etherscan label / Maker,https://etherscan.io/accounts/label/maker,community
ethereum,0x8ee7d9235e01e6b42345120b5d270bdb763624c7,Maker: MultiSig,protocol,,Etherscan label / Maker,https://etherscan.io/accounts/label/maker,community
ethereum,0x793ebbe21607e4f04788f89c7a9b97320773ec59,Maker: Oasis Proxy,protocol,,Etherscan label / Maker,https://etherscan.io/accounts/label/maker,community
ethereum,0xc66ea802717bfb9833400264dd12c2bceaa34a6d,Maker: Old Token,protocol,,Etherscan label / Maker,https://etherscan.io/accounts/label/maker,community
ethereum,0xb5eb779ce300024edb3df9b6c007e312584f6f4f,Maker: Permanent Team Multisig,protocol,,Etherscan label / Maker,https://etherscan.io/accounts/label/maker,community
ethereum,0xb4eb54af9cc7882df0121d26c5b97e802915abe6,Maker: PIP BAT,protocol,,Etherscan label / Maker,https://etherscan.io/accounts/label/maker,community
ethereum,0x81fe72b5a8d1a857d176c3e7d5bd2679a9b85763,Maker: PIP ETH,protocol,,Etherscan label / Maker,https://etherscan.io/accounts/label/maker,community
ethereum,0x54003dbf6ae6cba6ddae571ccdc34d834b44ab1e,Maker: PIP SAI,protocol,,Etherscan label / Maker,https://etherscan.io/accounts/label/maker,community
ethereum,0x82ecd135dce65fbc6dbdd0e4237e0af93ffd5038,Maker: Proxy Actions,protocol,,Etherscan label / Maker,https://etherscan.io/accounts/label/maker,community
ethereum,0x07ee93aeea0a36fff2a9b95dd22bd6049ee54f26,Maker: Proxy Actions DSR,protocol,,Etherscan label / Maker,https://etherscan.io/accounts/label/maker,community
ethereum,0x069b2fb501b6f16d1f5fe245b16f6993808f1008,Maker: Proxy Actions End,protocol,,Etherscan label / Maker,https://etherscan.io/accounts/label/maker,community
ethereum,0x1b93556ab8dccef01cd7823c617a6d340f53fb58,Maker: Proxy Deployer,protocol,,Etherscan label / Maker,https://etherscan.io/accounts/label/maker,community
ethereum,0x6bda13d43b7edd6cafe1f70fb98b5d40f61a1370,Maker: Proxy Pause Actions,protocol,,Etherscan label / Maker,https://etherscan.io/accounts/label/maker,community
ethereum,0x4678f0a6958e4d2bc4f1baf7bc52e8f3564f3fe4,Maker: Proxy Registry,protocol,,Etherscan label / Maker,https://etherscan.io/accounts/label/maker,community
ethereum,0x190c2cfc69e68a8e8d5e2b9e2b9cc3332caff77b,Maker: Sai Proxy 1,protocol,,Etherscan label / Maker,https://etherscan.io/accounts/label/maker,community
ethereum,0x526af336d614ade5cc252a407062b8861af998f5,Maker: Sai Proxy 2,protocol,,Etherscan label / Maker,https://etherscan.io/accounts/label/maker,community
ethereum,0xbf72da2bd84c5170618fbe5914b0eca9638d5eb5,Maker: WBTC,protocol,,Etherscan label / Maker,https://etherscan.io/accounts/label/maker,community
ethereum,0x3b46c6c1f8ca92b1ee65f2969c4e17f8969ca4a5,Mammothgames.Finance (ATIS),protocol,,Etherscan label (octal mirror) / DeFi,https://etherscan.io/accounts/label/defi,community
ethereum,0x88888858c396847ffdbf3efc218cf3f06256292a,MaNEKO (NEK),protocol,,Etherscan label (octal mirror) / DeFi,https://etherscan.io/accounts/label/defi,community
ethereum,0x03cbf57ece7948fe6fd38891e287811c0b849ee1,MappedSwap Token (MST),protocol,,Etherscan label (octal mirror) / DeFi,https://etherscan.io/accounts/label/defi,community
ethereum,0x4be2b2c45b432ba362f198c08094017b61e3bdc6,MARSWAP (MSWAP),protocol,,Etherscan label / DEX,https://etherscan.io/accounts/label/dex,community
ethereum,0x0fe629d1e84e171f8ff0c1ded2cc2221caa48a3f,Mask (MASK),protocol,,Etherscan label / Protocol,https://etherscan.io/accounts/label/protocol,community
ethereum,0x77132bb08b02a7a87732ec289efab45edf49884f,MasRelic (RELIC),protocol,,Etherscan label (octal mirror) / DeFi,https://etherscan.io/accounts/label/defi,community
ethereum,0x020810d775fc019480cd56ecb960389d3477039d,Materia (GIL),protocol,,Etherscan label / DEX,https://etherscan.io/accounts/label/dex,community
ethereum,0x52148693901fb27cb4d27b2b0eb5e2820873e245,Matrix DeFi Index (MDI),protocol,,Etherscan label (octal mirror) / DeFi,https://etherscan.io/accounts/label/defi,community
ethereum,0x7448c7456a97769f6cd04f1e83a4a23ccdc46abd,Maverick Token,protocol,,Etherscan label / DEX,https://etherscan.io/accounts/label/dex,community
ethereum,0xa9926d9c8efdbbdb705ba9a3284089cfb4039831,MAVRO (MVR),protocol,,Etherscan label (octal mirror) / DeFi,https://etherscan.io/accounts/label/defi,community
ethereum,0x5a2fc0e03cf45eb1522eaed8e4acd292ee760d5e,MAX Coin (YFIMX),protocol,,Etherscan label (octal mirror) / DeFi,https://etherscan.io/accounts/label/defi,community
ethereum,0x05b70fb5477a93be33822bfb31fdaf2c171970df,Mayan: Swap Bridge,protocol,,Etherscan label / Bridge,https://etherscan.io/accounts/label/bridge,community
ethereum,0x8e3cf6478582a87a30cd5e6a10e939b642cd7c16,MBSC DEFI (MBSC),protocol,,Etherscan label (octal mirror) / DeFi,https://etherscan.io/accounts/label/defi,community
ethereum,0x4e352cf164e64adcbad318c3a1e222e9eba4ce42,MCDEX Token (MCB),protocol,,Etherscan label / DEX,https://etherscan.io/accounts/label/dex,community
ethereum,0xb4edfb45446c6a207643ea846bfa42021ce5ae11,Mean Finance DCA (DCA),protocol,,Etherscan label (octal mirror) / DeFi,https://etherscan.io/accounts/label/defi,community
ethereum,0xcbe7142f5c16755d8683ba329efa1abf7b54482d,MedicalVEDA (MVEDA),protocol,,Etherscan label (octal mirror) / DeFi,https://etherscan.io/accounts/label/defi,community
ethereum,0x02814f435dd04e254be7ae69f61fca19881a780d,Meme Dollar (PINA),protocol,,Etherscan label / Stablecoin,https://etherscan.io/accounts/label/stablecoin,community
ethereum,0xd89310f4baedb33afb36d7cc45bb8847f4463060,MEMEX (MEMEX),protocol,,Etherscan label / DEX,https://etherscan.io/accounts/label/dex,community
ethereum,0xe66b3aa360bb78468c00bebe163630269db3324f,Merchant Token (MTO),protocol,,Etherscan label (octal mirror) / DeFi,https://etherscan.io/accounts/label/defi,community
ethereum,0x8af5fedc0f263841c18f31d9dbcc97a47e1ab462,MESSIER (M87),protocol,,Etherscan label (octal mirror) / DeFi,https://etherscan.io/accounts/label/defi,community
ethereum,0xa3bed4e1c75d00fa6f4e5e6922db7261b5e9acd2,Meta (MTA),protocol,,Etherscan label (octal mirror) / DeFi,https://etherscan.io/accounts/label/defi,community
ethereum,0x32afe5c47f43830645a74eecee94a84300fd2ac8,MetaFashion (MTFSN),protocol,,Etherscan label (octal mirror) / DeFi,https://etherscan.io/accounts/label/defi,community
ethereum,0x44d2d740a5e346a66dd7c7e6919814a44441a64c,MetaKitties (MetKit),protocol,,Etherscan label (octal mirror) / DeFi,https://etherscan.io/accounts/label/defi,community
ethereum,0xdebaa67a818c0582e35406a29ee07fe63e93130a,Metal Backed Money (MBMX),protocol,,Etherscan label (octal mirror) / DeFi,https://etherscan.io/accounts/label/defi,community
ethereum,0x3e5d9d8a63cc8a88748f229999cf59487e90721e,MetalSwap (XMT),protocol,,Etherscan label (octal mirror) / DeFi,https://etherscan.io/accounts/label/defi,community
ethereum,0x881d40237659c251811cec9c364ef91dc08d300c,Metamask: Swap Router,protocol,,Etherscan label / DEX,https://etherscan.io/accounts/label/dex,community
ethereum,0xa1ea9aa32cbba8c203ddc510a144ad1f439d436c,MetaPortal Gaming Index (GAME),protocol,,Etherscan label (octal mirror) / DeFi,https://etherscan.io/accounts/label/defi,community
ethereum,0x2132f6f5a45ab821e99dc1275da764776ceb2530,MetaSpace REIT (MREIT),protocol,,Etherscan label (octal mirror) / DeFi,https://etherscan.io/accounts/label/defi,community
ethereum,0x5ac525d33ffda012ea2fe246a0ee698f861304d7,Metaverse Capital (MVC),protocol,,Etherscan label (octal mirror) / DeFi,https://etherscan.io/accounts/label/defi,community
ethereum,0x72e364f2abdc788b7e918bc238b21f109cd634d7,Metaverse Index,protocol,,Etherscan label / Index Protocol,https://etherscan.io/accounts/label/index-protocol,community
ethereum,0x33e18a092a93ff21ad04746c7da12e35d34dc7c4,Metaverse NFT Index (PLAY),protocol,,Etherscan label (octal mirror) / DeFi,https://etherscan.io/accounts/label/defi,community
ethereum,0x082280b4ae1a9e552555c256124de96fab63159b,Meterqubes (MEQ),protocol,,Etherscan label / DEX,https://etherscan.io/accounts/label/dex,community
ethereum,0x3980c9ed79d2c191a89e02fa3529c60ed6e9c04b,Metis Andromeda: Bridge,protocol,,Etherscan label / Bridge,https://etherscan.io/accounts/label/bridge,community
ethereum,0xefc1c73a3d8728dc4cf2a18ac5705fe93e5914ac,Metric.exchange,protocol,,Etherscan label / DEX,https://etherscan.io/accounts/label/dex,community
ethereum,0x2e1e15c44ffe4df6a0cb7371cd00d5028e571d14,Mettalex (MTLX),protocol,,Etherscan label / DEX,https://etherscan.io/accounts/label/dex,community
ethereum,0xe7de43cd09b9e50ebc5fcc4f3c9ec563bae25bd9,MEV Repellent (MEVREPEL),protocol,,Etherscan label (octal mirror) / DeFi,https://etherscan.io/accounts/label/defi,community
ethereum,0x4f2ab9d03ce5b8d0d3bca09259c78005d2775e08,Mewtwo Inu (MEWTWO),protocol,,Etherscan label (octal mirror) / DeFi,https://etherscan.io/accounts/label/defi,community
ethereum,0x368b3a58b5f49392e5c9e4c998cb0bb966752e51,MIC (MIC),protocol,,Etherscan label / Stablecoin,https://etherscan.io/accounts/label/algorithmic-stablecoin,community
ethereum,0x9ccf191169a613eca433a249d3f40131178caebc,MicroChains Gov Token,protocol,,Etherscan label / Bridge,https://etherscan.io/accounts/label/bridge,community
ethereum,0xbe6c8f2810ef39420d2dc2901b8414c8c45fee6d,MICROMINES (MICRO),protocol,,Etherscan label / DEX,https://etherscan.io/accounts/label/dex,community
ethereum,0x12970e6868f88f6557b76120662c1b3e50a646bf,Milady,protocol,,Etherscan token / DefiLlama,https://etherscan.io/token/0x12970e6868f88f6557b76120662c1b3e50a646bf,community
ethereum,0x80c8c3dcfb854f9542567c8dac3f44d709ebc1de,MilkyWay Token by SpaceSwap v2 (MILK2),protocol,,Etherscan label (octal mirror) / DeFi,https://etherscan.io/accounts/label/defi,community
ethereum,0x66d1b01c0fd7c2d8718f0997494b53ff5c485688,MilkyWayToken (MILK),protocol,,Etherscan label (octal mirror) / DeFi,https://etherscan.io/accounts/label/defi,community
ethereum,0x4d953cf077c0c95ba090226e59a18fcf97db44ec,MINISWAP (MINI),protocol,,Etherscan label (octal mirror) / DeFi,https://etherscan.io/accounts/label/defi,community
ethereum,0xcafe34bae6f1b23a6b575303edcc0578d2188131,Minter BIP (BIPX),protocol,,Etherscan label (octal mirror) / DeFi,https://etherscan.io/accounts/label/defi,community
ethereum,0x8e9a29e7ed21db7c5b2e1cd75e676da0236dfb45,Minter Hub (HUB),protocol,,Etherscan label (octal mirror) / DeFi,https://etherscan.io/accounts/label/defi,community
ethereum,0xc26d79f8dcb5bbbc52e4cf17c6fb800a9aad39a7,MiqiToken (MQ),protocol,,Etherscan label / DEX,https://etherscan.io/accounts/label/dex,community
ethereum,0x3e8ffc8c3cb0db3081df85dec91b63abbbe99f71,Mixsome (SOME),protocol,,Etherscan label (octal mirror) / DeFi,https://etherscan.io/accounts/label/defi,community
ethereum,0x187eff9690e1f1a61d578c7c492296eaab82701a,MOAR Finance (MOAR),protocol,,Etherscan label (octal mirror) / DeFi,https://etherscan.io/accounts/label/defi,community
ethereum,0x281f5b914b0d589f8193cd5e711c6920874e00c8,Mobilum Token (MBM),protocol,,Etherscan label (octal mirror) / DeFi,https://etherscan.io/accounts/label/defi,community
ethereum,0x1e02cdbba6729b6470de81ad4d2cca4c514521b9,Mobius Token (MOT),protocol,,Etherscan label / DEX,https://etherscan.io/accounts/label/dex,community
ethereum,0x8f62795dfa0bac8f13759a241eb29e6d886a6979,MOCHI (MOCHI),protocol,,Etherscan label (octal mirror) / DeFi,https://etherscan.io/accounts/label/defi,community
ethereum,0xea1ea0972fa092dd463f2968f9bb51cc4c981d71,Modefi (MOD),protocol,,Etherscan label (octal mirror) / DeFi,https://etherscan.io/accounts/label/defi,community
ethereum,0xda579367c6ca7854009133d1b3739020ba350c23,Mojito (MOJITO),protocol,,Etherscan label (octal mirror) / DeFi,https://etherscan.io/accounts/label/defi,community
ethereum,0x865bb9a28041259b4badafd37799a288aabbfc8c,Moma Token (MOMAT),protocol,,Etherscan label (octal mirror) / DeFi,https://etherscan.io/accounts/label/defi,community
ethereum,0xa4e27ea37d18bb0f483779f9e75a6024efa5e73e,Monastery (MONK),protocol,,Etherscan label (octal mirror) / DeFi,https://etherscan.io/accounts/label/defi,community
ethereum,0xc30fba978743a43e736fc32fbeed364b8a2039cd,Money Market Index,protocol,,Etherscan label / Index Protocol,https://etherscan.io/accounts/label/index-protocol,community
ethereum,0xc8279ccfe642bdf1c066d00dc13c8c59a97064ee,Moneybrain BiPS Digital Pound,protocol,,Etherscan label / Stablecoin,https://etherscan.io/accounts/label/stablecoin,community
ethereum,0x61c9ffab2eddba8e725c7658239360d5fe7863c0,Monific Token (MONIFIC),protocol,,Etherscan label (octal mirror) / DeFi,https://etherscan.io/accounts/label/defi,community
ethereum,0xfb1c81c06a314c43da38fb9a072d4d87ee434260,MooniKA (MKA),protocol,,Etherscan label (octal mirror) / DeFi,https://etherscan.io/accounts/label/defi,community
ethereum,0x8c6bf16c273636523c29db7db04396143770f6a0,MoonRabbit (AAA),protocol,,Etherscan label / Protocol,https://etherscan.io/accounts/label/protocol,community
ethereum,0x80af88983beb964f1a73d437e52bae1feb97d791,MOOREX (MOOR),protocol,,Etherscan label (octal mirror) / DeFi,https://etherscan.io/accounts/label/defi,community
ethereum,0x602f65bb8b8098ad804e99db6760fd36208cd967,Mops (MOPS),protocol,,Etherscan label (octal mirror) / DeFi,https://etherscan.io/accounts/label/defi,community
ethereum,0xae3576a18c99a1d5dd6e62fc7dc9b561bfb01951,Mosaic (YMO),protocol,,Etherscan label (octal mirror) / DeFi,https://etherscan.io/accounts/label/defi,community
ethereum,0xb34a1ed99cc0304f6caf322de4dc197a5b7c2858,MOUSSA FINANCE COIN (MFC),protocol,,Etherscan label (octal mirror) / DeFi,https://etherscan.io/accounts/label/defi,community
ethereum,0x3fa729b4548becbad4eab6ef18413470e6d5324c,Mover (MOVE),protocol,,Etherscan label (octal mirror) / DeFi,https://etherscan.io/accounts/label/defi,community
ethereum,0x45c943973e65d069906b0dc33dc31d1d7d9d09dc,MOVIECASH (MVH),protocol,,Etherscan label (octal mirror) / DeFi,https://etherscan.io/accounts/label/defi,community
ethereum,0xfe842e95f8911dcc21c943a1daa4bd641a1381c6,mStable: BUSD feeder pool,protocol,,Etherscan label / DeFi,https://etherscan.io/accounts/label/defi,community
ethereum,0x4fb30c5a3ac8e85bc32785518633303c4590752d,mStable: GUSD feeder pool,protocol,,Etherscan label / DeFi,https://etherscan.io/accounts/label/defi,community
ethereum,0x48c59199da51b7e30ea200a74ea07974e62c4ba7,mStable: HBTC feeder pool,protocol,,Etherscan label / DeFi,https://etherscan.io/accounts/label/defi,community
ethereum,0xf617346a0fb6320e9e578e0c9b2a4588283d9d39,mStable: mUSD Aave Vault,protocol,,Etherscan label / DeFi,https://etherscan.io/accounts/label/defi,community
ethereum,0xd55684f4369040c12262949ff78299f2bc9db735,mStable: mUSD Compound Vault,protocol,,Etherscan label / DeFi,https://etherscan.io/accounts/label/defi,community
ethereum,0xcf3f73290803fc04425bee135a4caeb2bab2c2a1,mStable: Old mUSD Savings Contract,protocol,,Etherscan label / DeFi,https://etherscan.io/accounts/label/defi,community
ethereum,0x7046b0bfc4c5eeb90559c0805dd9c1a6f4815370,mStable: Savings Manager 1.1,protocol,,Etherscan label / DeFi,https://etherscan.io/accounts/label/defi,community
ethereum,0xb61a6f928b3f069a68469ddb670f20eeeb4921e0,mStable: tBTC feeder pool,protocol,,Etherscan label / DeFi,https://etherscan.io/accounts/label/defi,community
ethereum,0x524d70f777c75ec50291bdd69718c1a705268c8b,MuffinToken (MFFN),protocol,,Etherscan label (octal mirror) / DeFi,https://etherscan.io/accounts/label/defi,community
ethereum,0x66eff5221ca926636224650fd3b9c497ff828f7d,Multichain BTC (multiBTC),protocol,,Etherscan label (octal mirror) / Multichain,https://etherscan.io/accounts/label/multichain,community
ethereum,0x51600b0cff6bbf79e7767158c41fd15e968ec404,Multichain: anyBTC Token,protocol,,Etherscan label / Multichain,https://etherscan.io/accounts/label/multichain,community
ethereum,0xc10ef9f491c9b59f936957026020c321651ac078,Multichain: anyCall V6,protocol,,Etherscan label / Bridge,https://etherscan.io/accounts/label/bridge,community
ethereum,0x2ac03bf434db503f6f5f85c3954773731fc3f056,Multichain: anyETH,protocol,,Etherscan label / Multichain,https://etherscan.io/accounts/label/multichain,community
ethereum,0x0615dbba33fe61a31c7ed131bda6655ed76748b1,Multichain: anyETH Token,protocol,,Etherscan label (octal mirror) / Multichain,https://etherscan.io/accounts/label/multichain,community
ethereum,0x979aca85ba37c675e78322ed5d97fa980b9bdf00,Multichain: anyFSN Token,protocol,,Etherscan label / Multichain,https://etherscan.io/accounts/label/multichain,community
ethereum,0x0abcfbfa8e3fda8b7fba18721caf7d5cf55cf5f5,Multichain: anyLTC Token,protocol,,Etherscan label (octal mirror) / Multichain,https://etherscan.io/accounts/label/multichain,community
ethereum,0x54f5a04417e29ff5d7141a6d33cb286f50d5d50e,Multichain: Anyswap Create2,protocol,,Etherscan label / Multichain,https://etherscan.io/accounts/label/multichain,community
ethereum,0x22648c12acd87912ea1710357b1302c6a4154ebc,Multichain: anyUSDT Token,protocol,,Etherscan label (octal mirror) / Multichain,https://etherscan.io/accounts/label/multichain,community
ethereum,0xfc7cc7c7e7985316d23104b9689c511134f59bc8,Multichain: Astar Bridge,protocol,,Etherscan label / Bridge,https://etherscan.io/accounts/label/bridge,community
ethereum,0x13b432914a996b0a48695df9b2d701eda45ff264,Multichain: BNB Bridge,protocol,,Etherscan label / Bridge,https://etherscan.io/accounts/label/bridge,community
ethereum,0x4464fc279180045b1f57beacfa0d82e9cd4235cd,Multichain: Deployer 1,protocol,,Etherscan label / Multichain,https://etherscan.io/accounts/label/multichain,community
ethereum,0x49addc76569402cf893c015ac69a177aaf4e822b,Multichain: Deployer 2,protocol,,Etherscan label / Multichain,https://etherscan.io/accounts/label/multichain,community
ethereum,0x8132d337977f8d145a7b9cfac393df123c0f0e43,Multichain: Deployer 3,protocol,,Etherscan label / Multichain,https://etherscan.io/accounts/label/multichain,community
ethereum,0xa80f73b93526ef992b52e3998bb103a0a8f2359d,Multichain: Deployer 5,protocol,,Etherscan label / Multichain,https://etherscan.io/accounts/label/multichain,community
ethereum,0xc564ee9f21ed8a2d8e7e76c085740d5e4c5fafbe,Multichain: Fantom Bridge,protocol,,Etherscan label / Bridge,https://etherscan.io/accounts/label/bridge,community
ethereum,0x87bcb3038988ca2a89605ffa8f237fb78df1c3ae,Multichain: Fuse Bridge,protocol,,Etherscan label / Bridge,https://etherscan.io/accounts/label/bridge,community
ethereum,0x46290b0c3a234e3d538050d8f34421797532a827,Multichain: Fusion Bridge,protocol,,Etherscan label / Bridge,https://etherscan.io/accounts/label/bridge,community
ethereum,0xd779967f8b511c5edf39115341b310022900efed,Multichain: Huobi Bridge,protocol,,Etherscan label / Bridge,https://etherscan.io/accounts/label/bridge,community
ethereum,0x923e0a17f49fb03d936f2af2d59d379c615f5447,Multichain: KCC Bridge,protocol,,Etherscan label / Bridge,https://etherscan.io/accounts/label/bridge,community
ethereum,0xec4486a90371c9b66f499ff3936f29f0d5af8b7e,Multichain: Moonbeam Bridge,protocol,,Etherscan label / Bridge,https://etherscan.io/accounts/label/bridge,community
ethereum,0x10c6b61dbf44a083aec3780acf769c77be747e23,Multichain: Moonriver Bridge,protocol,,Etherscan label / Bridge,https://etherscan.io/accounts/label/bridge,community
ethereum,0xe4cf417081a0ab3f964b44d904bc2b534351a9a7,Multichain: Oasis Network Bridge,protocol,,Etherscan label / Bridge,https://etherscan.io/accounts/label/bridge,community
ethereum,0x533e3c0e6b48010873b947bddc4721b1bdff9648,Multichain: Old BSC Bridge,protocol,,Etherscan label / Bridge,https://etherscan.io/accounts/label/bridge,community
ethereum,0xe95fd76cf16008c12ff3b3a937cb16cd9cc20284,Multichain: Router V3,protocol,,Etherscan label / Bridge,https://etherscan.io/accounts/label/bridge,community
ethereum,0x6b7a87899490ece95443e979ca9485cbe7e71522,Multichain: Router V4,protocol,,Etherscan label / Bridge,https://etherscan.io/accounts/label/bridge,community
ethereum,0x765277eebeca2e31912c9946eae1021199b39c61,Multichain: Router V4 2,protocol,,Etherscan label / Bridge,https://etherscan.io/accounts/label/bridge,community
ethereum,0xba8da9dcf11b50b03fd5284f164ef5cdef910705,Multichain: Router V6,protocol,,Etherscan label / Bridge,https://etherscan.io/accounts/label/bridge,community
ethereum,0x1633d66ca91ce4d81f63ea047b7b19beb92df7f3,Multichain: Router V7,protocol,,Etherscan label / Multichain,https://etherscan.io/accounts/label/multichain,community
ethereum,0x4e67df0f232c3bc985f8a63326d80ce3d9a40400,Multichain: Shiden Network Bridge,protocol,,Etherscan label / Bridge,https://etherscan.io/accounts/label/bridge,community
ethereum,0x8cc49fe67a4bd7a15674c4ffd4e969d94304bbbf,Multichain: Syscoin Bridge,protocol,,Etherscan label / Bridge,https://etherscan.io/accounts/label/bridge,community
ethereum,0x57ed6bd35a6ce815079855cd0b21331d1d5d0a0e,Multichain: Telos Bridge,protocol,,Etherscan label / Bridge,https://etherscan.io/accounts/label/bridge,community
ethereum,0xcdd83050f045ab31b884f0dc49581bc7b3e0b84c,Multichain: Velas Bridge,protocol,,Etherscan label / Bridge,https://etherscan.io/accounts/label/bridge,community
ethereum,0xb153fb3d196a8eb25522705560ac152eeec57901,Multichain: Wrapped Ether,protocol,,Etherscan label / Multichain,https://etherscan.io/accounts/label/multichain,community
ethereum,0x1722800c0f1bfdf916ef948ef7790a861e90d558,multiDAO,protocol,,Etherscan label / Multichain,https://etherscan.io/accounts/label/multichain,community
ethereum,0xad3a3551b21a0fe228f3442665556aa6533530d7,MultiNet Green Tech Solutions (MNgts),protocol,,Etherscan label (octal mirror) / DeFi,https://etherscan.io/accounts/label/defi,community
ethereum,0x8a6f3bf52a26a21531514e23016eeae8ba7e7018,Multiplier (MXX),protocol,,Etherscan label (octal mirror) / DeFi,https://etherscan.io/accounts/label/defi,community
ethereum,0xa49d7499271ae71cd8ab9ac515e6694c755d400c,Mute.io (MUTE),protocol,,Etherscan label (octal mirror) / DeFi,https://etherscan.io/accounts/label/defi,community
ethereum,0x65fc94d99cb301c5630c485d312e6ff5edde13d0,MVP Token (MVP),protocol,,Etherscan label (octal mirror) / DeFi,https://etherscan.io/accounts/label/defi,community
ethereum,0x60e46ee421e232e9d8d479b502a63aa15d846f2c,My Monii (MONII),protocol,,Etherscan label (octal mirror) / DeFi,https://etherscan.io/accounts/label/defi,community
ethereum,0x22fe5bcada4e30a7310efb1dff7f90168dc42b62,MyFinance (MYFI),protocol,,Etherscan label (octal mirror) / DeFi,https://etherscan.io/accounts/label/defi,community
ethereum,0xe22020f47b7378dfedcedd2c81d4137c22fe1152,MyLiquidityPartner (MLP),protocol,,Etherscan label (octal mirror) / DeFi,https://etherscan.io/accounts/label/defi,community
ethereum,0x2129ff6000b95a973236020bcd2b2006b0d8e019,MYX Network (MYX),protocol,,Etherscan label (octal mirror) / DeFi,https://etherscan.io/accounts/label/defi,community
ethereum,0x05bbed16620b352a7f889e23e3cf427d1d379ffe,Naira Token (NGNT),protocol,,Etherscan label / Stablecoin,https://etherscan.io/accounts/label/stablecoin,community
ethereum,0x4a615bb7166210cce20e6642a6f8fb5d4d044496,NAOSToken (NAOS),protocol,,Etherscan label (octal mirror) / DeFi,https://etherscan.io/accounts/label/defi,community
ethereum,0xe2dc070524a6e305ddb64d8513dc444b6a1ec845,Nash Exchange Token,protocol,,Etherscan label / DEX,https://etherscan.io/accounts/label/dex,community
ethereum,0x51a2b1a38ec83b56009d5e28e6222dbb56c23c22,nDEX Market,protocol,,Etherscan label / DEX,https://etherscan.io/accounts/label/dex,community
ethereum,0x85f17cf997934a597031b2e18a9ab6ebd4b9f6a4,NEAR (NEAR),protocol,,Etherscan label (octal mirror) / DeFi,https://etherscan.io/accounts/label/defi,community
ethereum,0x23ddd3e3692d1861ed57ede224608875809e127f,Near: Rainbow Bridge,protocol,,Etherscan label / Bridge,https://etherscan.io/accounts/label/bridge,community
ethereum,0x77252494c25444f8598a0c74ffc90adc535291a9,Nemesis (NMS),protocol,,Etherscan label (octal mirror) / DeFi,https://etherscan.io/accounts/label/defi,community
ethereum,0x7c4014aad6e16f5cba952a493525f735676ab2d6,NeoNomad Finance (NNI),protocol,,Etherscan label (octal mirror) / DeFi,https://etherscan.io/accounts/label/defi,community
ethereum,0xc06cc857dc56a90e3f130c5ce597c07830af15da,Neptune (NEP),protocol,,Etherscan label (octal mirror) / DeFi,https://etherscan.io/accounts/label/defi,community
ethereum,0xf840099e75199255905284c38708d594546560a4,Neronumis (NERO),protocol,,Etherscan label / Stablecoin,https://etherscan.io/accounts/label/stablecoin,community
ethereum,0x04abeda201850ac0124161f037efd70c74ddc74c,NEST (NEST),protocol,,Etherscan label (octal mirror) / DeFi,https://etherscan.io/accounts/label/defi,community
ethereum,0x237dee529a47750becdfa8a59a1d766e3e7b5f91,Nethermind: Lido Node Operator,protocol,,Etherscan label / Lido,https://etherscan.io/accounts/label/lido,community
ethereum,0xfc0d6cf33e38bce7ca7d89c0e292274031b7157a,NETVRK (NTVRK),protocol,,Etherscan label (octal mirror) / Multichain,https://etherscan.io/accounts/label/multichain,community
ethereum,0x0c6144c16af288948c8fdb37fd8fec94bff3d1d9,Neutral (NUSD),protocol,,Etherscan label / Stablecoin,https://etherscan.io/accounts/label/stablecoin,community
ethereum,0x06f59a767f33eabe3f1a3d3c14997bae8058430c,Neutrino (USDN),protocol,,Etherscan label (octal mirror) / DeFi,https://etherscan.io/accounts/label/defi,community
ethereum,0x9fcf418b971134625cdf38448b949c8640971671,Neutrino EUR (EURN),protocol,,Etherscan label / Stablecoin,https://etherscan.io/accounts/label/stablecoin,community
ethereum,0x9d79d5b61de59d882ce90125b18f74af650acb93,Neutrino System Base Token (NSBT),protocol,,Etherscan label (octal mirror) / DeFi,https://etherscan.io/accounts/label/defi,community
ethereum,0x674c6ad92fd080e4004b2312b45f796a192d27a0,Neutrino USD (USDN),protocol,,Etherscan label (octal mirror) / DeFi,https://etherscan.io/accounts/label/defi,community
ethereum,0xa80505c408c4defd9522981cd77e026f5a49fe63,NEUY (NEUY),protocol,,Etherscan label (octal mirror) / DeFi,https://etherscan.io/accounts/label/defi,community
ethereum,0xae9cbe6ebf72a51c9fcea3830485614486318fd4,newtonium.org (NEWTON),protocol,,Etherscan label (octal mirror) / DeFi,https://etherscan.io/accounts/label/defi,community
ethereum,0x27f7e1193ae6343e1f8701625811db280578939b,Nexabook Coin (NOC),protocol,,Etherscan label (octal mirror) / DeFi,https://etherscan.io/accounts/label/defi,community
ethereum,0xbec8d5c639778652dc2440da996a6bcf43f07746,Nexen (NXN),protocol,,Etherscan label (octal mirror) / DeFi,https://etherscan.io/accounts/label/defi,community
ethereum,0x17e5404a68fdb802290d5b3673fde19d4bd5e4ee,NEXT PROTOCOL (NEXT),protocol,,Etherscan label (octal mirror) / DeFi,https://etherscan.io/accounts/label/defi,community
ethereum,0x68bb81b3f67f7aab5fd1390ecb0b8e1a806f2465,NFT Platform Index (NFTP),protocol,,Etherscan label (octal mirror) / DeFi,https://etherscan.io/accounts/label/defi,community
ethereum,0xc633baf9fde99800226c74328024525192294d2b,Nftfy (NFY),protocol,,Etherscan label (octal mirror) / DeFi,https://etherscan.io/accounts/label/defi,community
ethereum,0x9b17baadf0f21f03e35249e0e59723f34994f806,NFTmall GEM Token (GEM),protocol,,Etherscan label (octal mirror) / DeFi,https://etherscan.io/accounts/label/defi,community
ethereum,0x3085154623f51b00dedfc6ceeb5197277a66b17b,NFTY Token (NFTY),protocol,,Etherscan label (octal mirror) / DeFi,https://etherscan.io/accounts/label/defi,community
ethereum,0x4ab30b965a8ef0f512da064b5e574d9ad73c0e79,NGN Gluwacoin (NGN-G),protocol,,Etherscan label (octal mirror) / Stablecoin,https://etherscan.io/accounts/label/stablecoin,community
ethereum,0x4690eb613f6ce73f628c00d65c9d710dee205c91,NIGGA DeFi Token (NIGGA),protocol,,Etherscan label (octal mirror) / DeFi,https://etherscan.io/accounts/label/defi,community
ethereum,0x852e5427c86a3b46dd25e5fe027bb15f53c4bcb8,NiiFiToken (NIIFI),protocol,,Etherscan label (octal mirror) / DeFi,https://etherscan.io/accounts/label/defi,community
ethereum,0xeb58343b36c7528f23caae63a150240241310049,Nimbus (NBU),protocol,,Etherscan label (octal mirror) / DeFi,https://etherscan.io/accounts/label/defi,community
ethereum,0xfce94fde7ac091c2f1db00d62f15eeb82b624389,NOAH`s DeFi ARK v.1 Governance Toke... (NOAH ARK),protocol,,Etherscan label (octal mirror) / DeFi,https://etherscan.io/accounts/label/defi,community
ethereum,0x6110c64219621ce5b02fb8e8e57b54c01b83bf85,Node Squared (N2),protocol,,Etherscan label (octal mirror) / DeFi,https://etherscan.io/accounts/label/defi,community
ethereum,0x2d6775c1673d4ce55e1f827a0d53e62c43d1f304,Nomad: Bridge,protocol,,Etherscan label / Bridge,https://etherscan.io/accounts/label/bridge,community
ethereum,0x6100dd79fcaa88420750dcee3f735d168abcb771,NONbeta (NON),protocol,,Etherscan label / Protocol,https://etherscan.io/accounts/label/protocol,community
ethereum,0x147ab744f058a52e828bee84a9c58660f2ff5ff9,Noodle (NOOD),protocol,,Etherscan label / DEX,https://etherscan.io/accounts/label/dex,community
ethereum,0x7061ee0896ab2c1865078b6c91731f67a89ea6a4,NOS nitrous.finance (NOS),protocol,,Etherscan label (octal mirror) / DeFi,https://etherscan.io/accounts/label/defi,community
ethereum,0xcfeaead4947f0705a14ec42ac3d44129e1ef3ed5,Notional (NOTE),protocol,,Etherscan label (octal mirror) / DeFi,https://etherscan.io/accounts/label/defi,community
ethereum,0x1f832091faf289ed4f50fe7418cfbd2611225d46,NToken0001 (N0001),protocol,,Etherscan label / Protocol,https://etherscan.io/accounts/label/protocol,community
ethereum,0x3496b523e5c00a4b4150d6721320cddb234c3079,NUM Token (NUM),protocol,,Etherscan label / Protocol,https://etherscan.io/accounts/label/protocol,community
ethereum,0x34769d3e122c93547836addd3eb298035d68f1c3,NumisMe Token (NUME),protocol,,Etherscan label (octal mirror) / DeFi,https://etherscan.io/accounts/label/defi,community
ethereum,0x89bd2e7e388fab44ae88bef4e1ad12b4f1e0911c,NUX Peanut.trade,protocol,,Etherscan label / DEX,https://etherscan.io/accounts/label/dex,community
ethereum,0x91bf381b418774f67b9af42c93b0d2a3aed74bd8,NXTSCORE (NXTX),protocol,,Etherscan label / Protocol,https://etherscan.io/accounts/label/protocol,community
ethereum,0xda446fad08277b4d2591536f204e018f32b6831c,NZD Stablecoin (NZDS),protocol,,Etherscan label (octal mirror) / Stablecoin,https://etherscan.io/accounts/label/stablecoin,community
ethereum,0xee9801669c6138e84bd50deb500827b776777d28,O3 Swap Token (O3),protocol,,Etherscan label (octal mirror) / DeFi,https://etherscan.io/accounts/label/defi,community
ethereum,0x794e6e91555438afc3ccf1c5076a74f42133d08d,OasisDEX,protocol,,Etherscan label / DEX,https://etherscan.io/accounts/label/dex,community
ethereum,0x19c9872640ec38c2cf36c0f04d1365ef067869b3,Oath Protocol,protocol,,Etherscan label / Protocol,https://etherscan.io/accounts/label/protocol,community
ethereum,0x2f109021afe75b949429fe30523ee7c0d5b27207,OCC (OCC),protocol,,Etherscan label (octal mirror) / DeFi,https://etherscan.io/accounts/label/defi,community
ethereum,0xf249d0f1ef461b50decb0fee83183c397eb374e6,OCTION TOKEN (WOCTI),protocol,,Etherscan label (octal mirror) / DeFi,https://etherscan.io/accounts/label/defi,community
ethereum,0x7240ac91f01233baaf8b064248e80feaa5912ba3,Octo.fi (OCTO),protocol,,Etherscan label (octal mirror) / DeFi,https://etherscan.io/accounts/label/defi,community
ethereum,0xcd2828fc4d8e8a0ede91bb38cf64b1a81de65bf6,OddzToken (ODDZ),protocol,,Etherscan label (octal mirror) / DeFi,https://etherscan.io/accounts/label/defi,community
ethereum,0x8683dcf44d44f78310bc9c1c1e9a0d75f8291d7e,ODE Money: Retirement Fund,protocol,,Etherscan label / DeFi,https://etherscan.io/accounts/label/defi,community
ethereum,0x9badd738839434696974f374c1828b071290acdd,OERO (OEUR),protocol,,Etherscan label / Stablecoin,https://etherscan.io/accounts/label/stablecoin,community
ethereum,0xabe580e7ee158da464b51ee1a83ac0289622e6be,Offshift (XFT),protocol,,Etherscan label (octal mirror) / DeFi,https://etherscan.io/accounts/label/defi,community
ethereum,0x9aeb50f542050172359a0e1a25a9933bc8c01259,oinfinance (OIN),protocol,,Etherscan label (octal mirror) / DeFi,https://etherscan.io/accounts/label/defi,community
ethereum,0x29117ff22c7f156ba0fcbdff92a07344e1d3440c,OMAGE (OMA),protocol,,Etherscan label (octal mirror) / DeFi,https://etherscan.io/accounts/label/defi,community
ethereum,0xf4c17bc4979c1dc7b4ca50115358dec58c67fd9d,Omega Protocol Money (OPM),protocol,,Etherscan label (octal mirror) / DeFi,https://etherscan.io/accounts/label/defi,community
ethereum,0x3eed23ea148d356a72ca695dbce2fceb40a32ce0,OMG Network V1: ETH Vault,protocol,,Etherscan label / Bridge,https://etherscan.io/accounts/label/bridge,community
ethereum,0x48d7a6bbc428bca019a560cf3e8ea5364395aad3,OMG Network V1: Exit Game,protocol,,Etherscan label / Bridge,https://etherscan.io/accounts/label/bridge,community
ethereum,0x0d4c1222f5e839a911e2053860e45f18921d72ac,OMG Network V1: Plasma Framework,protocol,,Etherscan label / DeFi,https://etherscan.io/accounts/label/defi,community
ethereum,0xdc1664458d2f0b6090bea60a8793a4e66c2f1c00,OMG Network: Boba Gateway,protocol,,Etherscan label / Bridge,https://etherscan.io/accounts/label/bridge,community
ethereum,0xd22dcf31ca28cf4dce530a0f120e244f4b4539eb,Omniunit (OMNIUNIT),protocol,,Etherscan label (octal mirror) / DeFi,https://etherscan.io/accounts/label/defi,community
ethereum,0xa960d2ba7000d58773e7fa5754dec3bb40a069d5,One DEX (ODEX),protocol,,Etherscan label / DEX,https://etherscan.io/accounts/label/dex,community
ethereum,0xc0ebcb68fc449104fd74e792fbe7153ad242f095,One Piece Coin,protocol,,Etherscan label / DEX,https://etherscan.io/accounts/label/dex,community
ethereum,0xc88f47067db2e25851317a2fdae73a22c0777c37,oneBTC (oneBTC),protocol,,Etherscan label / DEX,https://etherscan.io/accounts/label/dex,community
ethereum,0x6fcbbb527fb2954bed2b224a5bb7c23c5aeeb6e1,oneETH (oneETH),protocol,,Etherscan label (octal mirror) / DeFi,https://etherscan.io/accounts/label/defi,community
ethereum,0xec0d77a58528a218cbf41fa6e1585c8d7a085868,oneETH (oneETH),protocol,,Etherscan label / Stablecoin,https://etherscan.io/accounts/label/stablecoin,community
ethereum,0x18cc17a1eed37c02a77b0b96b7890c7730e2a2cf,oneLINK,protocol,,Etherscan label / DEX,https://etherscan.io/accounts/label/dex,community
ethereum,0x0b342c51d1592c41068d5d4b4da4a68c0a04d5a4,OneSwap (ONES),protocol,,Etherscan label / DEX,https://etherscan.io/accounts/label/dex,community
ethereum,0x7bd198b9107496fd5cc3d7655af52f43a8edbc4c,oneVBTC,protocol,,Etherscan label / DEX,https://etherscan.io/accounts/label/dex,community
ethereum,0x8f041a3940a5e6fb580075c3774e15fcfa0e1618,oneWING,protocol,,Etherscan label / DEX,https://etherscan.io/accounts/label/dex,community
ethereum,0x5967be3d7b38cea1f3e5f8d7deb7860ccfa21cb2,Onto Swap (OSWAP),protocol,,Etherscan label / DEX,https://etherscan.io/accounts/label/dex,community
ethereum,0x0de05f6447ab4d22c8827449ee4ba2d5c288379b,Ooki Token (OOKI),protocol,,Etherscan label (octal mirror) / DeFi,https://etherscan.io/accounts/label/defi,community
ethereum,0xce242415649c20729403b5b8ce2639660976b40e,Oolong token (OLT),protocol,,Etherscan label (octal mirror) / DeFi,https://etherscan.io/accounts/label/defi,community
ethereum,0x701c244b988a513c945973defa05de933b23fe1d,OpenANX (OAX),protocol,,Etherscan label / DEX,https://etherscan.io/accounts/label/dex,community
ethereum,0x92cfbec26c206c90aee3b7c66a9ae673754fab7e,OpenLeverage (OLE),protocol,,Etherscan label (octal mirror) / DeFi,https://etherscan.io/accounts/label/defi,community
ethereum,0x7778360f035c589fce2f4ea5786cbd8b36e5396b,OpenOcean (OOE),protocol,,Etherscan label (octal mirror) / DeFi,https://etherscan.io/accounts/label/defi,community
ethereum,0xc22d5b2951db72b44cfb8089bb8cd374a3c354ea,OpenRelay,protocol,,Etherscan label / DEX,https://etherscan.io/accounts/label/dex,community
ethereum,0x495f947276749ce646f68ac8c248420045cb7b5e,OpenSea Shared Storefront,protocol,,Etherscan label / OpenSea,https://etherscan.io/accounts/label/opensea,community
ethereum,0x1e0049783f008a0085193e00003d00cd54003c71,OpenSea: Conduit,protocol,,Etherscan label / OpenSea,https://etherscan.io/accounts/label/opensea,community
ethereum,0x939c8d89ebc11fa45e576215e2353673ad0ba18a,OpenSea: Deployer,protocol,,Etherscan label / OpenSea,https://etherscan.io/accounts/label/opensea,community
ethereum,0x9c4e9cce4780062942a7fe34fa2fa7316c872956,OpenSea: ENS Resolver,protocol,,Etherscan label / OpenSea,https://etherscan.io/accounts/label/opensea,community
ethereum,0x8de9c5a032463c561423387a9648c5c7bcc5bc90,OpenSea: Fees,protocol,,Etherscan label / OpenSea,https://etherscan.io/accounts/label/opensea,community
ethereum,0x34ba0f2379bf9b81d09f7259892e26a8b0885095,OpenSea: Fees 2,protocol,,Etherscan label / OpenSea,https://etherscan.io/accounts/label/opensea,community
ethereum,0x0000a26b00c1f0df003000390027140000faa719,OpenSea: Fees 3,protocol,,Etherscan label / OpenSea,https://etherscan.io/accounts/label/opensea,community
ethereum,0x004c00500000ad104d7dbd00e3ae0a5c00560c00,OpenSea: Pausable Zone,protocol,,Etherscan label / OpenSea,https://etherscan.io/accounts/label/opensea,community
ethereum,0xa5409ec958c83c3f309868babaca7c86dcb077c1,OpenSea: Registry,protocol,,Etherscan label / OpenSea,https://etherscan.io/accounts/label/opensea,community
ethereum,0x9b814233894cd227f561b78cc65891aa55c62ad2,OpenSea: Royalties Distributor,protocol,,Etherscan label / OpenSea,https://etherscan.io/accounts/label/opensea,community
ethereum,0x0000000000c2d145a2526bd8c716263bfebe1a72,OpenSea: Transfer Helper,protocol,,Etherscan label / OpenSea,https://etherscan.io/accounts/label/opensea,community
ethereum,0x5b3256965e7c3cf26e11fcaf296dfc8807c01073,OpenSea: Wallet,protocol,,Etherscan label / OpenSea,https://etherscan.io/accounts/label/opensea,community
ethereum,0x6a39909e805a3eadd2b61fff61147796ca6abb47,Optics: Bridge,protocol,,Etherscan label / Bridge,https://etherscan.io/accounts/label/bridge,community
ethereum,0x2784a755690453035f32ac5e28c52524d127afe2,Optics: ETH Helper,protocol,,Etherscan label / Bridge,https://etherscan.io/accounts/label/bridge,community
ethereum,0x10e6593cdda8c58a1d0f14c5164b376352a55f2f,Optimism: DAI Bridge,protocol,,Etherscan label / Bridge,https://etherscan.io/accounts/label/bridge,community
ethereum,0x467194771dae2967aef3ecbedd3bf9a310c76c65,Optimism: L1 Escrow,protocol,,Etherscan label / Bridge,https://etherscan.io/accounts/label/bridge,community
ethereum,0x9b75848172677042269c63365b57b0a51c21d031,Options.Market (OSM),protocol,,Etherscan label (octal mirror) / DeFi,https://etherscan.io/accounts/label/defi,community
ethereum,0x7f0a3c8127c06429ddf21482a63788d200f19d65,OptiVault: M's Campaign,protocol,,Etherscan label / DeFi,https://etherscan.io/accounts/label/defi,community
ethereum,0x4dda68b16e0b2a942b4852ecd13e28fb92d47f26,OptiVault: Sophomore Year,protocol,,Etherscan label / DeFi,https://etherscan.io/accounts/label/defi,community
ethereum,0xd6cb2adf47655b1babddc214d79257348cbc39a7,Oracle Top 5 Tokens Index (ORCL5),protocol,,Etherscan label (octal mirror) / DeFi,https://etherscan.io/accounts/label/defi,community
ethereum,0x4c11249814f11b9346808179cf06e71ac328c1b5,Oraichain Token (ORAI),protocol,,Etherscan label (octal mirror) / DeFi,https://etherscan.io/accounts/label/defi,community
ethereum,0x11a2ab94ade17e96197c78f9d5f057332a19a0b9,Orbicular (ORBI),protocol,,Etherscan label (octal mirror) / DeFi,https://etherscan.io/accounts/label/defi,community
ethereum,0x2de27d3432d3188b53b02137e07b47896d347d45,OrbicularV2 (ORBIv2),protocol,,Etherscan label (octal mirror) / DeFi,https://etherscan.io/accounts/label/defi,community
ethereum,0x4bf5cd1ac6fff12e88aedd3c70eb4148f90f8894,Orbit (ORBIT),protocol,,Etherscan label (octal mirror) / DeFi,https://etherscan.io/accounts/label/defi,community
ethereum,0x1bf68a9d1eaee7826b3593c20a0ca93293cb489a,Orbit Chain: Bridge,protocol,,Etherscan label / Bridge,https://etherscan.io/accounts/label/bridge,community
ethereum,0x2a8e1e676ec238d8a992307b495b45b3feaa5e86,Origin Dollar,protocol,,Etherscan label / Stablecoin,https://etherscan.io/accounts/label/stablecoin,community
ethereum,0x9c354503c38481a7a7a51629142963f98ecc12d0,Origin Dollar Governance (OGV),protocol,,Etherscan label (octal mirror) / Stablecoin,https://etherscan.io/accounts/label/stablecoin,community
ethereum,0x739d2fccf04889965b6f4eb7830f5b7270fab2c1,Orocrypt Gold Token (OCG),protocol,,Etherscan label (octal mirror) / Stablecoin,https://etherscan.io/accounts/label/stablecoin,community
ethereum,0x23ec026590d6cccfece04097f9b49ae6a442c3ba,OtoCo (OTOCO),protocol,,Etherscan label (octal mirror) / DeFi,https://etherscan.io/accounts/label/defi,community
ethereum,0xde52a16c6db7914e6953e27a7df4ce6a315f8b45,OUCHI Token (OUCHI),protocol,,Etherscan label (octal mirror) / DEX,https://etherscan.io/accounts/label/dex,community
ethereum,0x965697b4ef02f0de01384d0d4f9f782b1670c163,Oxygen Ecosystem Token (OXY),protocol,,Etherscan label (octal mirror) / DeFi,https://etherscan.io/accounts/label/defi,community
ethereum,0x9a66fd7948a6834176fbb1c4127c61cb6d349561,P2P.ORG: Lido Node Operator,protocol,,Etherscan label / Lido,https://etherscan.io/accounts/label/lido,community
ethereum,0x078dbeab281befe80fff6ea151355ef5c9dfc1dc,p2pl.finance (P2PL),protocol,,Etherscan label (octal mirror) / DeFi,https://etherscan.io/accounts/label/defi,community
ethereum,0x66e7ce35578a37209d01f99f3d2ff271f981f581,PACT community token (PACT),protocol,,Etherscan label (octal mirror) / DeFi,https://etherscan.io/accounts/label/defi,community
ethereum,0x5067006f830224960fb419d7f25a3a53e9919bb0,PAD (PAD),protocol,,Etherscan label (octal mirror) / Multichain,https://etherscan.io/accounts/label/multichain,community
ethereum,0x1614f18fc94f47967a3fbe5ffcd46d4e7da3d787,PAID Network (PAID),protocol,,Etherscan label (octal mirror) / DeFi,https://etherscan.io/accounts/label/defi,community
ethereum,0x61bc1f530ac6193d73af1e1a6a14cb44b9c3f915,Pajama.Finance (PJM),protocol,,Etherscan label (octal mirror) / DeFi,https://etherscan.io/accounts/label/defi,community
ethereum,0x24e79e946dea5482212c38aab2d0782f04cdb0e0,Paladin stkAAVE (palStkAAVE),protocol,,Etherscan label (octal mirror) / DeFi,https://etherscan.io/accounts/label/defi,community
ethereum,0x7c8161545717a334f3196e765d9713f8042ef338,PancakeSwap Token (Wormhole),protocol,,Etherscan label / Bridge,https://etherscan.io/accounts/label/bridge,community
ethereum,0xbdade4fb8ababc2c1270518ac020b4705791178a,PANDAMOGO (PAND$),protocol,,Etherscan label (octal mirror) / DeFi,https://etherscan.io/accounts/label/defi,community
ethereum,0x909e34d3f6124c324ac83dcca84b74398a6fa173,Panther ($ZKP),protocol,,Etherscan label (octal mirror) / DeFi,https://etherscan.io/accounts/label/defi,community
ethereum,0x54b8d105aa09342fad6b352d41a0bad3e1a9aa9d,PANTOMIME (PANTO),protocol,,Etherscan label / DEX,https://etherscan.io/accounts/label/dex,community
ethereum,0x536381a8628dbcc8c70ac9a30a7258442eab4c92,Pantos Token (PAN),protocol,,Etherscan label / Protocol,https://etherscan.io/accounts/label/protocol,community
ethereum,0x4e82a7ec00f3bbb1294fc31d3acd7250edf2035c,Panzerprotocol.io (PNZR),protocol,,Etherscan label (octal mirror) / DeFi,https://etherscan.io/accounts/label/defi,community
ethereum,0xddce093888c8dc636677cd29bc6c68d35cfdac33,PAPER token (PAPER),protocol,,Etherscan label (octal mirror) / DeFi,https://etherscan.io/accounts/label/defi,community
ethereum,0x68037790a0229e9ce6eaa8a99ea92964106c4703,PAR Stablecoin,protocol,,Etherscan label / Stablecoin,https://etherscan.io/accounts/label/stablecoin,community
ethereum,0xd2045edc40199019e221d71c0913343f7908d0d5,Paradex,protocol,,Etherscan label / DEX,https://etherscan.io/accounts/label/dex,community
ethereum,0x375abb85c329753b1ba849a601438ae77eec9893,Paragons DAO Token (PDT),protocol,,Etherscan label (octal mirror) / DeFi,https://etherscan.io/accounts/label/defi,community
ethereum,0x3a8d5bc8a8948b68dfc0ce9c14ac4150e083518c,Paralink Network (PARA),protocol,,Etherscan label (octal mirror) / DeFi,https://etherscan.io/accounts/label/defi,community
ethereum,0xcafe001067cdef266afb7eb5a286dcfd277f3de5,ParaSwap (PSP),protocol,,Etherscan label / DEX,https://etherscan.io/accounts/label/dex,community
ethereum,0x1bd435f3c054b6e901b7b108a0ab7617c808677b,ParaSwap P4,protocol,,Etherscan label / DEX,https://etherscan.io/accounts/label/dex,community
ethereum,0x86969d29f5fd327e1009ba66072be22db6017cc6,ParaSwap V1,protocol,,Etherscan label / DeFi,https://etherscan.io/accounts/label/defi,community
ethereum,0x9509665d015bfe3c77aa5ad6ca20c8afa1d98989,ParaSwap V2,protocol,,Etherscan label / DEX,https://etherscan.io/accounts/label/dex,community
ethereum,0xf90e98f3d8dce44632e5020abf2e122e0f99dfab,ParaSwap V3,protocol,,Etherscan label / DEX,https://etherscan.io/accounts/label/dex,community
ethereum,0xadfb28426864c0ff169f5dcead2efdd09e0deec9,PAREX (PRX),protocol,,Etherscan label (octal mirror) / DeFi,https://etherscan.io/accounts/label/defi,community
ethereum,0xd528cf2e081f72908e086f8800977df826b5a483,Paribus (PBX),protocol,,Etherscan label / Protocol,https://etherscan.io/accounts/label/protocol,community
ethereum,0x496266ff0876262b0177cef026a117abc24b2532,Parity Blockchain Dollar,protocol,,Etherscan label / Stablecoin,https://etherscan.io/accounts/label/stablecoin,community
ethereum,0x24fdbf97a95d425e2e53d1d35c4920c82ba784f1,Paycer (PCR),protocol,,Etherscan label (octal mirror) / DeFi,https://etherscan.io/accounts/label/defi,community
ethereum,0xdf9f6a287d099a1411d4b6627bc977530ca25fc0,payonir (PAYR),protocol,,Etherscan label (octal mirror) / DeFi,https://etherscan.io/accounts/label/defi,community
ethereum,0x38d389c300357a26beec198f3893fba54fde69c5,PayUSD (PUSD),protocol,,Etherscan label (octal mirror) / Stablecoin,https://etherscan.io/accounts/label/stablecoin,community
ethereum,0x31d939dc09a6bb55642fcbf9d56166ebc0bdec9a,Peach.Finance (PEECH),protocol,,Etherscan label (octal mirror) / DeFi,https://etherscan.io/accounts/label/defi,community
ethereum,0xa4c6984e817c086ddc3ebaeedbdcc01469586918,Peaches.Finance (PCHS),protocol,,Etherscan label (octal mirror) / DeFi,https://etherscan.io/accounts/label/defi,community
ethereum,0x630d98424efe0ea27fb1b3ab7741907dffeaad78,PEAKDEFI (PEAK),protocol,,Etherscan label (octal mirror) / DeFi,https://etherscan.io/accounts/label/defi,community
ethereum,0x9ad45e692350ba56e2583671c4bd76c5331a249e,PeepsPay (PeepsPay),protocol,,Etherscan label (octal mirror) / DeFi,https://etherscan.io/accounts/label/defi,community
ethereum,0xd5a14d945c818d4e38d3627c6a28b5a1c6df6b9c,PenguinSwap (PENS),protocol,,Etherscan label (octal mirror) / DeFi,https://etherscan.io/accounts/label/defi,community
ethereum,0x5d30ad9c6374bf925d0a75454fa327aacf778492,Peri Finance Token (PERI),protocol,,Etherscan label (octal mirror) / DeFi,https://etherscan.io/accounts/label/defi,community
ethereum,0x8f92e7353b180937895e0c5937d616e8ea1a2bb9,Phala Network: Main Bridge Contract,protocol,,Etherscan label / Bridge,https://etherscan.io/accounts/label/bridge,community
ethereum,0xeec0fb4913119567cdfc0c5fc2bf8f9f9b226c2d,Phala Network: Phala Chain Bridge,protocol,,Etherscan label / Bridge,https://etherscan.io/accounts/label/bridge,community
ethereum,0x2e09a70dca6ab05505b26382003912783e588f9c,Phantom Project (PHAN),protocol,,Etherscan label (octal mirror) / DeFi,https://etherscan.io/accounts/label/defi,community
ethereum,0x3f9bec82c776c47405bcb38070d2395fd18f89d3,Phantom Protocol Token (PHM),protocol,,Etherscan label (octal mirror) / DeFi,https://etherscan.io/accounts/label/defi,community
ethereum,0xaec65404ddc3af3c897ad89571d5772c1a695f22,Phoenix Token (PHX),protocol,,Etherscan label (octal mirror) / DeFi,https://etherscan.io/accounts/label/defi,community
ethereum,0x632806bf5c8f062932dd121244c9fbe7becb8b48,Phuture DeFi Index (PDI),protocol,,Etherscan label (octal mirror) / DeFi,https://etherscan.io/accounts/label/defi,community
ethereum,0xe4f726adc8e89c6a6017f01eada77865db22da14,PieDAO Balanced Crypto Pie (BCP),protocol,,Etherscan label (octal mirror) / DeFi,https://etherscan.io/accounts/label/defi,community
ethereum,0x0327112423f3a68efdf1fcf402f6c5cb9f7c33fd,PieDAO BTC++ (BTC++),protocol,,Etherscan label (octal mirror) / DeFi,https://etherscan.io/accounts/label/defi,community
ethereum,0x78f225869c08d478c34e5f645d07a87d3fe8eb78,PieDAO DEFI Large Cap (DEFI+L),protocol,,Etherscan label (octal mirror) / DeFi,https://etherscan.io/accounts/label/defi,community
ethereum,0xad6a626ae2b43dcb1b39430ce496d2fa0365ba9c,PieDAO DEFI Small Cap (DEFI+S),protocol,,Etherscan label (octal mirror) / DeFi,https://etherscan.io/accounts/label/defi,community
ethereum,0x8d1ce361eb68e9e05573443c407d4a3bed23b033,PieDAO DEFI++ (DEFI++),protocol,,Etherscan label (octal mirror) / DeFi,https://etherscan.io/accounts/label/defi,community
ethereum,0x17525e4f4af59fbc29551bc4ece6ab60ed49ce31,PieDAO Yearn Ecosystem Pie (YPIE),protocol,,Etherscan label (octal mirror) / DeFi,https://etherscan.io/accounts/label/defi,community
ethereum,0xf9027c902095e5f5c038c256579ca433c4dbdc96,Pika Finance (PIKA),protocol,,Etherscan label (octal mirror) / DeFi,https://etherscan.io/accounts/label/defi,community
ethereum,0xef5b32486ed432b804a51d129f4d2fbdf18057ec,Pirate Inu (PINU),protocol,,Etherscan label (octal mirror) / DeFi,https://etherscan.io/accounts/label/defi,community
ethereum,0x315dc1b524de57ae8e809a2e97699dbc895b8a21,PIST TRUST (PIST),protocol,,Etherscan label (octal mirror) / DeFi,https://etherscan.io/accounts/label/defi,community
ethereum,0xce1298ef635326d9f197963e49e1e67422761897,PiSwap Token (PIS),protocol,,Etherscan label / DEX,https://etherscan.io/accounts/label/dex,community
ethereum,0x856ee6a073386b2dd440a8cfc9d961b64aa78fe0,Pixie Inu (PIXIE),protocol,,Etherscan label (octal mirror) / DeFi,https://etherscan.io/accounts/label/defi,community
ethereum,0x5718af2dd07cd76ab0606f66565275f6c29f132f,Pixul (PIXUL),protocol,,Etherscan label (octal mirror) / DeFi,https://etherscan.io/accounts/label/defi,community
ethereum,0x3d3097cd94fec5dc823e5025a59438e63757dc79,PLASMA (PLASMA),protocol,,Etherscan label (octal mirror) / DeFi,https://etherscan.io/accounts/label/defi,community
ethereum,0x054d64b73d3d8a21af3d764efd76bcaa774f3bb2,Plasma (PPAY),protocol,,Etherscan label (octal mirror) / DeFi,https://etherscan.io/accounts/label/defi,community
ethereum,0x9fd1d329bb687fef164f529f6f6dcd6f69e7b978,PlasmaStaking (xPPAY),protocol,,Etherscan label (octal mirror) / DeFi,https://etherscan.io/accounts/label/defi,community
ethereum,0x993baee8adf23555b20881598eb2b151f80ea674,PLENA (PLENA),protocol,,Etherscan label (octal mirror) / DeFi,https://etherscan.io/accounts/label/defi,community
ethereum,0x3642c0680329ae3e103e2b5ab29ddfed4d43cbe5,Plenny (PL2),protocol,,Etherscan label / Bridge,https://etherscan.io/accounts/label/bridge,community
ethereum,0x60b9c9c167ba57cc376b0faafc68df5c9882328e,Plexus (PLX),protocol,,Etherscan label / DEX,https://etherscan.io/accounts/label/dex,community
ethereum,0x1052620f0cb7247b8622b85d04180e25f49d2267,plouto.finance (PLU),protocol,,Etherscan label (octal mirror) / DeFi,https://etherscan.io/accounts/label/defi,community
ethereum,0xf4ea6b892853413bd9d9f1a5d3a620a0ba39c5b2,pNetwork Token (ethPNT),protocol,,Etherscan label (octal mirror) / DeFi,https://etherscan.io/accounts/label/defi,community
ethereum,0x89ab32156e46f46d02ade3fecbe5fc4243b9aaed,pNetwork Token (PNT),protocol,,Etherscan label (octal mirror) / DeFi,https://etherscan.io/accounts/label/defi,community
ethereum,0x2140ecdc45c89ca112523637824513bae72c8671,POA Network: AMB-ETH-POA,protocol,,Etherscan label / Bridge,https://etherscan.io/accounts/label/bridge,community
ethereum,0x4c36d2919e407f0cc2ee3c993ccf8ac26d9ce64e,POA Network: AMB-ETH-XDAI,protocol,,Etherscan label / Bridge,https://etherscan.io/accounts/label/bridge,community
ethereum,0x60a91e2b7a1568f0848f3d43353c453730082e46,PoLido (PLO),protocol,,Etherscan label / Lido,https://etherscan.io/accounts/label/lido,community
ethereum,0x58712c6d7aab798fc312f481e677e20253c8c7c7,PolkaBased (POB),protocol,,Etherscan label (octal mirror) / DeFi,https://etherscan.io/accounts/label/defi,community
ethereum,0x48e96798cc9dc0db796d7fdda27a112d699b0591,polkacomma.com (COMMA),protocol,,Etherscan label (octal mirror) / DeFi,https://etherscan.io/accounts/label/defi,community
ethereum,0x8b39b70e39aa811b69365398e0aace9bee238aeb,PolkaFoundry (PKF),protocol,,Etherscan label (octal mirror) / DeFi,https://etherscan.io/accounts/label/defi,community
ethereum,0x80ce3027a70e0a928d9268994e9b85d03bd4cdcf,Polkalokr (LKR),protocol,,Etherscan label (octal mirror) / DeFi,https://etherscan.io/accounts/label/defi,community
ethereum,0xd478161c952357f05f0292b56012cd8457f1cfbf,Polkamarkets (POLK),protocol,,Etherscan label (octal mirror) / DeFi,https://etherscan.io/accounts/label/defi,community
ethereum,0x67ad111e81408fc444b6a15bd4ffa40c6e919b65,Poll Finance (POLL),protocol,,Etherscan label (octal mirror) / DeFi,https://etherscan.io/accounts/label/defi,community
ethereum,0xc8a65fadf0e0ddaf421f28feab69bf6e2e589963,Poly Network Attacker 2021 (ETH),protocol,,Poly Network publicly identified attacker address (via Chainalysis report citing Poly),https://www.chainalysis.com/blog/poly-network-hack-august-2021/,community
ethereum,0xa14c04dea16798aa8f25b1da583cd5fbbfd6579e,Polychain Monsters Land Genesis Tok... (PMLG),protocol,,Etherscan label (octal mirror) / DeFi,https://etherscan.io/accounts/label/defi,community
ethereum,0x8484ef722627bf18ca5ae6bcf031c23e6e922b30,Polygon (Matic): Ether Bridge,protocol,,Etherscan label / Bridge,https://etherscan.io/accounts/label/bridge,community
ethereum,0xa68d85df56e733a06443306a095646317b5fa633,Polygon: Hermez,protocol,,Etherscan label / Bridge,https://etherscan.io/accounts/label/bridge,community
ethereum,0xaa2636dd8535ef02926d818670c44a07d707014e,PonteGold (GOLDP),protocol,,Etherscan label / Stablecoin,https://etherscan.io/accounts/label/stablecoin,community
ethereum,0x0d97fee619d955509e54b046c9992b6e9f5b0630,PONY Index (PONY),protocol,,Etherscan label (octal mirror) / DeFi,https://etherscan.io/accounts/label/defi,community
ethereum,0xf53ad2c6851052a81b42133467480961b2321c09,Pooled Ether (PETH),protocol,,Etherscan label / Maker,https://etherscan.io/accounts/label/maker,community
ethereum,0x334cbb5858417aee161b53ee0d5349ccf54514cf,PoolTogether Dai Ticket (Compound) (PcDAI),protocol,,Etherscan label (octal mirror) / Protocol,https://etherscan.io/accounts/label/protocol,community
ethereum,0xa92a861fc11b99b24296af880011b47f9cafb5ab,PoolTogether UNI Ticket (Compound),protocol,,Etherscan label / Protocol,https://etherscan.io/accounts/label/protocol,community
ethereum,0xd81b1a8b1ad00baa2d6609e0bae28a38713872f7,PoolTogether USDC Ticket (Compound),protocol,,Etherscan label / Protocol,https://etherscan.io/accounts/label/protocol,community
ethereum,0x7fc3ec3574d408f3b59cd88709bacb42575ebf2b,POP! (POP!),protocol,,Etherscan label (octal mirror) / DeFi,https://etherscan.io/accounts/label/defi,community
ethereum,0xd0cd466b34a24fcb2f87676278af2005ca8a78c4,Popcorn (POP),protocol,,Etherscan label (octal mirror) / DeFi,https://etherscan.io/accounts/label/defi,community
ethereum,0xa916d194cdc1fad83f5e0e4a5720a10922deb088,Poplink Token (POPO),protocol,,Etherscan label (octal mirror) / DeFi,https://etherscan.io/accounts/label/defi,community
ethereum,0x6f9efbc572db919c6765e12cb981bf9c388ea1b4,PORTA PROTOCOL (PORTA),protocol,,Etherscan label (octal mirror) / DeFi,https://etherscan.io/accounts/label/defi,community
ethereum,0xa5b947687163fe88c3e6af5b17ae69896f4abccf,Poseidon - H2O Governance Token (PSDN),protocol,,Etherscan label (octal mirror) / DeFi,https://etherscan.io/accounts/label/defi,community
ethereum,0x9dcd36e6f3dd1186d902de9241e10c2c2171a2ef,PotterSwap Token,protocol,,Etherscan label / DEX,https://etherscan.io/accounts/label/dex,community
ethereum,0x555774b4ead6accbd5eeafd0a2ab821299355cd7,Pound Sterling,protocol,,Etherscan label / Stablecoin,https://etherscan.io/accounts/label/stablecoin,community
ethereum,0x86b4dbe5d203e634a12364c0e428fa242a3fba98,poundtoken (GBPT),protocol,,Etherscan label / Stablecoin,https://etherscan.io/accounts/label/stablecoin,community
ethereum,0xece8531550fc599ccb2c7734494fbc358d0a9483,PP (PP),protocol,,Etherscan label (octal mirror) / DeFi,https://etherscan.io/accounts/label/defi,community
ethereum,0x6399c842dd2be3de30bf99bc7d1bbf6fa3650e70,Premia (PREMIA),protocol,,Etherscan label (octal mirror) / DeFi,https://etherscan.io/accounts/label/defi,community
ethereum,0xb9871cb10738eada636432e86fc0cb920dc3de24,PRIA (PRIA),protocol,,Etherscan label (octal mirror) / DeFi,https://etherscan.io/accounts/label/defi,community
ethereum,0x9043d4d51c9d2e31e3f169de4551e416970c27ef,Prime DAI (pDAI),protocol,,Etherscan label (octal mirror) / DeFi,https://etherscan.io/accounts/label/defi,community
ethereum,0xd46df541148932690b81092f600f35208afd4325,PRISM Token (PRISM),protocol,,Etherscan label (octal mirror) / DeFi,https://etherscan.io/accounts/label/defi,community
ethereum,0x2ec3275f7ace4044e499823f511cd58250be8e3d,Privilege (PRVG),protocol,,Etherscan label (octal mirror) / DeFi,https://etherscan.io/accounts/label/defi,community
ethereum,0xba661219f80902d52864dafea5a008deab1ad097,Prodexp Token (PROD),protocol,,Etherscan label (octal mirror) / DeFi,https://etherscan.io/accounts/label/defi,community
ethereum,0xa75e7928d3de682e3f44da60c26f33117c4e6c5c,Propel Token (PEL),protocol,,Etherscan label (octal mirror) / DeFi,https://etherscan.io/accounts/label/defi,community
ethereum,0x2341dd0a96a0dab62aa1efb93d59ff7f3bdb8932,ProStarter (PROT),protocol,,Etherscan label (octal mirror) / DeFi,https://etherscan.io/accounts/label/defi,community
ethereum,0x094f00cb5e31ab6164e3cacb654e8d6c2b3b471c,ProSwap (PROS),protocol,,Etherscan label (octal mirror) / DeFi,https://etherscan.io/accounts/label/defi,community
ethereum,0x282d0ad1fa03dfbdb88243b958e77349c73737d1,Protector Roge (PROGE),protocol,,Etherscan label (octal mirror) / DeFi,https://etherscan.io/accounts/label/defi,community
ethereum,0x7b69d465c0f9fb22affae56aa86149973e9b0966,Protocol Finance,protocol,,Etherscan label / Protocol,https://etherscan.io/accounts/label/protocol,community
ethereum,0x59adcf176ed2f6788a41b8ea4c4904518e62b6a4,ProtoSAI Token,protocol,,Etherscan label / Maker,https://etherscan.io/accounts/label/maker,community
ethereum,0x3bf3a9260fe18a1239767ac6f0f0bc7c1e5d1cbc,Prysmatic Labs: Lido Node Operator,protocol,,Etherscan label / Lido,https://etherscan.io/accounts/label/lido,community
ethereum,0xc9fe9ca3e3bae20fd8a40b844db5c9e069e89b91,PSAT (PSAT),protocol,,Etherscan label (octal mirror) / DeFi,https://etherscan.io/accounts/label/defi,community
ethereum,0x27b85f596feb14e4b5faa9671720a556a7608c69,PT Compound cCOMP Ticket,protocol,,Etherscan label / Protocol,https://etherscan.io/accounts/label/protocol,community
ethereum,0x4f640f2529ee0cf119a2881485845fa8e61a782a,pTokens ORE (ORE),protocol,,Etherscan label (octal mirror) / DeFi,https://etherscan.io/accounts/label/defi,community
ethereum,0x7825e833d495f3d1c28872415a4aee339d26ac88,pTokens TLOS (TLOS),protocol,,Etherscan label (octal mirror) / DeFi,https://etherscan.io/accounts/label/defi,community
ethereum,0x0c334506e0bcb7c17b583cb7c0ec2f5857bf9e6f,Public Goods (PUBG),protocol,,Etherscan label (octal mirror) / DeFi,https://etherscan.io/accounts/label/defi,community
ethereum,0x408f66057163d829a30d4d466092c6b0eebb692f,Pulsar Protocol: Factory,protocol,,Etherscan label / DeFi,https://etherscan.io/accounts/label/defi,community
ethereum,0xcd43aba971bef65555d877657f83093ddfb885b8,Pulsar Protocol: TWAMM,protocol,,Etherscan label / DeFi,https://etherscan.io/accounts/label/defi,community
ethereum,0x0e2d791d78e6cc39c8dbeb7898b02221ac35c3f7,Pump Token (PUMP),protocol,,Etherscan label (octal mirror) / DeFi,https://etherscan.io/accounts/label/defi,community
ethereum,0x61f532ef937e809567d69531ae533595402bb4a8,pumpgastoken (PUMP),protocol,,Etherscan label / DEX,https://etherscan.io/accounts/label/dex,community
ethereum,0x9cea2ed9e47059260c97d697f82b8a14efa61ea5,Punk (PUNK),protocol,,Etherscan label / Protocol,https://etherscan.io/accounts/label/protocol,community
ethereum,0x558985b6ee1e4f5146060b1a2a56fd5c8ffb9c68,Punk Token (PUNK),protocol,,Etherscan label (octal mirror) / DeFi,https://etherscan.io/accounts/label/defi,community
ethereum,0xd17a54a6a82d4db92a9038d3ba277e71f74d18ac,Pussy Cat Core (PCAT),protocol,,Etherscan label (octal mirror) / DeFi,https://etherscan.io/accounts/label/defi,community
ethereum,0xf0a93d4994b3d98fb5e3a2f90dbc2d69073cb86b,PWRD Stablecoin (PWRD),protocol,,Etherscan label (octal mirror) / DeFi,https://etherscan.io/accounts/label/defi,community
ethereum,0xbea1d2a9305b0eb5c022332b50cc9960b0583b3b,pxseal.eth.link (PXSEAL),protocol,,Etherscan label (octal mirror) / DeFi,https://etherscan.io/accounts/label/defi,community
ethereum,0xfee4dbe2751bf8d1b1b861aaf9664961f19ce91a,Q DeFi Rating & Governance toke... (QDeFi),protocol,,Etherscan label (octal mirror) / DeFi,https://etherscan.io/accounts/label/defi,community
ethereum,0xaaa7a10a8ee237ea61e8ac46c50a8db8bcc1baaa,QANX Token (QANX),protocol,,Etherscan label (octal mirror) / DeFi,https://etherscan.io/accounts/label/defi,community
ethereum,0x4a16baf414b8e637ed12019fad5dd705735db2e0,QCAD (QCAD),protocol,,Etherscan label (octal mirror) / Stablecoin,https://etherscan.io/accounts/label/stablecoin,community
ethereum,0x50884c41e84b69f936d3bb90493504f21c7b881d,QNFT Token (QNFT),protocol,,Etherscan label (octal mirror) / DeFi,https://etherscan.io/accounts/label/defi,community
ethereum,0xccdb064a41afcd432bcea6f6d0d1e7c371d0b002,Qrolli (QR),protocol,,Etherscan label / Protocol,https://etherscan.io/accounts/label/protocol,community
ethereum,0xc28e931814725bbeb9e670676fabbcb694fe7df2,QuadrantProtocol,protocol,,Etherscan label / Protocol,https://etherscan.io/accounts/label/protocol,community
ethereum,0x40821cd074dfecb1524286923bc69315075b5c89,QUAI (QUAI),protocol,,Etherscan label (octal mirror) / DeFi,https://etherscan.io/accounts/label/defi,community
ethereum,0x2720bc34be77c8df0e0842ffbbc4b8b625e8ce9b,Quantanomica (QNA),protocol,,Etherscan label (octal mirror) / DeFi,https://etherscan.io/accounts/label/defi,community
ethereum,0x0173661769325565d4f011b2e5cda688689cc87c,Quantland (QLT),protocol,,Etherscan label (octal mirror) / DeFi,https://etherscan.io/accounts/label/defi,community
ethereum,0xb2d74b7a454eda300c6e633f5b593d128c0c0dcf,Qub Coin (QUB),protocol,,Etherscan label (octal mirror) / DeFi,https://etherscan.io/accounts/label/defi,community
ethereum,0xdd2955b7b00cfcde3c49dc212709a97da182ef3e,QUICKCASH (QC),protocol,,Etherscan label / Stablecoin,https://etherscan.io/accounts/label/stablecoin,community
ethereum,0xd2ba23de8a19316a638dc1e7a9adda1d74233368,QuickSwap (QUICK),protocol,,Etherscan label / DEX,https://etherscan.io/accounts/label/dex,community
ethereum,0xdf34f62a90717bac9067a1b9eb49f5e7419fdc7f,Quokka (QUOK),protocol,,Etherscan label / DEX,https://etherscan.io/accounts/label/dex,community
ethereum,0xf9fbe825bfb2bf3e387af0dc18cac8d87f29dea8,Radar (RADAR),protocol,,Etherscan label (octal mirror) / DeFi,https://etherscan.io/accounts/label/defi,community
ethereum,0xa258b39954cef5cb142fd567a46cddb31a670124,Radar Relay,protocol,,Etherscan label / DEX,https://etherscan.io/accounts/label/dex,community
ethereum,0xf30547ff2df1f1cbe5c8dd758b3dd098c856e38f,Rai.Finance (Rai),protocol,,Etherscan label (octal mirror) / DeFi,https://etherscan.io/accounts/label/defi,community
ethereum,0x87add554a22f39d083922701fc2dbf23ce005558,Rainbow (RBOW),protocol,,Etherscan label (octal mirror) / DeFi,https://etherscan.io/accounts/label/defi,community
ethereum,0xe94b97b6b43639e238c851a7e693f50033efd75c,Rainbow Token (RNBW),protocol,,Etherscan label (octal mirror) / DeFi,https://etherscan.io/accounts/label/defi,community
ethereum,0x33d0568941c0c64ff7e0fb4fba0b11bd37deed9f,RAMP DEFI (RAMP),protocol,,Etherscan label (octal mirror) / DeFi,https://etherscan.io/accounts/label/defi,community
ethereum,0x9d72bcfb7f3bafe7b7d03e33265e75fa8b842cd7,Rao Token (RAO),protocol,,Etherscan label (octal mirror) / DeFi,https://etherscan.io/accounts/label/defi,community
ethereum,0x3719c13d28a5adaba97b6c343b1f51e57b6b6e7d,Rapid Swap (RAPID),protocol,,Etherscan label (octal mirror) / DeFi,https://etherscan.io/accounts/label/defi,community
ethereum,0x5ea4a9a7592683bf0bc187d6da706c6c4770976f,Rari Capital: RGT Reserves,protocol,,Etherscan label / DeFi,https://etherscan.io/accounts/label/defi,community
ethereum,0x6420a10a763db3e0f3b8eb501ba9c6153619410b,RAS (RAS),protocol,,Etherscan label / Stablecoin,https://etherscan.io/accounts/label/stablecoin,community
ethereum,0x5eaa69b29f99c84fe5de8200340b4e9b4ab38eac,Raze Network (RAZE),protocol,,Etherscan label (octal mirror) / DeFi,https://etherscan.io/accounts/label/defi,community
ethereum,0xf9a2d7e60a3297e513317ad1d7ce101cc4c6c8f6,Realio Network USD Stablecoin,protocol,,Etherscan label / Stablecoin,https://etherscan.io/accounts/label/stablecoin,community
ethereum,0x1a76bffd6d1fc1660e1d0e0552fde51ddbb120cf,Realio Security Token (RST),protocol,,Etherscan label (octal mirror) / DeFi,https://etherscan.io/accounts/label/defi,community
ethereum,0xe74be071f3b62f6a4ac23ca68e5e2a39797a3c30,Recharge (RCG),protocol,,Etherscan label (octal mirror) / DeFi,https://etherscan.io/accounts/label/defi,community
ethereum,0x1e6f69ed9375c3ba4b8e09ed9cee6bd31b3848ac,Red Cherry (RCH),protocol,,Etherscan label (octal mirror) / DeFi,https://etherscan.io/accounts/label/defi,community
ethereum,0xea8b224edd3e342deb514c4176c2e72bcce6fff9,Redeemable SAI (rSAI),protocol,,Etherscan label (octal mirror) / DeFi,https://etherscan.io/accounts/label/defi,community
ethereum,0xf3de3a7acc03ea36582c091d5680062adbb62e8d,Redix Finance (Redix),protocol,,Etherscan label (octal mirror) / DeFi,https://etherscan.io/accounts/label/defi,community
ethereum,0x000000000000cb2d80a37898be43579c7b616844,REDUX (REDUX),protocol,,Etherscan label (octal mirror) / DeFi,https://etherscan.io/accounts/label/defi,community
ethereum,0x61ed1c66239d29cc93c8597c6167159e8f69a823,Reference System for DeFi (RSD),protocol,,Etherscan label (octal mirror) / DeFi,https://etherscan.io/accounts/label/defi,community
ethereum,0xf687e1481d85f8b9f4d1f4d4c15348cef8e5a762,Relay Chain: Bridge,protocol,,Etherscan label / Bridge,https://etherscan.io/accounts/label/bridge,community
ethereum,0x5d843fa9495d23de997c394296ac7b4d721e841c,Relay Token (RELAY),protocol,,Etherscan label (octal mirror) / DeFi,https://etherscan.io/accounts/label/defi,community
ethereum,0x0e58ed58e150dba5fd8e5d4a49f54c7e1e880124,Relite (RELI),protocol,,Etherscan label (octal mirror) / DeFi,https://etherscan.io/accounts/label/defi,community
ethereum,0x83984d6142934bb535793a82adb0a46ef0f66b6d,REMME (REM),protocol,,Etherscan label / Protocol,https://etherscan.io/accounts/label/protocol,community
ethereum,0xe4b679400f0f267212d5d812b95f58c83243ee71,Ren: BTC Gateway,protocol,,Etherscan label / Bridge,https://etherscan.io/accounts/label/bridge,community
ethereum,0x32666b64e9fd0f44916e1378efb2cfa3b3b96e80,Ren: RenBridge,protocol,,Etherscan label / Bridge,https://etherscan.io/accounts/label/bridge,community
ethereum,0x56de8bc61346321d4f2211e3ac3c0a7f00db9b76,Rena (RENA),protocol,,Etherscan label (octal mirror) / DeFi,https://etherscan.io/accounts/label/defi,community
ethereum,0x339809ef0705b12c70ca3c60fed522b885cd771c,renBTCFinance (renBTCF),protocol,,Etherscan label (octal mirror) / DeFi,https://etherscan.io/accounts/label/defi,community
ethereum,0xe3cb486f3f5c639e98ccbaf57d95369375687f80,renDGB (renDGB),protocol,,Etherscan label (octal mirror) / DeFi,https://etherscan.io/accounts/label/defi,community
ethereum,0xd5147bc8e386d91cc5dbe72099dac6c9b99276f5,renFIL (renFIL),protocol,,Etherscan label (octal mirror) / DeFi,https://etherscan.io/accounts/label/defi,community
ethereum,0x52d87f22192131636f93c5ab18d0127ea52cb641,renLUNA (renLUNA),protocol,,Etherscan label (octal mirror) / DeFi,https://etherscan.io/accounts/label/defi,community
ethereum,0x07b51ee534c19b0a068ae67380870db5727780c2,Republia.io (RPB),protocol,,Etherscan label (octal mirror) / DeFi,https://etherscan.io/accounts/label/defi,community
ethereum,0x73627974adea82397bcf7fac5848207cce88938d,Resardis Token (RSD),protocol,,Etherscan label (octal mirror) / DEX,https://etherscan.io/accounts/label/dex,community
ethereum,0xd5574177472df0448ae56a9000e31ff1611a3141,RESCUE (RSC),protocol,,Etherscan label (octal mirror) / DeFi,https://etherscan.io/accounts/label/defi,community
ethereum,0x196f4727526ea7fb1e17b2071b3d8eaa38486988,Reserve (RSV),protocol,,Etherscan label / Protocol,https://etherscan.io/accounts/label/protocol,community
ethereum,0x1c5857e110cd8411054660f60b5de6a6958cfae2,Reserve (RSV),protocol,,Etherscan label / Stablecoin,https://etherscan.io/accounts/label/stablecoin,community
ethereum,0x6753795d67ed0b2b65b57fc45c7ac0f53b55f4fe,Restore (REST),protocol,,Etherscan label (octal mirror) / DeFi,https://etherscan.io/accounts/label/defi,community
ethereum,0xe0ee9665db9225c45099ff0befd7659a941d0e14,resurge.finance (RSG),protocol,,Etherscan label (octal mirror) / DeFi,https://etherscan.io/accounts/label/defi,community
ethereum,0x181c514ef87e069d138a197dbd9f4e2a3d2fece9,RFbtc (RFbtc),protocol,,Etherscan label (octal mirror) / DeFi,https://etherscan.io/accounts/label/defi,community
ethereum,0xaf8ae6955d07776ab690e565ba6fbc79b8de3a5d,Rhino.fi,protocol,,Etherscan label / DEX,https://etherscan.io/accounts/label/dex,community
ethereum,0x5d22045daceab03b158031ecb7d9d06fad24609b,Rhino.fi: Bridge,protocol,,Etherscan label / Bridge,https://etherscan.io/accounts/label/bridge,community
ethereum,0xc8048270f2d0170c7c7c13e1447ccbb4bce4ecbd,Ricefarming Money (RFM),protocol,,Etherscan label (octal mirror) / DeFi,https://etherscan.io/accounts/label/defi,community
ethereum,0x4905774d2f78cbe853b1f1039611a607bc906281,"RICHMINT DIGITECH SERVICES OU, Esto... (RMW)",protocol,,Etherscan label (octal mirror) / DeFi,https://etherscan.io/accounts/label/defi,community
ethereum,0x4af5ff1a60a6ef6c7c8f9c4e304cd9051fca3ec0,RigelToken (RGP),protocol,,Etherscan label (octal mirror) / DeFi,https://etherscan.io/accounts/label/defi,community
ethereum,0x1b5f242a789a8a7d4660053ad88c225b7e8ec32c,Ringgit Malaysia,protocol,,Etherscan label / Stablecoin,https://etherscan.io/accounts/label/stablecoin,community
ethereum,0xaf9f549774ecedbd0966c52f250acc548d3f36e5,Rio Fuel Token (RFuel),protocol,,Etherscan label (octal mirror) / DeFi,https://etherscan.io/accounts/label/defi,community
ethereum,0x2b9b4826552a2cf5fb54023c4c49f5d71667be3c,Rising Coin (RC),protocol,,Etherscan label (octal mirror) / DeFi,https://etherscan.io/accounts/label/defi,community
ethereum,0x57a0fd58d2882eb09d247b65c79bdb504f921ca1,RiverMount Swap (RMS),protocol,,Etherscan label (octal mirror) / DeFi,https://etherscan.io/accounts/label/defi,community
ethereum,0x91d6f6e9026e43240ce6f06af6a4b33129ebde94,RiveX Token (RVX),protocol,,Etherscan label (octal mirror) / DeFi,https://etherscan.io/accounts/label/defi,community
ethereum,0xd8c82fbc4d8ed0644a7ec04cf973e84c6153c1d7,Rizen Coin (RZN),protocol,,Etherscan label (octal mirror) / DeFi,https://etherscan.io/accounts/label/defi,community
ethereum,0xe17f017475a709de58e976081eb916081ff4c9d5,RMPL (RMPL),protocol,,Etherscan label (octal mirror) / DeFi,https://etherscan.io/accounts/label/defi,community
ethereum,0x8c7424c3000942e5a93de4a01ce2ec86c06333cb,ROCK3T 3t.finance (R3T),protocol,,Etherscan label (octal mirror) / DeFi,https://etherscan.io/accounts/label/defi,community
ethereum,0x3ea50b7ef6a7eaf7e966e2cb72b519c16557497c,Rocket Bunny (BUNNY),protocol,,Etherscan label (octal mirror) / DeFi,https://etherscan.io/accounts/label/defi,community
ethereum,0x258cb32b1875168858e57bb31482054e008d344e,RockX: Lido Node Operator,protocol,,Etherscan label / Lido,https://etherscan.io/accounts/label/lido,community
ethereum,0x17d1823bd5e96e76e822ab42b61d348302e072d5,ROSA (ROSA),protocol,,Etherscan label (octal mirror) / DeFi,https://etherscan.io/accounts/label/defi,community
ethereum,0x651cd665bd558175a956fb3d72206ea08eb3df5b,Roseon token (ROSN),protocol,,Etherscan label (octal mirror) / DeFi,https://etherscan.io/accounts/label/defi,community
ethereum,0xf9bbd9b68538274a7b2c9170c7a465346ecf1fa1,Route 420 (420),protocol,,Etherscan label (octal mirror) / DeFi,https://etherscan.io/accounts/label/defi,community
ethereum,0x12ed69359919fc775bc2674860e8fe2d2b6a7b5d,RSK: Token Bridge,protocol,,Etherscan label / Bridge,https://etherscan.io/accounts/label/bridge,community
ethereum,0x2fbf522c8a514cdee64e5e3fbd37faa1555dff4c,rtax3.finance (rTAX3),protocol,,Etherscan label (octal mirror) / DeFi,https://etherscan.io/accounts/label/defi,community
ethereum,0x53d5d15edbdc9a80384a22d4e7b9e734d39798e2,RUB Coin (RUBC),protocol,,Etherscan label / Stablecoin,https://etherscan.io/accounts/label/stablecoin,community
ethereum,0xd8b19613723215ef8cc80fc35a1428f8e8826940,Rubic Exchange,protocol,,Etherscan label / Bridge,https://etherscan.io/accounts/label/bridge,community
ethereum,0x20d7089110c29498d17137f5d9656055105041d1,RugRelief (RR),protocol,,Etherscan label (octal mirror) / DeFi,https://etherscan.io/accounts/label/defi,community
ethereum,0x5e11e947e69e8e6267e28c3db9425acd3aa4b489,Russian Ruble on Narfex,protocol,,Etherscan label / Protocol,https://etherscan.io/accounts/label/protocol,community
ethereum,0x40fed5691e547885cabd7a2990de719dcc8497fc,Safe Haven Token (SHA),protocol,,Etherscan label (octal mirror) / DeFi,https://etherscan.io/accounts/label/defi,community
ethereum,0x11a605d7e12b64d713e93c487277d819a1d14b99,Safe Shield (SFSHLD),protocol,,Etherscan label (octal mirror) / DeFi,https://etherscan.io/accounts/label/defi,community
ethereum,0x62d693fe5c13b5a5b24c9ec3f423e51c35f5624f,SafeBitcoin (SafeBTC),protocol,,Etherscan label (octal mirror) / DeFi,https://etherscan.io/accounts/label/defi,community
ethereum,0x614d7f40701132e25fe6fc17801fbd34212d2eda,SafeBLAST (BLAST),protocol,,Etherscan label (octal mirror) / DeFi,https://etherscan.io/accounts/label/defi,community
ethereum,0xe6f1966d04cfcb9cd1b1dc4e8256d8b501b11cba,SafeEarth (SAFEEARTH),protocol,,Etherscan label (octal mirror) / DeFi,https://etherscan.io/accounts/label/defi,community
ethereum,0xc61708603c7b317eb4e84c923370f50ed9ad8077,SafeSun (SAFESUN),protocol,,Etherscan label (octal mirror) / DeFi,https://etherscan.io/accounts/label/defi,community
ethereum,0x5e9f35e8163c44cd7e606bdd716abed32ad2f1c6,Saitanobi (SAITANOBI),protocol,,Etherscan label (octal mirror) / DeFi,https://etherscan.io/accounts/label/defi,community
ethereum,0x4782093ca50bb5e2e7b1d3fa096de173605464cb,Salazar Finance (SZR),protocol,,Etherscan label (octal mirror) / DeFi,https://etherscan.io/accounts/label/defi,community
ethereum,0x83a4958cb9ba1961fbf385cc652ab74bfcc7a284,Salient Yachts Club Membership (SYC),protocol,,Etherscan label (octal mirror) / DeFi,https://etherscan.io/accounts/label/defi,community
ethereum,0x48e7066d36e54c966fd46fbe0daf562c2bdaa8f6,SamoSwap (SAMOX),protocol,,Etherscan label (octal mirror) / DeFi,https://etherscan.io/accounts/label/defi,community
ethereum,0x7be4060fff13360301e0123d676a2705149964d7,SamoSwap (SAMOZ),protocol,,Etherscan label (octal mirror) / DeFi,https://etherscan.io/accounts/label/defi,community
ethereum,0x7b8e89b0ce7bac2cfec92a371da899ea8cbdb450,sanDAI_EUR,protocol,,Etherscan label / Stablecoin,https://etherscan.io/accounts/label/stablecoin,community
ethereum,0xb3b209bb213a5da5b947c56f2c770b3e1015f1fe,sanFRAX_EUR (sanFRAX_EUR),protocol,,Etherscan label (octal mirror) / Stablecoin,https://etherscan.io/accounts/label/stablecoin,community
ethereum,0x9c215206da4bf108ae5aeef9da7cad3352a36dad,sanUSDC_EUR,protocol,,Etherscan label / Stablecoin,https://etherscan.io/accounts/label/stablecoin,community
ethereum,0xbd4a858139b155219e2c8d10135003fdef720b6b,Saren (SAR),protocol,,Etherscan label (octal mirror) / DeFi,https://etherscan.io/accounts/label/defi,community
ethereum,0xb9440022a095343b440d590fcd2d7a3794bd76c8,Saturn DAO Token,protocol,,Etherscan label / DEX,https://etherscan.io/accounts/label/dex,community
ethereum,0x1f0d1de1558582ad6f13763f477119a1455502af,Saturn Network 1,protocol,,Etherscan label / DEX,https://etherscan.io/accounts/label/dex,community
ethereum,0xaa5bbd5a177a588b9f213505ca3740b444dbd586,Saturn Network 2,protocol,,Etherscan label / DEX,https://etherscan.io/accounts/label/dex,community
ethereum,0x34d31446a522252270b89b09016296ec4c98e23d,SAUDI SHIBA INU (SAUDISHIB),protocol,,Etherscan label (octal mirror) / DeFi,https://etherscan.io/accounts/label/defi,community
ethereum,0xb70f8a3029cf10fd9e4a072a280484691ac4296a,SaveTheMoon.io,protocol,,Etherscan label / Protocol,https://etherscan.io/accounts/label/protocol,community
ethereum,0xc1eecf1f4af8eb9a2a19f6c26b434aa96ce859e1,SaveToken (SAVE),protocol,,Etherscan label (octal mirror) / DeFi,https://etherscan.io/accounts/label/defi,community
ethereum,0xc434b27736a6882d33094d34792999702860a13c,Savix (SVX),protocol,,Etherscan label (octal mirror) / DeFi,https://etherscan.io/accounts/label/defi,community
ethereum,0x2c9d7512dd4d68578b7728777b95478a288e0d93,"SBF Tweets, Many Rebase (SBF)",protocol,,Etherscan label (octal mirror) / DeFi,https://etherscan.io/accounts/label/defi,community
ethereum,0x1b8568fbb47708e9e9d31ff303254f748805bf21,Scarcity (SCX),protocol,,Etherscan label / DEX,https://etherscan.io/accounts/label/dex,community
ethereum,0xd45740ab9ec920bedbd9bab2e863519e59731941,Schnoodle (SNOOD),protocol,,Etherscan label (octal mirror) / DeFi,https://etherscan.io/accounts/label/defi,community
ethereum,0x9edf6dda1691e60b3f8a5a009646e780683d05c6,SDROS (SDR),protocol,,Etherscan label / Stablecoin,https://etherscan.io/accounts/label/stablecoin,community
ethereum,0x00005ea00ac477b1030ce78506496e8c2de24bf5,SeaDrop,protocol,,Etherscan label / OpenSea,https://etherscan.io/accounts/label/opensea,community
ethereum,0xd9958826bce875a75cc1789d5929459e6ff15040,Sealed Hakka (sHAKKA),protocol,,Etherscan label (octal mirror) / DeFi,https://etherscan.io/accounts/label/defi,community
ethereum,0xf4b00c937b4ec4bb5ac051c3c719036c668a31ec,Secret Network: Bridge,protocol,,Etherscan label / Bridge,https://etherscan.io/accounts/label/bridge,community
ethereum,0x6debc4e5d398f7c32af927a43cd2fcc523764ba2,Semi Centralized Finance v2 (SCFI v2),protocol,,Etherscan label (octal mirror) / DeFi,https://etherscan.io/accounts/label/defi,community
ethereum,0xadf2dd5ffb2a11e1396a04d70ff7d9c1ad54652c,Senso Inu (SSINU),protocol,,Etherscan label (octal mirror) / DeFi,https://etherscan.io/accounts/label/defi,community
ethereum,0x33d6064f0dfb62462a74049f30909ddd4f683ba2,Serenity (SEREN),protocol,,Etherscan label (octal mirror) / DeFi,https://etherscan.io/accounts/label/defi,community
ethereum,0x6b8fcf12c960fa11048644bcc3c058b1d40d4cc3,Set: Aave Governance Adapter,protocol,,Etherscan label / Set Protocol,https://etherscan.io/accounts/label/set-protocol,community
ethereum,0x0bf54992649c19bd8db4080078a32383827352f3,Set: Asian ETH Sentiment Set,protocol,,Etherscan label (octal mirror) / Set Protocol,https://etherscan.io/accounts/label/set-protocol,community
ethereum,0x2af1df3ab0ab157e1e2ad8f88a7d04fbea0c7dc6,Set: Bankless Bed Index,protocol,,Etherscan label / Set Protocol,https://etherscan.io/accounts/label/set-protocol,community
ethereum,0xd8ef3cace8b4907117a45b0b125c68560532f94d,Set: Basic Issuance Module,protocol,,Etherscan label / Set Protocol,https://etherscan.io/accounts/label/set-protocol,community
ethereum,0x48ac44f4e29e602f851b84c271c22b85b9447251,Set: Bitcoin High Yield Set,protocol,,Etherscan label / Set Protocol,https://etherscan.io/accounts/label/set-protocol,community
ethereum,0xc06aec5191be16b94ffc97b6fc01393527367365,Set: BTC ETH Equal Weight Set,protocol,,Etherscan label (octal mirror) / Set Protocol,https://etherscan.io/accounts/label/set-protocol,community
ethereum,0xac8ea871e2d5f4be618905f36f73c760f8cfdc8e,Set: BTC Network Demand Set II,protocol,,Etherscan label (octal mirror) / Set Protocol,https://etherscan.io/accounts/label/set-protocol,community
ethereum,0xc39835d32428728cbde6903f84c76750976c0323,Set: BTC OnChain Beta Portfolio Set,protocol,,Etherscan label (octal mirror) / Set Protocol,https://etherscan.io/accounts/label/set-protocol,community
ethereum,0x6123a0cbc95cb157995a0795187a60995b85e0a9,Set: BTC Range Bound High Vol Set,protocol,,Etherscan label / Set Protocol,https://etherscan.io/accounts/label/set-protocol,community
ethereum,0x20649d97b1393105cf92a5083fd2aff7c99ebe56,Set: BTC Range Bound Low Vol Set,protocol,,Etherscan label / Set Protocol,https://etherscan.io/accounts/label/set-protocol,community
ethereum,0x81c55017f7ce6e72451ced49ff7bab1e3df64d0c,Set: BTC Range Bound Min Vol Set,protocol,,Etherscan label / Set Protocol,https://etherscan.io/accounts/label/set-protocol,community
ethereum,0xd218d75ba0fc45858a4e9ef57a257ed9977db5f4,Set: BTC TA Set II,protocol,,Etherscan label (octal mirror) / Set Protocol,https://etherscan.io/accounts/label/set-protocol,community
ethereum,0x09ae0c4c34a09875660e681fe1890f3b35175151,Set: BTCMOON Social Set,protocol,,Etherscan label (octal mirror) / Set Protocol,https://etherscan.io/accounts/label/set-protocol,community
ethereum,0x90f49083ff588ec5a5459f4d2a64b8d409c03122,Set: BTCMOONX Social Set,protocol,,Etherscan label (octal mirror) / Set Protocol,https://etherscan.io/accounts/label/set-protocol,community
ethereum,0x58723c7afcd33a2db6ae06c37521725d65f0cc15,Set: BullBearBitcoin Set II,protocol,,Etherscan label (octal mirror) / Set Protocol,https://etherscan.io/accounts/label/set-protocol,community
ethereum,0xf43b2f981efc5a611a97951ce4fd7d3bd87f4902,Set: BullBearEthereum Set II,protocol,,Etherscan label (octal mirror) / Set Protocol,https://etherscan.io/accounts/label/set-protocol,community
ethereum,0x19f4a2f8e21915376f1429c26a3a9b9b1db5ff5a,Set: Chad Link Set,protocol,,Etherscan label / Set Protocol,https://etherscan.io/accounts/label/set-protocol,community
ethereum,0xbddd682e63dd9f9fa3b97aea88772e77cf3e5013,Set: CoindicatorBTC Set,protocol,,Etherscan label (octal mirror) / Set Protocol,https://etherscan.io/accounts/label/set-protocol,community
ethereum,0x6be50a653647f3edce6e852e4e76ca0c8b7871dd,Set: Compound Governance Adapter,protocol,,Etherscan label / Set Protocol,https://etherscan.io/accounts/label/set-protocol,community
ethereum,0x8d5174ed1dd217e240fdeaa52eb7f4540b04f419,Set: Compound Leverage Module,protocol,,Etherscan label / Set Protocol,https://etherscan.io/accounts/label/set-protocol,community
ethereum,0xa4c8d221d8bb851f83aadd0223a8900a6921a349,Set: Controller,protocol,,Etherscan label / Set Protocol,https://etherscan.io/accounts/label/set-protocol,community
ethereum,0xf55186cc537e7067ea616f2aae007b4427a120c8,Set: Core,protocol,,Etherscan label / Set Protocol,https://etherscan.io/accounts/label/set-protocol,community
ethereum,0xab63c9a4a89fbd87f61463e90e635b111d6ccb04,Set: Custom NAV Issuance Module,protocol,,Etherscan label / Set Protocol,https://etherscan.io/accounts/label/set-protocol,community
ethereum,0x39f024d621367c044bace2bf0fb15fb3612ecb92,Set: Debt Issuance Module,protocol,,Etherscan label / Set Protocol,https://etherscan.io/accounts/label/set-protocol,community
ethereum,0x673d140eed36385cb784e279f8759f495c97cf03,Set: Defi Pulse OTC,protocol,,Etherscan label / Set Protocol,https://etherscan.io/accounts/label/set-protocol,community
ethereum,0x69bdb276a17dd90f9d3a545944ccb20e593ae8e3,Set: Deployer,protocol,,Etherscan label / Set Protocol,https://etherscan.io/accounts/label/set-protocol,community
ethereum,0x6c4b7a83d2a301f7dd3563812a15f31a1e973b4c,Set: Deployer 2,protocol,,Etherscan label / Set Protocol,https://etherscan.io/accounts/label/set-protocol,community
ethereum,0x2c5a9980b41861d91d30d0e0271d1c093452dca5,Set: ETH 12 Day EMA Crossover Set,protocol,,Etherscan label / Set Protocol,https://etherscan.io/accounts/label/set-protocol,community
ethereum,0x9ea463ec4ce9e9e5bc9cfd0187c4ac3a70dd951d,Set: ETH 20 Day Moving Avg Set,protocol,,Etherscan label / Set Protocol,https://etherscan.io/accounts/label/set-protocol,community
ethereum,0x614857c755739354d68ae0abd53849cf45d6a41d,Set: ETH 26 Day EMA Crossover Set,protocol,,Etherscan label / Set Protocol,https://etherscan.io/accounts/label/set-protocol,community
ethereum,0x54e8371c1ec43e58fb53d4ef4ed463c17ba8a6be,Set: ETH 26 EMA Crossover Yield II Set,protocol,,Etherscan label / Set Protocol,https://etherscan.io/accounts/label/set-protocol,community
ethereum,0xf16e4d813f4dcfde4c5b44f305c908742de84ef0,Set: ETH 2x Max ADL-guided,protocol,,Etherscan label (octal mirror) / Set Protocol,https://etherscan.io/accounts/label/set-protocol,community
ethereum,0xa360f2af3f957906468c0fd7526391aed08ae3db,Set: ETH 50 Day Moving Avg Set,protocol,,Etherscan label (octal mirror) / Set Protocol,https://etherscan.io/accounts/label/set-protocol,community
ethereum,0xb647a1d7633c6c4d434e22ee9756b36f2b219525,Set: ETH ETH 20 MA Crossover Yield II Set,protocol,,Etherscan label / Set Protocol,https://etherscan.io/accounts/label/set-protocol,community
ethereum,0x2bf417fda6e73b8ea605df0f33ad029f8d4b795a,Set: ETH Moonshot X Discretionary Yield Set,protocol,,Etherscan label (octal mirror) / Set Protocol,https://etherscan.io/accounts/label/set-protocol,community
ethereum,0xb1ca7e6714263a64659a3a89e1c313af30fd660a,Set: ETH Moonshot X Yield Set,protocol,,Etherscan label (octal mirror) / Set Protocol,https://etherscan.io/accounts/label/set-protocol,community
ethereum,0x09e4bdfb273245063ef5e800d891eff7d04f9b83,Set: ETH Price Action Candlestick Set,protocol,,Etherscan label (octal mirror) / Set Protocol,https://etherscan.io/accounts/label/set-protocol,community
ethereum,0x8ddc86dba7ad728012efc460b8a168aba60b403b,Set: ETH Range Bound High Vol Set,protocol,,Etherscan label / Set Protocol,https://etherscan.io/accounts/label/set-protocol,community
ethereum,0x585c2cf94c41b528ec7329cbc3cde3c4f8d268db,Set: ETH Range Bound Low Vol Set,protocol,,Etherscan label / Set Protocol,https://etherscan.io/accounts/label/set-protocol,community
ethereum,0xf1e5f03086e1c0ce55e54cd8146bc9c28435346f,Set: ETH Range Bound Min Vol Set,protocol,,Etherscan label / Set Protocol,https://etherscan.io/accounts/label/set-protocol,community
ethereum,0xa12a696b9b11788076a6cb384cac6986b82545e1,Set: ETH Super Set,protocol,,Etherscan label (octal mirror) / Set Protocol,https://etherscan.io/accounts/label/set-protocol,community
ethereum,0x1ce9200c98b6d9999b60bff53860475a993a8b68,Set: ETH TA Set II,protocol,,Etherscan label (octal mirror) / Set Protocol,https://etherscan.io/accounts/label/set-protocol,community
ethereum,0x1003ec54f51565ff86ac611184ea23d6310cae71,Set: ETH Trending Alpha LT Set II,protocol,,Etherscan label (octal mirror) / Set Protocol,https://etherscan.io/accounts/label/set-protocol,community
ethereum,0x856c4388c56c2a613c60507a4701af627157fed6,Set: ETH Trending Alpha ST Set II,protocol,,Etherscan label (octal mirror) / Set Protocol,https://etherscan.io/accounts/label/set-protocol,community
ethereum,0x23687d9d40f9ecc86e7666dddb820e700f954526,Set: ETH USD Yield Farm,protocol,,Etherscan label / Set Protocol,https://etherscan.io/accounts/label/set-protocol,community
ethereum,0xf059afa5239ed6463a00fc06a447c14fe26406e1,Set: ETH WBTC Yield Farm,protocol,,Etherscan label / Set Protocol,https://etherscan.io/accounts/label/set-protocol,community
ethereum,0xabc754ac2161b557d28062f41dcc0fc18440ac7e,Set: ETH10k Social Set,protocol,,Etherscan label (octal mirror) / Set Protocol,https://etherscan.io/accounts/label/set-protocol,community
ethereum,0x78481fb80caabb252909218164266ac83f815000,Set: Ethereum High Yield Set,protocol,,Etherscan label / Set Protocol,https://etherscan.io/accounts/label/set-protocol,community
ethereum,0xb8243b4eeca27a4191e879760b88fe2270561796,Set: ETHUSDADL4 Social Set,protocol,,Etherscan label (octal mirror) / Set Protocol,https://etherscan.io/accounts/label/set-protocol,community
ethereum,0xac6560df686f3ac7039b0dd6867c874c99d9da06,Set: EVOL Social Set,protocol,,Etherscan label (octal mirror) / Set Protocol,https://etherscan.io/accounts/label/set-protocol,community
ethereum,0x8f2d580c3cccd96c3541386daac0af71c5d1c0f9,Set: Exchange Issuance Module V2,protocol,,Etherscan label / Set Protocol,https://etherscan.io/accounts/label/set-protocol,community
ethereum,0xffee21b4bb7084a9416205544101ae9f472c7159,Set: Fart Set,protocol,,Etherscan label (octal mirror) / Set Protocol,https://etherscan.io/accounts/label/set-protocol,community
ethereum,0x15822a64c8cb27d7828c45e0aafc3e6c5decd172,Set: Fear & Greed Sentiment Set II,protocol,,Etherscan label (octal mirror) / Set Protocol,https://etherscan.io/accounts/label/set-protocol,community
ethereum,0xcae169afde69f297c7817ed5f4a6816c0e38137d,Set: FlexBTC Set II,protocol,,Etherscan label (octal mirror) / Set Protocol,https://etherscan.io/accounts/label/set-protocol,community
ethereum,0x654424f4b3ed6de828c9ca30484dc1a626bb5fba,Set: FlexETH Set II,protocol,,Etherscan label (octal mirror) / Set Protocol,https://etherscan.io/accounts/label/set-protocol,community
ethereum,0xdbf5c7d8ac5007667617a15db2c1b1d616c9d302,Set: FLEXETHBTC Social Set,protocol,,Etherscan label (octal mirror) / Set Protocol,https://etherscan.io/accounts/label/set-protocol,community
ethereum,0x5c87b042494cdceba44c541fbb3bc8bff179d500,Set: Governance Module,protocol,,Etherscan label / Set Protocol,https://etherscan.io/accounts/label/set-protocol,community
ethereum,0xe86811516f9e46f6f2a8a19754c893ded414d682,Set: ICHIEMA Social Set,protocol,,Etherscan label (octal mirror) / Set Protocol,https://etherscan.io/accounts/label/set-protocol,community
ethereum,0xd235e29b1dd177cd74f2955d081204a6cd04515e,Set: INTBTC Social Set,protocol,,Etherscan label / Set Protocol,https://etherscan.io/accounts/label/set-protocol,community
ethereum,0x6655194c95d24b8b10b156dffce22a2c126e2e5a,Set: Integration Registry,protocol,,Etherscan label / Set Protocol,https://etherscan.io/accounts/label/set-protocol,community
ethereum,0xb32c960c46f28059c2b5f1c3ecc2b9dd77ab0aa0,Set: Intelligent BTC Set II,protocol,,Etherscan label (octal mirror) / Set Protocol,https://etherscan.io/accounts/label/set-protocol,community
ethereum,0x89c0b027bd7cc2d17854b06f8322e29451192ce3,Set: Intelligent ETH Set II,protocol,,Etherscan label (octal mirror) / Set Protocol,https://etherscan.io/accounts/label/set-protocol,community
ethereum,0xba8ea15b647f54d9ff849670fcaacf35df21a457,Set: Intelligent Ratio Set,protocol,,Etherscan label (octal mirror) / Set Protocol,https://etherscan.io/accounts/label/set-protocol,community
ethereum,0x5cd487ce4db7091292f2e914f7b31445bd4a5e1b,Set: Inverse ETH 20 Day MA Crossover,protocol,,Etherscan label / Set Protocol,https://etherscan.io/accounts/label/set-protocol,community
ethereum,0xac1565e473f69fada09661a6b4103fbbf801ceee,Set: Inverse ETH 50 Day MA Crossover,protocol,,Etherscan label / Set Protocol,https://etherscan.io/accounts/label/set-protocol,community
ethereum,0x78e29d35573bea6265aedfcb9f45481b717ebfde,Set: LINK Profit Taker Set,protocol,,Etherscan label (octal mirror) / Set Protocol,https://etherscan.io/accounts/label/set-protocol,community
ethereum,0x0329d23fc7b1b1e6cca57afa3f0090f1189069e8,Set: LINK RSI Set,protocol,,Etherscan label / Set Protocol,https://etherscan.io/accounts/label/set-protocol,community
ethereum,0x28c6a58c2a5d8c5f6681e07bfa0ada4bea14c9ee,Set: LONG Social Set,protocol,,Etherscan label (octal mirror) / Set Protocol,https://etherscan.io/accounts/label/set-protocol,community
ethereum,0xa60f9e1641747762ade7fd5f881b90b691e92b0a,Set: Master Price Oracle,protocol,,Etherscan label / Set Protocol,https://etherscan.io/accounts/label/set-protocol,community
ethereum,0x9709bb5ce25fcd6f9786d3e4ccf422717367473c,Set: MoFlux Boomtown Set II,protocol,,Etherscan label (octal mirror) / Set Protocol,https://etherscan.io/accounts/label/set-protocol,community
ethereum,0x3e6941521c85c7233632bf76e3adb05db8e2f1db,Set: MoFlux Clash of Kings,protocol,,Etherscan label (octal mirror) / Set Protocol,https://etherscan.io/accounts/label/set-protocol,community
ethereum,0x8abf3a95862619a55fa00cb3e4eedbe113ff468c,Set: Money Printer Go Brrr Set Buy Sell,protocol,,Etherscan label (octal mirror) / Set Protocol,https://etherscan.io/accounts/label/set-protocol,community
ethereum,0xab9a964c6b95fa529ca7f27dac1e7175821f2334,Set: NAV Issuance Module,protocol,,Etherscan label / Set Protocol,https://etherscan.io/accounts/label/set-protocol,community
ethereum,0x78e14b9a8d006ec7e23988a0a87263569c3f4839,Set: Old BBB Social Set,protocol,,Etherscan label / Set Protocol,https://etherscan.io/accounts/label/set-protocol,community
ethereum,0x8c7c047051f37746bb1dcd16ae37851a3891635c,Set: Old BBE Social Set,protocol,,Etherscan label / Set Protocol,https://etherscan.io/accounts/label/set-protocol,community
ethereum,0xf23e4cbfab1871aeb0f3c1e327ff0051f1f178ec,Set: Old BTC Network Demand Set,protocol,,Etherscan label / Set Protocol,https://etherscan.io/accounts/label/set-protocol,community
ethereum,0xe33a35fd5cad21ce72ebbc8a2885bdd0983de043,Set: Old BTCUSDCRSI Social Set,protocol,,Etherscan label / Set Protocol,https://etherscan.io/accounts/label/set-protocol,community
ethereum,0x80af3f06aefb9f436981cb12b9da35c5da023efd,Set: Old BTCUSDCTA Social Set,protocol,,Etherscan label / Set Protocol,https://etherscan.io/accounts/label/set-protocol,community
ethereum,0xef0fda1d4bd73ddc2f93a4e46e2e5adbc2d668f4,Set: Old ETH 20 Day MA Crossover Yield Set,protocol,,Etherscan label / Set Protocol,https://etherscan.io/accounts/label/set-protocol,community
ethereum,0x316b13b951efe25aad1cb565385b23869a7d4c48,Set: Old ETH 26 Day EMA Crossover Yield Set,protocol,,Etherscan label / Set Protocol,https://etherscan.io/accounts/label/set-protocol,community
ethereum,0xaaa4eb35d08dbb9b1b8760cb9ffe77b9023d7511,Set: Old ETH Trending Alpha LT Set,protocol,,Etherscan label / Set Protocol,https://etherscan.io/accounts/label/set-protocol,community
ethereum,0x1f6321308df0f437133d2c083f6583b2fcf8125b,Set: Old ETH Trending Alpha ST Set,protocol,,Etherscan label / Set Protocol,https://etherscan.io/accounts/label/set-protocol,community
ethereum,0x73104e9d3da91e410a6c211068f7bffabbbd3e26,Set: Old ETHMOONX Social Set,protocol,,Etherscan label / Set Protocol,https://etherscan.io/accounts/label/set-protocol,community
ethereum,0xd9c6d58ec4b6045067190042999351889fd27eb7,Set: Old ETHUSDCTA Social Set,protocol,,Etherscan label / Set Protocol,https://etherscan.io/accounts/label/set-protocol,community
ethereum,0xcf50bc1442a50d1756b34119fe1e26325aa648e3,Set: Old FLEXBTC Social Set,protocol,,Etherscan label / Set Protocol,https://etherscan.io/accounts/label/set-protocol,community
ethereum,0x8d66df717faf06c07b5d3e53ffd3ea66d612e150,Set: Old FLEXETH Social Set,protocol,,Etherscan label / Set Protocol,https://etherscan.io/accounts/label/set-protocol,community
ethereum,0x5958107be1ecc8d0d1593b3d7cc75f5e48304682,Set: Old GREED Social Set,protocol,,Etherscan label / Set Protocol,https://etherscan.io/accounts/label/set-protocol,community
ethereum,0x7b8d9e95caa85d7905c3435da1ba9fa7f79bf4fa,Set: Old INTETH Social Set,protocol,,Etherscan label / Set Protocol,https://etherscan.io/accounts/label/set-protocol,community
ethereum,0x6ad29bde4ecc382e8d535206f1f0dd92a6c034df,Set: Old MoFlux Boomtown Set,protocol,,Etherscan label / Set Protocol,https://etherscan.io/accounts/label/set-protocol,community
ethereum,0xcd34f1b92c6d0d03430ec4a410f758f7776a3504,Set: Old NAV Issuance Module,protocol,,Etherscan label / Set Protocol,https://etherscan.io/accounts/label/set-protocol,community
ethereum,0x65d103a810099193c892a23d6b320cf3b9e30d46,Set: Old Set Token Creator,protocol,,Etherscan label / Set Protocol,https://etherscan.io/accounts/label/set-protocol,community
ethereum,0xdc5bbcf8189a69337f693a9f3f63ae37789ede92,Set: Old SGW Social Set,protocol,,Etherscan label / Set Protocol,https://etherscan.io/accounts/label/set-protocol,community
ethereum,0xcbadafc252160a0d0ec7fb64a134b2f115b06b24,Set: One Inch V1 Exchange Adapter,protocol,,Etherscan label / Set Protocol,https://etherscan.io/accounts/label/set-protocol,community
ethereum,0x6b65c4760f56ea89a21193af5b909395766ef2e5,Set: Protocol Viewer,protocol,,Etherscan label / Set Protocol,https://etherscan.io/accounts/label/set-protocol,community
ethereum,0xe23fb31dd2edacebf7d92720358bb92445f47fdb,Set: Rebalance Auction Module,protocol,,Etherscan label / Set Protocol,https://etherscan.io/accounts/label/set-protocol,community
ethereum,0xd3d555bb655acba9452bfc6d7cea8cc7b3628c55,Set: Rebalancer,protocol,,Etherscan label / Set Protocol,https://etherscan.io/accounts/label/set-protocol,community
ethereum,0x70aeb332a5ef3c4d582b55bb3f242ac19f095e0e,Set: Rebalancing Set Eth Bidder,protocol,,Etherscan label / Set Protocol,https://etherscan.io/accounts/label/set-protocol,community
ethereum,0x4a4dff5e12c2422261ebf0042ed57b02b5bdc621,Set: Rebalancing Set Exchange Issuance,protocol,,Etherscan label / Set Protocol,https://etherscan.io/accounts/label/set-protocol,community
ethereum,0x4f57e1f2020c35cd2fb45cf53cfeb6ff2e796180,Set: Rebalancing Set Exchange Issuance Module V2,protocol,,Etherscan label / Set Protocol,https://etherscan.io/accounts/label/set-protocol,community
ethereum,0xde697ac56b1bd9c0987c08911020f2341e274813,Set: Rebalancing Set Exchange Issuance Module V3,protocol,,Etherscan label / Set Protocol,https://etherscan.io/accounts/label/set-protocol,community
ethereum,0xd4240987d6f92b06c8b5068b1e4006a97c47392b,Set: Rebalancing Set Exchange Issuance v2,protocol,,Etherscan label / Set Protocol,https://etherscan.io/accounts/label/set-protocol,community
ethereum,0xceda8318522d348f1d1aca48b24629b8fbf09020,Set: Rebalancing Set Issuance Module,protocol,,Etherscan label / Set Protocol,https://etherscan.io/accounts/label/set-protocol,community
ethereum,0xda6786379ff88729264d31d472fa917f5e561443,Set: Rebalancing Set Issuance Module V2,protocol,,Etherscan label / Set Protocol,https://etherscan.io/accounts/label/set-protocol,community
ethereum,0x15518cdd49d83471e9f85cdcfbd72c8e2a78dde2,Set: Rebalancing Set Token Factory,protocol,,Etherscan label / Set Protocol,https://etherscan.io/accounts/label/set-protocol,community
ethereum,0xa367a2513cbd5be1c75a745914521a93e011549c,Set: Rebalancing Set Token Factory V3,protocol,,Etherscan label / Set Protocol,https://etherscan.io/accounts/label/set-protocol,community
ethereum,0x7b636d4102b85a13c3e1d9ad30a4e705423fb65e,Set: Rebalancing Set Token V2 Factory,protocol,,Etherscan label / Set Protocol,https://etherscan.io/accounts/label/set-protocol,community
ethereum,0xb272422b7d07b94859ad61e4435c6d5087f308de,Set: RIC Social Set,protocol,,Etherscan label (octal mirror) / Set Protocol,https://etherscan.io/accounts/label/set-protocol,community
ethereum,0x8cb9e7bdd78926933fc9d19f5f69fefc2b737087,Set: Set Token Creator,protocol,,Etherscan label / Set Protocol,https://etherscan.io/accounts/label/set-protocol,community
ethereum,0xe1cd722575801fe92eeef2ca23396557f7e3b967,Set: Set Token Factory,protocol,,Etherscan label / Set Protocol,https://etherscan.io/accounts/label/set-protocol,community
ethereum,0xddf4f0775ff69c73619a4dbb42ba61b0ac1f555f,Set: Set Valuer,protocol,,Etherscan label / Set Protocol,https://etherscan.io/accounts/label/set-protocol,community
ethereum,0xd2fc0ca8220ecfe767e324fa3085f70cbbf96588,Set: Social Trading Manager,protocol,,Etherscan label / Set Protocol,https://etherscan.io/accounts/label/set-protocol,community
ethereum,0x7a417f16a5b101e85edb2743388e8afd3696be62,Set: Social Trading Manager V2,protocol,,Etherscan label / Set Protocol,https://etherscan.io/accounts/label/set-protocol,community
ethereum,0x33319fae07128119166476a4bcdd96e5c9401ca4,Set: Stacking Gwei Set II,protocol,,Etherscan label (octal mirror) / Set Protocol,https://etherscan.io/accounts/label/set-protocol,community
ethereum,0x08f866c74205617b6f3903ef481798eced10cdec,Set: Streaming Fee Module,protocol,,Etherscan label / Set Protocol,https://etherscan.io/accounts/label/set-protocol,community
ethereum,0x90f765f63e7dc5ae97d6c576bf693fb6af41c129,Set: Trade Module,protocol,,Etherscan label / Set Protocol,https://etherscan.io/accounts/label/set-protocol,community
ethereum,0x882d80d3a191859d64477eb78cca46599307ec1c,Set: Transfer Proxy,protocol,,Etherscan label / Set Protocol,https://etherscan.io/accounts/label/set-protocol,community
ethereum,0x1f4ed52724f6f936fbb367b2388733a88d7b0f67,Set: Uniswap Governance Adapter,protocol,,Etherscan label / Set Protocol,https://etherscan.io/accounts/label/set-protocol,community
ethereum,0x5b67871c3a857de81a1ca0f9f7945e5670d986dc,Set: Vault,protocol,,Etherscan label / Set Protocol,https://etherscan.io/accounts/label/set-protocol,community
ethereum,0xe0a84699a583d467001fcfe1d52930cf6f3b0bfa,Set: WBTC cUSDC RSI Set II,protocol,,Etherscan label (octal mirror) / Set Protocol,https://etherscan.io/accounts/label/set-protocol,community
ethereum,0xbe4aede1694aff7f1827229870f6cf3d9e7a999c,Set: Wrap Module,protocol,,Etherscan label / Set Protocol,https://etherscan.io/accounts/label/set-protocol,community
ethereum,0xf7790914dc335b20aa19d7c9c9171e14e278a134,SG-FORGE: EUR CoinVertible,protocol,,Etherscan label / Stablecoin,https://etherscan.io/accounts/label/stablecoin,community
ethereum,0x92830ef7c8d651ed3a708053c602e807bad7db22,SGD Tracker (bluSGD),protocol,,Etherscan label (octal mirror) / Stablecoin,https://etherscan.io/accounts/label/stablecoin,community
ethereum,0x5f018e73c185ab23647c82bd039e762813877f0e,Shack Token (SHACK),protocol,,Etherscan label / Protocol,https://etherscan.io/accounts/label/protocol,community
ethereum,0x30851abbca2b8e9f978c0aefcf67053b101bf19f,SHADY CAT (SCAT),protocol,,Etherscan label (octal mirror) / DeFi,https://etherscan.io/accounts/label/defi,community
ethereum,0x6006fc2a849fedaba8330ce36f5133de01f96189,SHAKE token by SpaceSwap v2 (SHAKE),protocol,,Etherscan label (octal mirror) / DeFi,https://etherscan.io/accounts/label/defi,community
ethereum,0xbebdab6da046bc49ffbb61fbd7b33157eb270d05,Shard (SHARD),protocol,,Etherscan label (octal mirror) / DeFi,https://etherscan.io/accounts/label/defi,community
ethereum,0xbbff862d906e348e9946bfb2132ecb157da3d4b4,Sharder (SS),protocol,,Etherscan label / Protocol,https://etherscan.io/accounts/label/protocol,community
ethereum,0x24c19f7101c1731b85f1127eaa0407732e36ecdd,Sharedstake.finance (SGT),protocol,,Etherscan label (octal mirror) / DeFi,https://etherscan.io/accounts/label/defi,community
ethereum,0xd598ca14eaff048bb98f8e56475cc6b1f3e5d319,Shares.GasBack.Tech (GASS),protocol,,Etherscan label (octal mirror) / DeFi,https://etherscan.io/accounts/label/defi,community
ethereum,0x55890b06f0877a01bb5349d93b202961f8e27a9b,Shark Relay,protocol,,Etherscan label / DEX,https://etherscan.io/accounts/label/dex,community
ethereum,0x232fb065d9d24c34708eedbf03724f2e95abe768,Sheesha Finance (SHEESHA),protocol,,Etherscan label (octal mirror) / DeFi,https://etherscan.io/accounts/label/defi,community
ethereum,0x275eb4f541b372eff2244a444395685c32485368,Shiba Samurai (SHIBURAI),protocol,,Etherscan label (octal mirror) / DeFi,https://etherscan.io/accounts/label/defi,community
ethereum,0x698072ff23377f474d42483203eded5f49f9579c,ShibaBurn (SHIBURN),protocol,,Etherscan label (octal mirror) / DeFi,https://etherscan.io/accounts/label/defi,community
ethereum,0x9a962e0b686517e3d88509cb8ca584d8ba9a83b5,ShibaDogePredator (EV3),protocol,,Etherscan label (octal mirror) / DeFi,https://etherscan.io/accounts/label/defi,community
ethereum,0xa4cf2afd3b165975afffbf7e487cdd40c894ab6b,ShibaKen.Finance (SHIBAKEN),protocol,,Etherscan label (octal mirror) / DeFi,https://etherscan.io/accounts/label/defi,community
ethereum,0xd49efa7bc0d339d74f487959c573d518ba3f8437,Shield Finance Token (SHLD),protocol,,Etherscan label (octal mirror) / DeFi,https://etherscan.io/accounts/label/defi,community
ethereum,0x88c64a7d2ecc882d558dd16abc1537515a78bb7d,Shifted BTC (zBTC),protocol,,Etherscan label (octal mirror) / DeFi,https://etherscan.io/accounts/label/defi,community
ethereum,0xe68fb107710c59154ea15d5e0221d37bcda5c1fc,SHINARIUM,protocol,,Etherscan label / Protocol,https://etherscan.io/accounts/label/protocol,community
ethereum,0x260d5f9688353af138d35ece6f0cd9c80ef982dd,Shinuri (Shinuri),protocol,,Etherscan label (octal mirror) / DeFi,https://etherscan.io/accounts/label/defi,community
ethereum,0xaf3abe3625f1014d6a243e85e22d63cd8f73cfa4,Shiva Finance (SHIVA),protocol,,Etherscan label (octal mirror) / DeFi,https://etherscan.io/accounts/label/defi,community
ethereum,0x38c4102d11893351ced7ef187fcf43d33eb1abe6,SHRIMP.FINANCE (SHRIMP),protocol,,Etherscan label (octal mirror) / DeFi,https://etherscan.io/accounts/label/defi,community
ethereum,0xed0439eacf4c4965ae4613d77a5c2efe10e5f183,shroom.finance,protocol,,Etherscan label / DEX,https://etherscan.io/accounts/label/dex,community
ethereum,0x069c045c325482a28f06e7f2fc1c02a1aab81a68,SIGH BOOSTERS (SBT),protocol,,Etherscan label (octal mirror) / DeFi,https://etherscan.io/accounts/label/defi,community
ethereum,0x07fe5f404778c27f4d3a0ab56dc59f8efdd32d96,Sigma Prime: Lido Node Operator,protocol,,Etherscan label / Lido,https://etherscan.io/accounts/label/lido,community
ethereum,0x843c9af34f698618f90c898e3967278a260c8d9a,Silver Standard,protocol,,Etherscan label / Stablecoin,https://etherscan.io/accounts/label/stablecoin,community
ethereum,0xdba8e8021fe321af91fc3a08e223ef15908cb2bb,SilverDollar (SLVD),protocol,,Etherscan label / Stablecoin,https://etherscan.io/accounts/label/stablecoin,community
ethereum,0x652594082f97392a1703d80985ab575085f34a4e,Silvertoken (SLVT),protocol,,Etherscan label / Stablecoin,https://etherscan.io/accounts/label/stablecoin,community
ethereum,0x7806a1b2b6056cda57d3e889a9513615733e2b66,SIMBA Stablecoin,protocol,,Etherscan label / Stablecoin,https://etherscan.io/accounts/label/stablecoin,community
ethereum,0xfef3c7aa6956d03dbad8959c59155c4a465dcacd,Simply Staking: Lido Node Operator,protocol,,Etherscan label / Lido,https://etherscan.io/accounts/label/lido,community
ethereum,0x9a2d163ab40f88c625fd475e807bbc3556566f80,SingularX,protocol,,Etherscan label / DEX,https://etherscan.io/accounts/label/dex,community
ethereum,0xb33440566865f4433e28f90f61f0a8ec334b761e,Sins (SIN),protocol,,Etherscan label / Protocol,https://etherscan.io/accounts/label/protocol,community
ethereum,0xe8d1efd0c95011298e9a30143a0182c06b45ff5d,Sion (SION),protocol,,Etherscan label (octal mirror) / DeFi,https://etherscan.io/accounts/label/defi,community
ethereum,0x83e06d480d38c7c0cc60b2ae775c2bf9c23e459d,Skyward (SKY),protocol,,Etherscan label (octal mirror) / DeFi,https://etherscan.io/accounts/label/defi,community
ethereum,0x21a2755513e4dfd4e72ad46a3e699e5f08f4710f,Smile Coin (SMILE),protocol,,Etherscan label (octal mirror) / DeFi,https://etherscan.io/accounts/label/defi,community
ethereum,0x4c5813b8c6fbbac76caa148aaf8910f236b56fdf,SNAP! (SNAP!),protocol,,Etherscan label (octal mirror) / DeFi,https://etherscan.io/accounts/label/defi,community
ethereum,0xbae5f2d8a1299e5c4963eaff3312399253f27ccb,SOAR.FI (SOAR),protocol,,Etherscan label / DEX,https://etherscan.io/accounts/label/dex,community
ethereum,0x03f2892669d00bffb6c5f317106f7e89213894af,SOCIALBI DEFI (SBI),protocol,,Etherscan label (octal mirror) / DeFi,https://etherscan.io/accounts/label/defi,community
ethereum,0x501ace9c35e60f03a2af4d484f49f9b1efde9f40,solace (SOLACE),protocol,,Etherscan label (octal mirror) / DeFi,https://etherscan.io/accounts/label/defi,community
ethereum,0x777172d858dc1599914a1c4c6c9fc48c99a60990,Solidly (SOLID),protocol,,Etherscan label / DEX,https://etherscan.io/accounts/label/dex,community
ethereum,0xeae57ce9cc1984f202e15e038b964bb8bdf7229a,Sollet: Solana Bridge,protocol,,Etherscan label / Bridge,https://etherscan.io/accounts/label/bridge,community
ethereum,0xe88f8313e61a97cec1871ee37fbbe2a8bf3ed1e4,Sora Validator Token (VAL),protocol,,Etherscan label (octal mirror) / DeFi,https://etherscan.io/accounts/label/defi,community
ethereum,0xf5c9f957705bea56a7e806943f98f7777b995826,Sorare: L2 Bridge,protocol,,Etherscan label / Bridge,https://etherscan.io/accounts/label/bridge,community
ethereum,0x36049d479a97cde1fc6e2a5d2cae30b666ebf92b,Sorbet Finance: Limit Order,protocol,,Etherscan label / DEX,https://etherscan.io/accounts/label/dex,community
ethereum,0x687d401162e47e7003b2871203fa4b1bbf327c39,Soteria (USDS),protocol,,Etherscan label (octal mirror) / Stablecoin,https://etherscan.io/accounts/label/stablecoin,community
ethereum,0xd0f39ef9b415c0e112fc24d38de0eaa8b3d51388,Souls (SOULS),protocol,,Etherscan label (octal mirror) / DeFi,https://etherscan.io/accounts/label/defi,community
ethereum,0x48f07301e9e29c3c38a80ae8d9ae771f224f1054,South African Tether,protocol,,Etherscan label / Stablecoin,https://etherscan.io/accounts/label/stablecoin,community
ethereum,0xaa2409594dc0aef63c0f367e30f6b51149cbe613,Space Doge (SpaceDoge),protocol,,Etherscan label (octal mirror) / DeFi,https://etherscan.io/accounts/label/defi,community
ethereum,0x8069080a922834460c3a092fb2c1510224dc066b,SpaceChain (SPC),protocol,,Etherscan label (octal mirror) / DeFi,https://etherscan.io/accounts/label/defi,community
ethereum,0x86ed939b500e121c0c5f493f399084db596dad20,SpaceChainV2 (SPC),protocol,,Etherscan label (octal mirror) / DeFi,https://etherscan.io/accounts/label/defi,community
ethereum,0x9f8eef61b1ad834b44c089dbf33eb854746a6bf9,SpaceDawgs (DAWGS),protocol,,Etherscan label (octal mirror) / DeFi,https://etherscan.io/accounts/label/defi,community
ethereum,0xcf452fa941a965f4bb245e6dbb8f599d40749880,SpaceStableIndex (SSI),protocol,,Etherscan label (octal mirror) / DeFi,https://etherscan.io/accounts/label/defi,community
ethereum,0xe888730325620bcab4df7852222d3b041c8479a8,SPAM Token (SPAM),protocol,,Etherscan label (octal mirror) / DeFi,https://etherscan.io/accounts/label/defi,community
ethereum,0x39f77c98c6a3835a756fca3b54a1d5b20d1fbf26,Specie Token (XSP),protocol,,Etherscan label / DEX,https://etherscan.io/accounts/label/dex,community
ethereum,0xb4a3b0faf0ab53df58001804dda5bfc6a3d59008,Sperax (SPA),protocol,,Etherscan label / Protocol,https://etherscan.io/accounts/label/protocol,community
ethereum,0x40803cea2b2a32bda1be61d3604af6a814e70976,Spool DAO Token (SPOOL),protocol,,Etherscan label (octal mirror) / DeFi,https://etherscan.io/accounts/label/defi,community
ethereum,0xb987d48ed8f2c468d52d6405624eadba5e76d723,Stabilize Token (STBZ),protocol,,Etherscan label (octal mirror) / DeFi,https://etherscan.io/accounts/label/defi,community
ethereum,0x4ff5253e2304e3f5ed6547ac5d9952a62b91e3e8,Stabinol Token (STOL),protocol,,Etherscan label (octal mirror) / DeFi,https://etherscan.io/accounts/label/defi,community
ethereum,0xf9fb20b8e097904f0ab7d12e9dbee88f2dcd0f16,Stable Coin (SBC),protocol,,Etherscan label / Stablecoin,https://etherscan.io/accounts/label/stablecoin,community
ethereum,0x99d19c99e279dca8e5febc8a19bb4ac170d8fa24,Stable NOK (NOK),protocol,,Etherscan label (octal mirror) / Stablecoin,https://etherscan.io/accounts/label/stablecoin,community
ethereum,0xdf44a80c17813789f60090638827aeb23698b122,stableDEX (STDEX),protocol,,Etherscan label / DEX,https://etherscan.io/accounts/label/dex,community
ethereum,0xa4bdb11dc0a2bec88d24a3aa1e6bb17201112ebe,StableUSD (USDS),protocol,,Etherscan label / Stablecoin,https://etherscan.io/accounts/label/stablecoin,community
ethereum,0xdac306d72f48dbad805a11cbf7a512a277c084c9,StablR Euro (EURR),protocol,,Etherscan label / Stablecoin,https://etherscan.io/accounts/label/stablecoin,community
ethereum,0x56a86d648c435dc707c8405b78e2ae8eb4e60ba4,StackOS (STACK),protocol,,Etherscan label / Protocol,https://etherscan.io/accounts/label/protocol,community
ethereum,0x9559aaa82d9649c7a7b220e7c461d2e74c9a3593,StaFi (rETH),protocol,,Etherscan label / Protocol,https://etherscan.io/accounts/label/protocol,community
ethereum,0x0ae055097c6d159879521c384f1d2123d1f195e6,STAKE (STAKE),protocol,,Etherscan label (octal mirror) / DeFi,https://etherscan.io/accounts/label/defi,community
ethereum,0xaa0c3f5f7dfd688c6e646f66cd2a6b66acdbe434,Staked CvxCrv,protocol,,Etherscan label / Convex,https://etherscan.io/accounts/label/convex-finance,community
ethereum,0xac3e018457b222d93114458476f3e3416abbe38f,Staked Frax Ether (sfrxETH),protocol,,Etherscan label (octal mirror) / DeFi,https://etherscan.io/accounts/label/defi,community
ethereum,0x0aa9d1c726acbfa1ef8683a6b105ef46c5889a7c,Staked Gaas (sGaas),protocol,,Etherscan label (octal mirror) / DeFi,https://etherscan.io/accounts/label/defi,community
ethereum,0xff3ac80c1caa08cbd43a7e90d20c398d54c7342f,Staked Ice Tokens (nICE),protocol,,Etherscan label (octal mirror) / DeFi,https://etherscan.io/accounts/label/defi,community
ethereum,0x04f2694c8fcee23e8fd0dfea1d4f5bb8c352111f,Staked Olympus (sOHM),protocol,,Etherscan label (octal mirror) / DeFi,https://etherscan.io/accounts/label/defi,community
ethereum,0xf1bb87563a122211d40d393ebf1c633c330377f9,Staked Premia (xPREMIA),protocol,,Etherscan label (octal mirror) / DeFi,https://etherscan.io/accounts/label/defi,community
ethereum,0x26fa3fffb6efe8c1e69103acb4044c26b9a106a9,Staked Spell Tokens (sSPELL),protocol,,Etherscan label (octal mirror) / DeFi,https://etherscan.io/accounts/label/defi,community
ethereum,0x23696914ca9737466d8553a2d619948f548ee424,Staked TrueFi (stkTRU),protocol,,Etherscan label (octal mirror) / DeFi,https://etherscan.io/accounts/label/defi,community
ethereum,0xc0425f0c7f84956d21ad767abd1892344783be29,Staked WHITE (sWHITE),protocol,,Etherscan label (octal mirror) / DeFi,https://etherscan.io/accounts/label/defi,community
ethereum,0xef31cb88048416e301fee1ea13e7664b887ba7e8,Staked yAxis (sYAX),protocol,,Etherscan label (octal mirror) / DeFi,https://etherscan.io/accounts/label/defi,community
ethereum,0x8332717a53b73adb5897f473f54384956787a978,Staked Yieldification (sYDF),protocol,,Etherscan label (octal mirror) / DeFi,https://etherscan.io/accounts/label/defi,community
ethereum,0x64cff2e42ea7f2283c31ba6d108a4038454168b5,Staked Yieldification Liquidity (slYDF),protocol,,Etherscan label (octal mirror) / DeFi,https://etherscan.io/accounts/label/defi,community
ethereum,0xdddd0e38d30dd29c683033fa0132f868597763ab,StakedDVF (xDVF),protocol,,Etherscan label / DEX,https://etherscan.io/accounts/label/dex,community
ethereum,0xa99f0ad2a539b2867fcfea47f7e71f240940b47c,StakedONX (sONX),protocol,,Etherscan label (octal mirror) / DeFi,https://etherscan.io/accounts/label/defi,community
ethereum,0x987cc5111389a1f58bc7f678c95f485631205ec3,stakefish: Lido Node Operator,protocol,,Etherscan label / Lido,https://etherscan.io/accounts/label/lido,community
ethereum,0x77d2cf58aa4da90b3afcd283646568e4383193bf,Stakely: Lido Node Operator,protocol,,Etherscan label / Lido,https://etherscan.io/accounts/label/lido,community
ethereum,0x89dcff5fd892f2bfc8b75dba12804b651f769579,Staker (STKR),protocol,,Etherscan label (octal mirror) / DeFi,https://etherscan.io/accounts/label/defi,community
ethereum,0xf6b0a1b771633db40a3e21cc49fd2fe35669ef46,Stakin: Lido Node Operator,protocol,,Etherscan label / Lido,https://etherscan.io/accounts/label/lido,community
ethereum,0x9a0c8ff858d273f57072d714bca7411d717501d7,Staking 1INCH v2,protocol,,Etherscan label / 1inch,https://etherscan.io/accounts/label/1inch,community
ethereum,0xdd4bc51496dc93a0c47008e820e0d80745476f22,Staking Facilities: Lido Node Operator,protocol,,Etherscan label / Lido,https://etherscan.io/accounts/label/lido,community
ethereum,0x9040e237c3bf18347bb00957dc22167d0f2b999d,Standard (STND),protocol,,Etherscan label / Stablecoin,https://etherscan.io/accounts/label/stablecoin,community
ethereum,0x36b679bd64ed73dbfd88909cdcb892cb66bd4cbb,Standard (xMARK),protocol,,Etherscan label / Protocol,https://etherscan.io/accounts/label/protocol,community
ethereum,0xa0b93b9e90ab887e53f9fb8728c009746e989b53,Standard Token (TST),protocol,,Etherscan label (octal mirror) / DeFi,https://etherscan.io/accounts/label/defi,community
ethereum,0xad41f311c835224447c54c98fadf5e0ad9eff077,StandardDividend (dSTND),protocol,,Etherscan label (octal mirror) / DeFi,https://etherscan.io/accounts/label/defi,community
ethereum,0x0681e844593a051e2882ec897ecd5444efe19ff2,Star Bit Ex,protocol,,Etherscan label / DEX,https://etherscan.io/accounts/label/dex,community
ethereum,0xe8de351d8f949b2ffb8068a84a3bc8034874fd32,STAR USD (SUSD),protocol,,Etherscan label (octal mirror) / Stablecoin,https://etherscan.io/accounts/label/stablecoin,community
ethereum,0x801ea8c463a776e85344c565e355137b5c3324cd,StarBound (?),protocol,,Etherscan label (octal mirror) / DeFi,https://etherscan.io/accounts/label/defi,community
ethereum,0xc0e47007e084eef3ee58eb33d777b3b4ca98622f,StarCurve (XSTAR),protocol,,Etherscan label (octal mirror) / DeFi,https://etherscan.io/accounts/label/defi,community
ethereum,0x72e2f4830b9e45d52f80ac08cb2bec0fef72ed9c,Stargate Ether Vault (SGETH),protocol,,Etherscan label (octal mirror) / DeFi,https://etherscan.io/accounts/label/defi,community
ethereum,0x76a1f4b0b4eb915503c7970dcc1640a6f24e4978,StarterPad (STPAD),protocol,,Etherscan label (octal mirror) / DeFi,https://etherscan.io/accounts/label/defi,community
ethereum,0xdb25f211ab05b1c97d595516f45794528a807ad8,STASIS EURS Token,protocol,,Etherscan label / Stablecoin,https://etherscan.io/accounts/label/stablecoin,community
ethereum,0x49df3cca2670eb0d591146b16359fe336e476f29,stereum.net 2: Eth2 Depositor,protocol,,Etherscan label / Lido,https://etherscan.io/accounts/label/lido,community
ethereum,0x9ee91f9f426fa633d227f7a9b000e28b9dfd8599,stMATIC,protocol,,Etherscan label / Lido,https://etherscan.io/accounts/label/lido,community
ethereum,0xa6422e3e219ee6d4c1b18895275fe43556fd50ed,Stobox Token v.2,protocol,,Etherscan label / DEX,https://etherscan.io/accounts/label/dex,community
ethereum,0x73a83269b9bbafc427e76be0a2c1a1db2a26f4c2,Stone (0NE),protocol,,Etherscan label (octal mirror) / DeFi,https://etherscan.io/accounts/label/defi,community
ethereum,0xe63d6b308bce0f6193aec6b7e6eba005f41e36ab,Stone Token (STN),protocol,,Etherscan label (octal mirror) / DeFi,https://etherscan.io/accounts/label/defi,community
ethereum,0x2697e0974e4fd348869d9cd414b7eaad8ee35c6e,StonkBase (SBF),protocol,,Etherscan label (octal mirror) / DeFi,https://etherscan.io/accounts/label/defi,community
ethereum,0x35b55c25731e9b05b1d8480ba39463d52c9d0211,StonkSwap Token (STONK),protocol,,Etherscan label (octal mirror) / DeFi,https://etherscan.io/accounts/label/defi,community
ethereum,0xed7fa212e100dfb3b13b834233e4b680332a3420,Street Cred (CRED),protocol,,Etherscan label (octal mirror) / DeFi,https://etherscan.io/accounts/label/defi,community
ethereum,0x4164e5b047842ad7dff18fc6a6e63a1e40610f46,Strike STRK (sSTRK),protocol,,Etherscan label (octal mirror) / DeFi,https://etherscan.io/accounts/label/defi,community
ethereum,0xdbee1d8c452c781c17ea20115cbad0d5f627a680,Strike SXP (sSXP),protocol,,Etherscan label (octal mirror) / DeFi,https://etherscan.io/accounts/label/defi,community
ethereum,0x74232704659ef37c08995e386a2e26cc27a8d7b1,Strike Token (STRK),protocol,,Etherscan label (octal mirror) / DeFi,https://etherscan.io/accounts/label/defi,community
ethereum,0x3774e825d567125988fb293e926064b6faa71dab,Strike USDC (sUSDC),protocol,,Etherscan label (octal mirror) / Protocol,https://etherscan.io/accounts/label/protocol,community
ethereum,0xf217f7df49f626f83f40d7d5137d663b1ec4ee6e,STRONG (STRONG),protocol,,Etherscan label / DEX,https://etherscan.io/accounts/label/dex,community
ethereum,0x64d506ba9ba0cc9f0326cc72f134e754df0e2aff,Strudel Governance Token (g$TRDL),protocol,,Etherscan label (octal mirror) / DeFi,https://etherscan.io/accounts/label/defi,community
ethereum,0xbaa9631a98e6d7cb116a0462bc5432122153d430,SUBTOKEN (SBX),protocol,,Etherscan label (octal mirror) / DeFi,https://etherscan.io/accounts/label/defi,community
ethereum,0x043c308bb8a5ae96d0093444be7f56459f1340b1,SUM (SUM),protocol,,Etherscan label / Protocol,https://etherscan.io/accounts/label/protocol,community
ethereum,0x2c81eb98985af25f074caeabde526a5487f70667,Sunset Finance NFT (SUFF),protocol,,Etherscan label (octal mirror) / DeFi,https://etherscan.io/accounts/label/defi,community
ethereum,0x47935edfb3cdd358c50f6c0add1cc24662e30f5f,SUP8EME Token (SUP8EME),protocol,,Etherscan label (octal mirror) / DeFi,https://etherscan.io/accounts/label/defi,community
ethereum,0xcd682ef09d07668d49a8103ddd65ff54aebfbfde,SURGE (SRG),protocol,,Etherscan label / DEX,https://etherscan.io/accounts/label/dex,community
ethereum,0x195e8262aa81ba560478ec6ca4da73745547073f,SushiSwap: Inari V1,protocol,,Etherscan label / DeFi,https://etherscan.io/accounts/label/defi,community
ethereum,0x041fdd6637ecfd96af8804278ac12660ac2d12c0,SwapDEX (SDX),protocol,,Etherscan label / DEX,https://etherscan.io/accounts/label/dex,community
ethereum,0xba21ef4c9f433ede00badefcc2754b8e74bd538a,Swapfolio (SWFL),protocol,,Etherscan label / DEX,https://etherscan.io/accounts/label/dex,community
ethereum,0x368306eb52c8313fd398418c8220ddd560940e68,SwapMatic Token (SWAM),protocol,,Etherscan label (octal mirror) / DeFi,https://etherscan.io/accounts/label/defi,community
ethereum,0x8cb924583681cbfe487a62140a994a49f833c244,Swapp Token (SWAPP),protocol,,Etherscan label (octal mirror) / DeFi,https://etherscan.io/accounts/label/defi,community
ethereum,0x6cacdb97e3fc8136805a9e7c342d866ab77d0957,Swapr (SWPR),protocol,,Etherscan label / DEX,https://etherscan.io/accounts/label/dex,community
ethereum,0xa130e3a33a4d84b04c3918c4e5762223ae252f80,Swash Token (SWASH),protocol,,Etherscan label (octal mirror) / DeFi,https://etherscan.io/accounts/label/defi,community
ethereum,0x5fdaa123bf828d0d6a1c4ae62a95a6b3bade57c6,Sweep Capital (SWEEP),protocol,,Etherscan label (octal mirror) / DeFi,https://etherscan.io/accounts/label/defi,community
ethereum,0x8287c7b963b405b7b8d467db9d79eec40625b13a,SWINGBY token,protocol,,Etherscan label / Bridge,https://etherscan.io/accounts/label/bridge,community
ethereum,0xba9d4199fab4f26efe3551d490e3821486f135ba,SwissBorg (CHSB),protocol,,Etherscan label (octal mirror) / DeFi,https://etherscan.io/accounts/label/defi,community
ethereum,0x7ee7ca6e75de79e618e88bdf80d0b1db136b22d0,Switcheo Exchange V2,protocol,,Etherscan label / DEX,https://etherscan.io/accounts/label/dex,community
ethereum,0xb4371da53140417cbb3362055374b10d97e420bb,Switcheo Token (SWTH),protocol,,Etherscan label (octal mirror) / DeFi,https://etherscan.io/accounts/label/defi,community
ethereum,0xbf30461210b37012783957d90dc26b95ce3b6f2d,Swivel Governance Token (SWIV),protocol,,Etherscan label (octal mirror) / DeFi,https://etherscan.io/accounts/label/defi,community
ethereum,0x946ea588417ffa565976efda354d82c01719a2ea,SWZL (SWZL),protocol,,Etherscan label / DEX,https://etherscan.io/accounts/label/dex,community
ethereum,0x5c6de810839f33df74d63e21f33e216802b337af,SymDefi (SDF),protocol,,Etherscan label (octal mirror) / DeFi,https://etherscan.io/accounts/label/defi,community
ethereum,0x57db3ffca78dbbe0efa0ec745d55f62aa0cbd345,Symmetric (SYMM),protocol,,Etherscan label (octal mirror) / DeFi,https://etherscan.io/accounts/label/defi,community
ethereum,0xdf3e63507100dfded269ee113d6c8fb9dc086546,Synapse Network: Vesting,protocol,,Etherscan label / Synapse,https://etherscan.io/accounts/label/synapse,community
ethereum,0x2796317b0ff8538f253012862c06787adfb8ceb6,Synapse: Bridge,protocol,,Etherscan label / Bridge,https://etherscan.io/accounts/label/bridge,community
ethereum,0x3ee02f08b801b1990ac844d8cd2f119ba6fb9bcf,Synapse: Bridge Config,protocol,,Etherscan label / Synapse,https://etherscan.io/accounts/label/synapse,community
ethereum,0x31fe393815822edacbd81c2262467402199efd0d,Synapse: Bridge Implementation,protocol,,Etherscan label / Synapse,https://etherscan.io/accounts/label/synapse,community
ethereum,0xa2569370a9d4841c9a62fc51269110f2eb7e0171,Synapse: Bridge Zap 1,protocol,,Etherscan label / Bridge,https://etherscan.io/accounts/label/bridge,community
ethereum,0x518b553fe47208389271745155a6abf4a961ef28,Synapse: Bridge Zap 2,protocol,,Etherscan label / Synapse,https://etherscan.io/accounts/label/synapse,community
ethereum,0x6571d6be3d8460cf5f7d6711cd9961860029d85f,Synapse: Bridge Zap 3,protocol,,Etherscan label / Bridge,https://etherscan.io/accounts/label/bridge,community
ethereum,0xd10ef2a513cee0db54e959ef16cac711470b62cf,Synapse: MiniChef,protocol,,Etherscan label / Synapse,https://etherscan.io/accounts/label/synapse,community
ethereum,0x1b84765de8b7566e4ceaf4d0fd3c5af52d3dde4f,Synapse: nUSD,protocol,,Etherscan label / Synapse,https://etherscan.io/accounts/label/synapse,community
ethereum,0x647489df0673e17db3163c47d5233ebb6f5cac70,Synapse: Timelock,protocol,,Etherscan label / Synapse,https://etherscan.io/accounts/label/synapse,community
ethereum,0xcf8829ae9384540c886a151fac3a865794cb9a01,SyncDAO Governance (SDG),protocol,,Etherscan label (octal mirror) / DeFi,https://etherscan.io/accounts/label/defi,community
ethereum,0x045e507925d2e05d114534d0810a1abd94aca8d6,Synthetix: L2 Bridge,protocol,,Etherscan label / Bridge,https://etherscan.io/accounts/label/bridge,community
ethereum,0xcd9d4988c0ae61887b075ba77f08cbfad2b65068,Synthetix: L2 Deposit,protocol,,Etherscan label / Bridge,https://etherscan.io/accounts/label/bridge,community
ethereum,0x5fd79d46eba7f351fe49bff9e87cdea6c821ef9f,Synthetix: L2 Deposit Escrow,protocol,,Etherscan label / Bridge,https://etherscan.io/accounts/label/bridge,community
ethereum,0x9f7229af0c4b9740e207ea283b9094983f78ba04,Tadpole (TAD),protocol,,Etherscan label (octal mirror) / DeFi,https://etherscan.io/accounts/label/defi,community
ethereum,0x531c3a8926e4c4b4cc50dc1de83e1e7fa0b2738e,Tako (TAKO),protocol,,Etherscan label (octal mirror) / DeFi,https://etherscan.io/accounts/label/defi,community
ethereum,0x6765fdd028be3d7874bc2bb3d7d5ca01c1bf14b2,TALARIA INU (TALI),protocol,,Etherscan label (octal mirror) / DeFi,https://etherscan.io/accounts/label/defi,community
ethereum,0x601a2f87a7e40f506d33fe817daa0aa4f6d18598,Tauri Finance (TFI),protocol,,Etherscan label (octal mirror) / DeFi,https://etherscan.io/accounts/label/defi,community
ethereum,0x9d3a8a7df2a81b38a7f3d2f682b0aba1e65de7f8,Tcash (TCASH),protocol,,Etherscan label (octal mirror) / DeFi,https://etherscan.io/accounts/label/defi,community
ethereum,0x592f77f18893c8657cbf7cfc93e3f7cf7b02662d,Team Clean Seas (TCS),protocol,,Etherscan label (octal mirror) / DeFi,https://etherscan.io/accounts/label/defi,community
ethereum,0x10f6f2b97f3ab29583d9d38babf2994df7220c21,TeddyDoge (TEDDY),protocol,,Etherscan label (octal mirror) / DeFi,https://etherscan.io/accounts/label/defi,community
ethereum,0x0ba45a8b5d5575935b8158a88c631e9f9c95a2e5,Tellor Tributes (TRB),protocol,,Etherscan label (octal mirror) / DeFi,https://etherscan.io/accounts/label/defi,community
ethereum,0xd450f07b2d54032d2c8df0534255593a47f43281,TEMPO EURT (EURT),protocol,,Etherscan label (octal mirror) / Stablecoin,https://etherscan.io/accounts/label/stablecoin,community
ethereum,0xa36fdbbae3c9d55a1d67ee5821d53b50b63a1ab9,Tempus (TEMP),protocol,,Etherscan label (octal mirror) / DeFi,https://etherscan.io/accounts/label/defi,community
ethereum,0x086b00cf35e8873636384cd2b424c39ae875a8a9,TENA (TENA),protocol,,Etherscan label / Protocol,https://etherscan.io/accounts/label/protocol,community
ethereum,0x52662717e448be36cb54588499d5a8328bd95292,TENSHI v2 (TENSHI),protocol,,Etherscan label (octal mirror) / DeFi,https://etherscan.io/accounts/label/defi,community
ethereum,0xde60adfddaabaaac3dafa57b26acc91cb63728c4,Tether USD (Wormhole),protocol,,Etherscan label / Bridge,https://etherscan.io/accounts/label/bridge,community
ethereum,0xcef1c16509b03f24e68433a610875906196b9367,Tethereum (TETH),protocol,,Etherscan label (octal mirror) / DeFi,https://etherscan.io/accounts/label/defi,community
ethereum,0x8947da500eb47f82df21143d0c01a29862a8c3c5,Thales DAO Token (THALES),protocol,,Etherscan label (octal mirror) / DeFi,https://etherscan.io/accounts/label/defi,community
ethereum,0x1fcdce58959f536621d76f5b7ffb955baa5a672f,The Force Token (FOR),protocol,,Etherscan label (octal mirror) / DeFi,https://etherscan.io/accounts/label/defi,community
ethereum,0x7219612be7036d1bfa933e16ca1246008f38c5fe,The Ocean,protocol,,Etherscan label / DEX,https://etherscan.io/accounts/label/dex,community
ethereum,0xf5ed2dc77f0d1ea7f106ecbd1850e406adc41b51,The Ocean Token,protocol,,Etherscan label / DEX,https://etherscan.io/accounts/label/dex,community
ethereum,0xe1030b48b2033314979143766d7dc1f40ef8ce11,The People's Coin (PEEPS),protocol,,Etherscan label (octal mirror) / DeFi,https://etherscan.io/accounts/label/defi,community
ethereum,0x3a2096754df385553c4252e5a82dc862e64169bb,The Possessed (PSSSSD),protocol,,Etherscan label (octal mirror) / DeFi,https://etherscan.io/accounts/label/defi,community
ethereum,0xcd1cb16a67937ff8af5d726e2681010ce1e9891a,ThemisToken (MIS),protocol,,Etherscan label / Protocol,https://etherscan.io/accounts/label/protocol,community
ethereum,0x3294b364a44f2f75c375fc8d8e2ccc59dd497fe4,TheTokenNetwork (TTN),protocol,,Etherscan label (octal mirror) / DeFi,https://etherscan.io/accounts/label/defi,community
ethereum,0x3155ba85d5f96b2d030a4966af206230e46849cb,THORChain ETH.RUNE,protocol,,Etherscan label / DEX,https://etherscan.io/accounts/label/dex,community
ethereum,0xc145990e84155416144c532e31f89b840ca8c2ce,THORSwap: RouterV2,protocol,,Etherscan label / Bridge,https://etherscan.io/accounts/label/bridge,community
ethereum,0x6531f133e6deebe7f2dce5a0441aa7ef330b4e53,TIME (TIME),protocol,,Etherscan label / DEX,https://etherscan.io/accounts/label/dex,community
ethereum,0xfc9b8f57c6fab17eca3456afa5a27103083a85e4,Timvi Governance Token (GTMV),protocol,,Etherscan label (octal mirror) / DeFi,https://etherscan.io/accounts/label/defi,community
ethereum,0x5abfd418adb35e89c68313574eb16bdffc15e607,TimviToken (TMV),protocol,,Etherscan label (octal mirror) / DeFi,https://etherscan.io/accounts/label/defi,community
ethereum,0x3a8cccb969a61532d1e6005e2ce12c200caece87,TitanSwap (Titan),protocol,,Etherscan label / DEX,https://etherscan.io/accounts/label/dex,community
ethereum,0x8eef5a82e6aa222a60f009ac18c24ee12dbf4b41,Tixl Token (TXL),protocol,,Etherscan label (octal mirror) / DeFi,https://etherscan.io/accounts/label/defi,community
ethereum,0xd57f293c3982f9ea89fe4da76c9c74fe78a45d41,ToiletPaper.Finance (YFTP),protocol,,Etherscan label (octal mirror) / DeFi,https://etherscan.io/accounts/label/defi,community
ethereum,0x56aa2f35ad4bf936a144d193b43fcc0f27b16f5b,Token Sunnyswap,protocol,,Etherscan label / DEX,https://etherscan.io/accounts/label/dex,community
ethereum,0x1ce7ae555139c5ef5a57cc8d814a867ee6ee33d8,Token.Store,protocol,,Etherscan label / DEX,https://etherscan.io/accounts/label/dex,community
ethereum,0xb14036aa3ce5014f6751d33611e2f47df15d2f92,TokenExchangeSynthetic (TES),protocol,,Etherscan label (octal mirror) / DeFi,https://etherscan.io/accounts/label/defi,community
ethereum,0x5e150a33ffa97a8d22f59c77ae5487b089ef62e9,TokenJar,protocol,,Etherscan label / DEX,https://etherscan.io/accounts/label/dex,community
ethereum,0x7839254cff8aafbdc2da66fe709eb8f17ce09fe5,Tokenlon: AMM Quoter,protocol,,Etherscan label / DEX,https://etherscan.io/accounts/label/dex,community
ethereum,0x904144473fde753dc0729608cfeea6f4a8b275e6,Tokenlon: AMM Wrapper,protocol,,Etherscan label / DEX,https://etherscan.io/accounts/label/dex,community
ethereum,0xdc6c91b569c98f9f6f74d90f9beff99fdaf4248b,Tokenlon: DEX 1,protocol,,Etherscan label / DEX,https://etherscan.io/accounts/label/dex,community
ethereum,0x03f34be1bf910116595db1b11e9d1b2ca5d59659,Tokenlon: DEX 2,protocol,,Etherscan label / DEX,https://etherscan.io/accounts/label/dex,community
ethereum,0x0485c25a5e8d7d0c5676d0e6d3bfc4aa597ba0b0,Tokenlon: Permanent Storage,protocol,,Etherscan label / DEX,https://etherscan.io/accounts/label/dex,community
ethereum,0x8d90113a1e286a5ab3e496fbd1853f265e5913c6,Tokenlon: PMM,protocol,,Etherscan label / DEX,https://etherscan.io/accounts/label/dex,community
ethereum,0x609c711783295209d9f33f535a7ca55b8ff87af2,Toll Free Swap (TOLL),protocol,,Etherscan label (octal mirror) / DeFi,https://etherscan.io/accounts/label/defi,community
ethereum,0xb9c1cef91bccda0588aa7308b68387afa4dd4302,TondoCoin (TDC),protocol,,Etherscan label / Stablecoin,https://etherscan.io/accounts/label/stablecoin,community
ethereum,0x3a4811c0619abe8a51737c71f34d148b8ceb3335,ToonFi Token (TFT),protocol,,Etherscan label (octal mirror) / DeFi,https://etherscan.io/accounts/label/defi,community
ethereum,0xb1bbdedd6671fcadf6229e336445a4123056ebeb,TOPP (TOPP),protocol,,Etherscan label / Protocol,https://etherscan.io/accounts/label/protocol,community
ethereum,0xe17807e05289b7555d24a07a201adab19bda63f8,ToraSwap (TORA),protocol,,Etherscan label / DEX,https://etherscan.io/accounts/label/dex,community
ethereum,0xcd1faff6e578fa5cac469d2418c95671ba1a62fe,Torum (XTM),protocol,,Etherscan label (octal mirror) / DeFi,https://etherscan.io/accounts/label/defi,community
ethereum,0x34748fedad669c788aabe4fb325a4587941f7b48,TOSA INU (TOS),protocol,,Etherscan label / DEX,https://etherscan.io/accounts/label/dex,community
ethereum,0x121aff23647c3cc38790cd98d95afbc375620392,Total.Exchange (TEX),protocol,,Etherscan label (octal mirror) / DeFi,https://etherscan.io/accounts/label/defi,community
ethereum,0xae95dc56a480ba3b1830cb760b43633d3f87aa17,Totem (TEM),protocol,,Etherscan label (octal mirror) / DeFi,https://etherscan.io/accounts/label/defi,community
ethereum,0x77208a6000691e440026bed1b178ef4661d37426,Totle: Primary,protocol,,Etherscan label / DEX,https://etherscan.io/accounts/label/dex,community
ethereum,0x91376343e5310143acd93eb4cf25bc4ecc47bd5b,Trader Wallet (TRADER),protocol,,Etherscan label (octal mirror) / DeFi,https://etherscan.io/accounts/label/defi,community
ethereum,0x6a2523c3eb9159fe4321ca70c06cbc04b3732a63,TrailerPark (PARK),protocol,,Etherscan label (octal mirror) / DeFi,https://etherscan.io/accounts/label/defi,community
ethereum,0x7afa2bbc06dad88487b5171ea2bcdf938a6b7ff9,TramsToken (TRAMS),protocol,,Etherscan label / DEX,https://etherscan.io/accounts/label/dex,community
ethereum,0x0aee8703d34dd9ae107386d3eff22ae75dd616d1,Tranche Finance (SLICE),protocol,,Etherscan label (octal mirror) / DeFi,https://etherscan.io/accounts/label/defi,community
ethereum,0xd6123271f980d966b00ca4fca6c2c021f05e2e73,Tranchess DAO Token (CHESS),protocol,,Etherscan label (octal mirror) / DeFi,https://etherscan.io/accounts/label/defi,community
ethereum,0xe635b156d3f2354a1fda06d3fc431f641931a5e4,Tresor Inu (TINU),protocol,,Etherscan label (octal mirror) / DeFi,https://etherscan.io/accounts/label/defi,community
ethereum,0xd85ad783cc94bd04196a13dc042a3054a9b52210,TribeOne (HAKA),protocol,,Etherscan label (octal mirror) / DeFi,https://etherscan.io/accounts/label/defi,community
ethereum,0xc299004a310303d1c0005cb14c70ccc02863924d,Trinity (TRI),protocol,,Etherscan label (octal mirror) / DeFi,https://etherscan.io/accounts/label/defi,community
ethereum,0xc065a04ed30471a0200da2e583bac120b129f0c5,Troland (TRO),protocol,,Etherscan label (octal mirror) / DeFi,https://etherscan.io/accounts/label/defi,community
ethereum,0x00006100f7090010005f1bd7ae6122c3c2cf0090,TrueAUD (TAUD),protocol,,Etherscan label (octal mirror) / Stablecoin,https://etherscan.io/accounts/label/stablecoin,community
ethereum,0x00000100f2a2bd000715001920eb70d229700085,TrueCAD (TCAD),protocol,,Etherscan label / Stablecoin,https://etherscan.io/accounts/label/stablecoin,community
ethereum,0xa1e72267084192db7387c8cc1328fade470e4149,TrueFi TrueUSD (tfTUSD),protocol,,Etherscan label (octal mirror) / DeFi,https://etherscan.io/accounts/label/defi,community
ethereum,0xa991356d261fbaf194463af6df8f0464f8f1c742,TrueFi USD Coin (tfUSDC),protocol,,Etherscan label (octal mirror) / DeFi,https://etherscan.io/accounts/label/defi,community
ethereum,0x00000000441378008ea67f4284a57932b1c000a5,TrueGBP (TGBP),protocol,,Etherscan label / Stablecoin,https://etherscan.io/accounts/label/stablecoin,community
ethereum,0x0000852600ceb001e08e00bc008be620d60031f2,TrueHKD (THKD),protocol,,Etherscan label / Stablecoin,https://etherscan.io/accounts/label/stablecoin,community
ethereum,0x679131f591b4f369acb8cd8c51e68596806c3916,Trustlines Network Token,protocol,,Etherscan label / Protocol,https://etherscan.io/accounts/label/protocol,community
ethereum,0x0000000005c6b7c1fd10915a05f034f90d524d6e,TRYC (TRYC),protocol,,Etherscan label (octal mirror) / Stablecoin,https://etherscan.io/accounts/label/stablecoin,community
ethereum,0xa5a2af22eac6f050227d844b108c2b2a011fd329,Tunnel (TNI),protocol,,Etherscan label (octal mirror) / DeFi,https://etherscan.io/accounts/label/defi,community
ethereum,0x4463e6a3ded0dbe3f6e15bc8420dfc55e5fea830,TXA (TXA),protocol,,Etherscan label / DEX,https://etherscan.io/accounts/label/dex,community
ethereum,0x853a2f58c888cea0c57204645d21d3a2271e8f79,TYR Protocol (TYR),protocol,,Etherscan label (octal mirror) / Protocol,https://etherscan.io/accounts/label/protocol,community
ethereum,0x1fc31488f28ac846588ffa201cde0669168471bd,UAX (UAX),protocol,,Etherscan label / Stablecoin,https://etherscan.io/accounts/label/stablecoin,community
ethereum,0xd002f53979dd9acb946a82ffe04d0e4383cf5f92,UBICITY (CITY),protocol,,Etherscan label (octal mirror) / DeFi,https://etherscan.io/accounts/label/defi,community
ethereum,0x0f644658510c95cb46955e55d7ba9dda9e9fbec6,Ubiquity Algorithmic Dollar,protocol,,Etherscan label / Stablecoin,https://etherscan.io/accounts/label/stablecoin,community
ethereum,0x4f272815fb641082b0291025016aebebbc6cf0d7,Ukrainian Hryvnia on Narfex,protocol,,Etherscan label / Protocol,https://etherscan.io/accounts/label/protocol,community
ethereum,0xe884cc2795b9c45beeac0607da9539fd571ccf85,Ultiledger (ULT),protocol,,Etherscan label / Protocol,https://etherscan.io/accounts/label/protocol,community
ethereum,0x5aa158404fed6b4730c13f49d3a7f820e14a636f,Ultron (ULX),protocol,,Etherscan label (octal mirror) / DeFi,https://etherscan.io/accounts/label/defi,community
ethereum,0x4103c267fba03a1df4fe84bc28092d629fa3f422,Umbria: Narni Bridge,protocol,,Etherscan label / Bridge,https://etherscan.io/accounts/label/bridge,community
ethereum,0xa4bbe66f151b22b167127c770016b15ff97dd35c,UmbriaToken (UMBR),protocol,,Etherscan label (octal mirror) / DeFi,https://etherscan.io/accounts/label/defi,community
ethereum,0x8db253a1943dddf1af9bcf8706ac9a0ce939d922,Unbound (UNB),protocol,,Etherscan label (octal mirror) / DeFi,https://etherscan.io/accounts/label/defi,community
ethereum,0x817e2addceaa4907623666a7800b1553ca21192d,Unbox.Art (UBA),protocol,,Etherscan label (octal mirror) / DeFi,https://etherscan.io/accounts/label/defi,community
ethereum,0x86ca49d37015a8541642b1b5a90af0115ec61994,Undead Blocks: Bridge,protocol,,Etherscan label / Bridge,https://etherscan.io/accounts/label/bridge,community
ethereum,0x5218e472cfcfe0b64a064f055b43b4cdc9efd3a6,UnFederalReserveToken (eRSDL),protocol,,Etherscan label (octal mirror) / DeFi,https://etherscan.io/accounts/label/defi,community
ethereum,0xbaa70614c7aafb568a93e62a98d55696bcc85dfe,UniCap.finance (UCAP),protocol,,Etherscan label (octal mirror) / DeFi,https://etherscan.io/accounts/label/defi,community
ethereum,0xcfde94e82f2224ce9feb65108e9327c9493bea17,Unico Defi (UNICO),protocol,,Etherscan label / DEX,https://etherscan.io/accounts/label/dex,community
ethereum,0x1e31b601488e97bc247c57af7b6aa336edbc5477,Unicorn Power,protocol,,Etherscan label / 1inch,https://etherscan.io/accounts/label/1inch,community
ethereum,0xadb2437e6f65682b85f814fbc12fec0508a7b1d0,UniCrypt (UNCX),protocol,,Etherscan label (octal mirror) / DeFi,https://etherscan.io/accounts/label/defi,community
ethereum,0xea3983fc6d0fbbc41fb6f6091f68f3e08894dc06,Unido (UDO),protocol,,Etherscan label (octal mirror) / DeFi,https://etherscan.io/accounts/label/defi,community
ethereum,0x87c45032b6a7e7b2d3fe99c68340c1f4b72cebed,Unifarm Staking Collection (UNIFARM-STAKES),protocol,,Etherscan label (octal mirror) / DeFi,https://etherscan.io/accounts/label/defi,community
ethereum,0x40986a85b4cfcdb054a6cbfb1210194fee51af88,UNIFARM Token (UFARM),protocol,,Etherscan label (octal mirror) / DeFi,https://etherscan.io/accounts/label/defi,community
ethereum,0x0ef3b2024ae079e6dbc2b37435ce30d2731f0101,UNIFI (UNIFI),protocol,,Etherscan label (octal mirror) / DeFi,https://etherscan.io/accounts/label/defi,community
ethereum,0x44086035439e676c02d411880fccb9837ce37c57,unified Stable Dollar,protocol,,Etherscan label / Stablecoin,https://etherscan.io/accounts/label/stablecoin,community
ethereum,0x0202be363b8a4820f3f4de7faf5224ff05943ab1,UniLend Finance Token (UFT),protocol,,Etherscan label (octal mirror) / DeFi,https://etherscan.io/accounts/label/defi,community
ethereum,0x7b70d9efa26b25f81256052ea7cde18e10db8029,UniLord (LORD),protocol,,Etherscan label (octal mirror) / DeFi,https://etherscan.io/accounts/label/defi,community
ethereum,0x5dd115eb39a0fc5da9022e4bbb8e8679ca066a74,Unilord (PEER),protocol,,Etherscan label (octal mirror) / DeFi,https://etherscan.io/accounts/label/defi,community
ethereum,0x6dddf4111ad997a8c7be9b2e502aa476bf1f4251,UniMonitor.io (UNT),protocol,,Etherscan label (octal mirror) / DeFi,https://etherscan.io/accounts/label/defi,community
ethereum,0x50b379ec299e4585f2644ea6376d00b3c402c8cc,UniSushi (UniSushi),protocol,,Etherscan label (octal mirror) / DeFi,https://etherscan.io/accounts/label/defi,community
ethereum,0x2157a7894439191e520825fe9399ab8655e0f708,Uniswap Exchange Template,protocol,,Etherscan label (octal mirror) / Uniswap,https://etherscan.io/accounts/label/uniswap,community
ethereum,0xc0a47dfe034b400b47bdad5fecda2621de6c4d95,Uniswap: Factory Contract,protocol,,Etherscan label / DeFi,https://etherscan.io/accounts/label/defi,community
ethereum,0xbd2a43799b83d9d0ff56b85d4c140bce3d1d1c6c,UniswapEX,protocol,,Etherscan label / DEX,https://etherscan.io/accounts/label/dex,community
ethereum,0x2bee6063b2a749ba729a04ba543d5af7e3b7334a,United States Dollar,protocol,,Etherscan label / Stablecoin,https://etherscan.io/accounts/label/stablecoin,community
ethereum,0x26f80c0107070a8522ecdfae3a201719b1afd4f8,United States Dollar on Narfex,protocol,,Etherscan label / Protocol,https://etherscan.io/accounts/label/protocol,community
ethereum,0x6d1dc3928604b00180bb570bdae94b9698d33b79,UnitedCrowd Token (UCT),protocol,,Etherscan label (octal mirror) / DeFi,https://etherscan.io/accounts/label/defi,community
ethereum,0xe3dc713db6689183c6dfbeb9f47540d0a7e1198e,Unity Coin (UNITY),protocol,,Etherscan label / Stablecoin,https://etherscan.io/accounts/label/stablecoin,community
ethereum,0x8d610e20481f4c4f3acb87bba9c46bef7795fdfe,Unity Network (UNT),protocol,,Etherscan label (octal mirror) / DeFi,https://etherscan.io/accounts/label/defi,community
ethereum,0x888888877a18532b78d259577d00057054c50dd8,Universal Dollar,protocol,,Etherscan label / Stablecoin,https://etherscan.io/accounts/label/algorithmic-stablecoin,community
ethereum,0x6c103d85c15107dce19f5a75fc746227e610aabd,Universal Euro,protocol,,Etherscan label / Stablecoin,https://etherscan.io/accounts/label/stablecoin,community
ethereum,0x99f2b69ee2468c834a634ff50d930ae64e3e500f,Universal Trade Interface (UTRIN),protocol,,Etherscan label (octal mirror) / DeFi,https://etherscan.io/accounts/label/defi,community
ethereum,0x86367c0e517622dacdab379f2de389c3c9524345,Universal US Dollar,protocol,,Etherscan label / Stablecoin,https://etherscan.io/accounts/label/stablecoin,community
ethereum,0x021576770cb3729716ccfb687afdb4c6bf720cb6,unlimited FiscusFYI (uFFYI),protocol,,Etherscan label (octal mirror) / DeFi,https://etherscan.io/accounts/label/defi,community
ethereum,0x5a666c7d92e5fa7edcb6390e4efd6d0cdd69cf37,UnmarshalToken (MARSH),protocol,,Etherscan label (octal mirror) / DeFi,https://etherscan.io/accounts/label/defi,community
ethereum,0x1bea0050e63e05fbb5d8ba2f10cf5800b6224449,Unripe Bean (urBEAN),protocol,,Etherscan label (octal mirror) / DeFi,https://etherscan.io/accounts/label/defi,community
ethereum,0x1bea3ccd22f4ebd3d37d731ba31eeca95713716d,Unripe BEAN3CRV (urBEAN3CRV),protocol,,Etherscan label (octal mirror) / DeFi,https://etherscan.io/accounts/label/defi,community
ethereum,0xf009f5531de69067435e32c4b9d36077f4c4a673,Unvest (UNV),protocol,,Etherscan label (octal mirror) / DeFi,https://etherscan.io/accounts/label/defi,community
ethereum,0x11fef700a4801639871372d75d039755ddd0dc20,Up DeFi (UPDF),protocol,,Etherscan label (octal mirror) / DeFi,https://etherscan.io/accounts/label/defi,community
ethereum,0xf720e38f678b29b243f7d53b56acbf5de98f2385,Upfire (UPR),protocol,,Etherscan label (octal mirror) / DeFi,https://etherscan.io/accounts/label/defi,community
ethereum,0x8806926ab68eb5a7b909dcaf6fdbe5d93271d6e2,Uquid Coin (UQC),protocol,,Etherscan label (octal mirror) / DeFi,https://etherscan.io/accounts/label/defi,community
ethereum,0x0b37377071af24921114dccf5eb8ea6e746d0410,USC (USC),protocol,,Etherscan label / Stablecoin,https://etherscan.io/accounts/label/stablecoin,community
ethereum,0x02b5453d92b730f29a86a0d5ef6e930c4cf8860b,USD Balance (USDB),protocol,,Etherscan label / Stablecoin,https://etherscan.io/accounts/label/stablecoin,community
ethereum,0x566957ef80f9fd5526cd2bef8be67035c0b81130,USD Coin (PoS) (Wormhole),protocol,,Etherscan label / Bridge,https://etherscan.io/accounts/label/bridge,community
ethereum,0x41f7b8b9b897276b7aae926a9016935280b44e97,USD Coin (Wormhole),protocol,,Etherscan label / Bridge,https://etherscan.io/accounts/label/bridge,community
ethereum,0x7cd167b101d2808cfd2c45d17b2e7ea9f46b74b6,USD Coin (Wormhole),protocol,,Etherscan label / Bridge,https://etherscan.io/accounts/label/bridge,community
ethereum,0xfb0aaa0432112779d9ac483d9d5e3961ece18eec,USD Gluwacoin (USD-G),protocol,,Etherscan label (octal mirror) / Stablecoin,https://etherscan.io/accounts/label/stablecoin,community
ethereum,0xbbaec992fc2d637151daf40451f160bf85f3c8c1,USD Mapped Token (USDM),protocol,,Etherscan label (octal mirror) / DeFi,https://etherscan.io/accounts/label/defi,community
ethereum,0x3c7b464376db7c9927930cf50eefdea2eff3a66a,USDA (USDA),protocol,,Etherscan label (octal mirror) / Stablecoin,https://etherscan.io/accounts/label/stablecoin,community
ethereum,0x4fb2932f1a9de0ae753a9279703697bc18f4e0c2,USDANT Stablecoin,protocol,,Etherscan label / Stablecoin,https://etherscan.io/accounts/label/stablecoin,community
ethereum,0x6bad6a9bcfda3fd60da6834ace5f93b8cfed9598,USDC Savings Vault (USV),protocol,,Etherscan label (octal mirror) / DeFi,https://etherscan.io/accounts/label/defi,community
ethereum,0x0902077c90a7ab86d729d74124873b527cd9085b,USDDex Stablecoin (USDDex),protocol,,Etherscan label (octal mirror) / Stablecoin,https://etherscan.io/accounts/label/stablecoin,community
ethereum,0x3d61e677944204cd1002202912a2b7a43a8e2823,USDf (USDf),protocol,,Etherscan label / Stablecoin,https://etherscan.io/accounts/label/stablecoin,community
ethereum,0x2a54ba2964c8cd459dc568853f79813a60761b58,USDI Token (USDI),protocol,,Etherscan label (octal mirror) / DeFi,https://etherscan.io/accounts/label/defi,community
ethereum,0x1c48f86ae57291f7686349f12601910bd8d470bb,USDK (USDK),protocol,,Etherscan label / Stablecoin,https://etherscan.io/accounts/label/stablecoin,community
ethereum,0x31d4eb09a216e181ec8a43ce79226a487d6f0ba9,USDM (USDM),protocol,,Etherscan label / Protocol,https://etherscan.io/accounts/label/protocol,community
ethereum,0x358cb60c7f639a5d8b8710f37eda7478610f1a65,USDM (USDM),protocol,,Etherscan label / Stablecoin,https://etherscan.io/accounts/label/stablecoin,community
ethereum,0x1456688345527be1f37e9e627da0837d6f08c925,USDP Stablecoin (USDP),protocol,,Etherscan label (octal mirror) / Stablecoin,https://etherscan.io/accounts/label/stablecoin,community
ethereum,0x4954db6391f4feb5468b6b943d4935353596aec9,USDQ Stablecoin by Q DAO v1.0,protocol,,Etherscan label / Stablecoin,https://etherscan.io/accounts/label/stablecoin,community
ethereum,0x1cdd2eab61112697626f7b4bb0e23da4febf7b7c,USDT (Wormhole),protocol,,Etherscan label / Bridge,https://etherscan.io/accounts/label/bridge,community
ethereum,0xa693b19d2931d498c5b318df961919bb4aee87a5,UST (Wormhole),protocol,,Etherscan label / Bridge,https://etherscan.io/accounts/label/bridge,community
ethereum,0x9e3319636e2126e3c0bc9e3134aec5e1508a46c7,UTN-P: Universa Token,protocol,,Etherscan label / Protocol,https://etherscan.io/accounts/label/protocol,community
ethereum,0xb40b6608b2743e691c9b54ddbdee7bf03cd79f1c,UZD Zunami Stable,protocol,,Etherscan label / Stablecoin,https://etherscan.io/accounts/label/stablecoin,community
ethereum,0x015b94ab2b0a14a96030573fbcd0f3d3d763541f,UZD Zunami Stable (UZD),protocol,,Etherscan label (octal mirror) / Stablecoin,https://etherscan.io/accounts/label/stablecoin,community
ethereum,0x2602278ee1882889b946eb11dc0e810075650983,Vader (VADER),protocol,,Etherscan label / Protocol,https://etherscan.io/accounts/label/protocol,community
ethereum,0xea3fb6f331735252e7bfb0b24b3b761301293dbe,Vader USD (USDV),protocol,,Etherscan label / Protocol,https://etherscan.io/accounts/label/protocol,community
ethereum,0xff0a3c3394765700611bc4cac016821aeca7d1a1,Vadia Finance (VAD),protocol,,Etherscan label (octal mirror) / DeFi,https://etherscan.io/accounts/label/defi,community
ethereum,0xd0f05d3d4e4d1243ac826d8c6171180c58eaa9bc,Value Network Token (VNTW),protocol,,Etherscan label (octal mirror) / DeFi,https://etherscan.io/accounts/label/defi,community
ethereum,0x35de3eccaccb02e627062b5d63aa941b137288fe,Value Set Dollar (VSD),protocol,,Etherscan label (octal mirror) / Stablecoin,https://etherscan.io/accounts/label/stablecoin,community
ethereum,0x72377f31e30a405282b522d588aebbea202b4f23,Varen (VRN),protocol,,Etherscan label (octal mirror) / DeFi,https://etherscan.io/accounts/label/defi,community
ethereum,0x861b2456ac1a6ab5fb5c72aa456091f23ddec1cc,VAULTZ (VAULTZ),protocol,,Etherscan label (octal mirror) / DeFi,https://etherscan.io/accounts/label/defi,community
ethereum,0xcb84d72e61e383767c4dfeb2d8ff7f4fb89abc6e,VEGA (VEGA),protocol,,Etherscan label (octal mirror) / DeFi,https://etherscan.io/accounts/label/defi,community
ethereum,0x94236591125e935f5ac128bb3d5062944c24958c,VegaWallet (VGW),protocol,,Etherscan label / Protocol,https://etherscan.io/accounts/label/protocol,community
ethereum,0x5f0bc16d50f72d10b719dbf6845de2e599eb5624,VENT (VENT),protocol,,Etherscan label (octal mirror) / DeFi,https://etherscan.io/accounts/label/defi,community
ethereum,0xb7c2fcd6d7922eddd2a7a9b0524074a60d5b472c,VentiSwap Token (VST),protocol,,Etherscan label (octal mirror) / DeFi,https://etherscan.io/accounts/label/defi,community
ethereum,0x6785b112d7fc6009569a331e8ec000d1354b558b,VentureCapital (VENCAP),protocol,,Etherscan label (octal mirror) / DeFi,https://etherscan.io/accounts/label/defi,community
ethereum,0x0c4576ca1c365868e162554af8e385dc3e7c66d9,veOGV (veOGV),protocol,,Etherscan label / Stablecoin,https://etherscan.io/accounts/label/stablecoin,community
ethereum,0xd7f0cc50ad69408ae58be033f4f85d2367c2e468,Vera (VERA),protocol,,Etherscan label (octal mirror) / DeFi,https://etherscan.io/accounts/label/defi,community
ethereum,0x249ca82617ec3dfb2589c4c17ab7ec9765350a18,Verse (VERSE),protocol,,Etherscan label / DEX,https://etherscan.io/accounts/label/dex,community
ethereum,0xcfe4eb08e33272d98cb31e37a7be78d5c1b740c1,Very Banking (VB),protocol,,Etherscan label (octal mirror) / DeFi,https://etherscan.io/accounts/label/defi,community
ethereum,0x6364d4f283601d4beb170dcdf0080b84e056389a,vGBP (vGBP),protocol,,Etherscan label / Stablecoin,https://etherscan.io/accounts/label/stablecoin,community
ethereum,0x777777773fdd8b28bb03377d10fcea75ad9768da,Via Protocol: Router,protocol,,Etherscan label / DeFi,https://etherscan.io/accounts/label/defi,community
ethereum,0xe35f19e4457a114a951781aaf421ec5266ef25fe,VIDIACHANGE (LA VIDA),protocol,,Etherscan label (octal mirror) / DeFi,https://etherscan.io/accounts/label/defi,community
ethereum,0x12483993167f6e652fd59cd173a495da0b80bdf2,Vinci Protocol NFT (VinciNFT),protocol,,Etherscan label (octal mirror) / DeFi,https://etherscan.io/accounts/label/defi,community
ethereum,0x010c282118aa76174ce5952572ba715cf60a0c9b,VINX COINS STO (VINX),protocol,,Etherscan label (octal mirror) / Stablecoin,https://etherscan.io/accounts/label/stablecoin,community
ethereum,0x9d37f31a4e8c6af7f64f1ce6241d24f5cacd391c,VIRAL (VIRAL),protocol,,Etherscan label (octal mirror) / DeFi,https://etherscan.io/accounts/label/defi,community
ethereum,0xf406f7a9046793267bc276908778b29563323996,Vision Token (VISION),protocol,,Etherscan label (octal mirror) / DeFi,https://etherscan.io/accounts/label/defi,community
ethereum,0xf6182fc996387d14fc18894c20cf82644237797d,VisionaryDeFi (VDeFi),protocol,,Etherscan label (octal mirror) / DeFi,https://etherscan.io/accounts/label/defi,community
ethereum,0xf938424f7210f31df2aee3011291b658f872e91e,VISOR (VISR),protocol,,Etherscan label (octal mirror) / DeFi,https://etherscan.io/accounts/label/defi,community
ethereum,0x164cd8bc19402c7bd49c2a97d5248310d7e1ec02,VND Token (VNDT),protocol,,Etherscan label / Stablecoin,https://etherscan.io/accounts/label/stablecoin,community
ethereum,0x1f3f677ecc58f6a1f9e2cf410df4776a8546b5de,VNDC (VNDC),protocol,,Etherscan label (octal mirror) / Stablecoin,https://etherscan.io/accounts/label/stablecoin,community
ethereum,0x2e2364966267b5d7d2ce6cd9a9b5bd19d9c7c6a9,Voice Token (VOICE),protocol,,Etherscan label (octal mirror) / DeFi,https://etherscan.io/accounts/label/defi,community
ethereum,0x5166e09628b696285e3a151e84fb977736a83575,Volatility Protocol Token (VOL),protocol,,Etherscan label (octal mirror) / DeFi,https://etherscan.io/accounts/label/defi,community
ethereum,0xceb286c9604c542d3cc08b41aa6c9675b078a832,Vortex DeFi (VTX),protocol,,Etherscan label (octal mirror) / DeFi,https://etherscan.io/accounts/label/defi,community
ethereum,0xfdb16a6900ce90cb27afec95dc274d27e0d61b87,Vote Escrowed Origin Dollar Governa... (veOGV),protocol,,Etherscan label (octal mirror) / Stablecoin,https://etherscan.io/accounts/label/stablecoin,community
ethereum,0x3db382535d9ee7c401b415745f4784644e076664,Voting International Blockchain Pla... (VTNG),protocol,,Etherscan label (octal mirror) / DeFi,https://etherscan.io/accounts/label/defi,community
ethereum,0x90c1f9220d90d3966fbee24045edd73e1d588ad5,Voting YFI (veYFI),protocol,,Etherscan label (octal mirror) / Yearn,https://etherscan.io/accounts/label/yearn-finance,community
ethereum,0x839e71613f9aa06e5701cf6de63e303616b0dde3,VVS (VVS),protocol,,Etherscan label (octal mirror) / DeFi,https://etherscan.io/accounts/label/defi,community
ethereum,0x2b66516d49266647e530281a94aa98e0340a29c8,VXL Dollar (VXLD),protocol,,Etherscan label / Stablecoin,https://etherscan.io/accounts/label/stablecoin,community
ethereum,0xee1ae38be4ce0074c4a4a8dc821cc784778f378c,VYNK CHAIN (VYNC),protocol,,Etherscan label (octal mirror) / DeFi,https://etherscan.io/accounts/label/defi,community
ethereum,0x663cbf0f8ac632ff6eea2a249e2f6e147e65a04b,vZWL (vZWL),protocol,,Etherscan label (octal mirror) / Stablecoin,https://etherscan.io/accounts/label/stablecoin,community
ethereum,0x15bcdfad12498de8a922e62442ae4cc4bd33bd25,Walletreum (WALT),protocol,,Etherscan label (octal mirror) / DeFi,https://etherscan.io/accounts/label/defi,community
ethereum,0x0b6f3c17e1626a7cbfa4302ce4e3c45522d23a83,WardenSwap (WAD),protocol,,Etherscan label / DEX,https://etherscan.io/accounts/label/dex,community
ethereum,0xed40834a13129509a89be39a9be9c0e96a0ddd71,Warp Token (WARP),protocol,,Etherscan label (octal mirror) / DeFi,https://etherscan.io/accounts/label/defi,community
ethereum,0x896e145568624a498c5a909187363ae947631503,Wasabi (WASABI),protocol,,Etherscan label / DEX,https://etherscan.io/accounts/label/dex,community
ethereum,0xc2db4c131adaf01c15a1db654c040c8578929d55,Wasabi USD (waUSD),protocol,,Etherscan label / DEX,https://etherscan.io/accounts/label/dex,community
ethereum,0xd61b60ccbdaf09c2e036c72734adb3270ed27192,WaterDrop (WDP),protocol,,Etherscan label (octal mirror) / DeFi,https://etherscan.io/accounts/label/defi,community
ethereum,0x2f7b88458f4e6d9abb19396b5a08b8ba7f3d4b20,Wave (WAE),protocol,,Etherscan label (octal mirror) / DeFi,https://etherscan.io/accounts/label/defi,community
ethereum,0x7a2bc711e19ba6aff6ce8246c546e8c4b4944dfd,WAX Economic Token (WAXE),protocol,,Etherscan label (octal mirror) / DeFi,https://etherscan.io/accounts/label/defi,community
ethereum,0xb140a429c342083e97daf42d5d82634bd7ade7d4,WAX Governance Token (WAXG),protocol,,Etherscan label (octal mirror) / DeFi,https://etherscan.io/accounts/label/defi,community
ethereum,0xfb9fc4ccc2538172fe76f7dc231a6969950e57c8,Weave DAO Token (WEV),protocol,,Etherscan label (octal mirror) / DeFi,https://etherscan.io/accounts/label/defi,community
ethereum,0xd97d09f3bd931a14382ac60f156c1285a56bb51b,WeDEX: Beta 2,protocol,,Etherscan label / DEX,https://etherscan.io/accounts/label/dex,community
ethereum,0xffa188493c15dfaf2c206c97d8633377847b6a52,WeFi (WEFI),protocol,,Etherscan label / Protocol,https://etherscan.io/accounts/label/protocol,community
ethereum,0x690aa2591e57180cba5a6123e9d462907a5e1c95,WePiggy LRC (pLRC),protocol,,Etherscan label (octal mirror) / DeFi,https://etherscan.io/accounts/label/defi,community
ethereum,0x82413f75f0da101e0fe7f6ff6cba3461f7e04f29,WePiggy Uniswap (pUNI),protocol,,Etherscan label (octal mirror) / DeFi,https://etherscan.io/accounts/label/defi,community
ethereum,0xef86384cf696929c3227428f539e740ee12fcdc7,WePiggy xLON (pxLON),protocol,,Etherscan label (octal mirror) / DeFi,https://etherscan.io/accounts/label/defi,community
ethereum,0x82de3959c09f665a82c794fafc1eb34cfcb555ee,WePiggy YFII (pYFII),protocol,,Etherscan label (octal mirror) / DeFi,https://etherscan.io/accounts/label/defi,community
ethereum,0x597d7ba1a3d54672d518b8d2e2797629d34d7a9a,wEZE (wEZE),protocol,,Etherscan label (octal mirror) / DeFi,https://etherscan.io/accounts/label/defi,community
ethereum,0x570438b7b9c7ff075c768b093271b79152cf1bdc,Whiteheart Hedged ETH (WHETH),protocol,,Etherscan label (octal mirror) / DeFi,https://etherscan.io/accounts/label/defi,community
ethereum,0x15088c29cc3106f770ff8f5e5627cb1f62fa160d,Whiteheart Hedged WBTC (WHWBTC),protocol,,Etherscan label (octal mirror) / DeFi,https://etherscan.io/accounts/label/defi,community
ethereum,0xda0606037834f4279dc590434231f1e01c468629,Whiteheart USDC LP Token (writeUSDC),protocol,,Etherscan label (octal mirror) / DeFi,https://etherscan.io/accounts/label/defi,community
ethereum,0xdd827a9bbc236a5af16bd7a57983793944bf68db,Who is Satoshi (WIS),protocol,,Etherscan label (octal mirror) / DeFi,https://etherscan.io/accounts/label/defi,community
ethereum,0xc6ef330d0cf66fdfb61c2eb904e90e4e67e401ec,Wife Changing Capital (WIFE),protocol,,Etherscan label (octal mirror) / DeFi,https://etherscan.io/accounts/label/defi,community
ethereum,0x603778e5e07e180e300bd10df7fa626313a206b2,WIZ (WIZ),protocol,,Etherscan label / Protocol,https://etherscan.io/accounts/label/protocol,community
ethereum,0x8ae5b8faa5087154f8b1fdb319b733b480ef5d53,WIZVIP (WIZVIP),protocol,,Etherscan label (octal mirror) / DeFi,https://etherscan.io/accounts/label/defi,community
ethereum,0x7f13dbb949c48f2a377fa4db4f2d5221ecbf3df9,Wolf Token (WOLF),protocol,,Etherscan label (octal mirror) / DeFi,https://etherscan.io/accounts/label/defi,community
ethereum,0x31735f0292d42801dce3b0f83b0d9a09bff75b07,Wolfage Finance Governance (WEFI),protocol,,Etherscan label (octal mirror) / DeFi,https://etherscan.io/accounts/label/defi,community
ethereum,0x6c2e5dfa3392debe43d8b2cb49b085cd1fdb3fcc,WOOF.finance (WOOF!),protocol,,Etherscan label (octal mirror) / DeFi,https://etherscan.io/accounts/label/defi,community
ethereum,0x06677dc4fe12d3ba3c7ccfd0df8cd45e4d4095bf,Work Quest Token (WQT),protocol,,Etherscan label (octal mirror) / DeFi,https://etherscan.io/accounts/label/defi,community
ethereum,0xe7094edf87a4e307590d011fb2db50219131d9ed,World Cup Willie (WILLIE),protocol,,Etherscan label (octal mirror) / DeFi,https://etherscan.io/accounts/label/defi,community
ethereum,0x629e7da20197a5429d30da36e77d06cdf796b71a,Wormhole Exploiter 2022,protocol,,Wormhole incident report 2022-02-02 (exploiter attribution),https://wormholecrypto.medium.com/wormhole-incident-report-02-02-22-ad9b8f21eec6,community
ethereum,0x761334110b92f1d648b92979f6451d7e53549d56,Wormhole Wrapped - 1-052ecce647e46e... (WWT),protocol,,Etherscan label (octal mirror) / DeFi,https://etherscan.io/accounts/label/defi,community
ethereum,0x98f3c9e6e3face36baad05fe09d375ef1464288b,Wormhole: Ethereum Core Bridge,protocol,,Etherscan label / Bridge,https://etherscan.io/accounts/label/bridge,community
ethereum,0x3ee18b2214aff97000d974cf647e7c347e8fa585,Wormhole: Portal Token Bridge,protocol,,Etherscan label / Bridge,https://etherscan.io/accounts/label/bridge,community
ethereum,0xf92cd566ea4864356c5491c177a430c222d7e678,Wormhole: Solana Bridge,protocol,,Etherscan label / Bridge,https://etherscan.io/accounts/label/bridge,community
ethereum,0x3405a1bd46b85c5c029483fbecf2f3e611026e45,WOWswap (WOW),protocol,,Etherscan label (octal mirror) / DeFi,https://etherscan.io/accounts/label/defi,community
ethereum,0xce4934f9c75ae6ef8d39179a50dab716c484806d,Wrap Coin (WRAP),protocol,,Etherscan label / Protocol,https://etherscan.io/accounts/label/protocol,community
ethereum,0xf50550d04b608004a0dc7af6dc614de4944a285b,Wrapped 4-Digit ENS,protocol,,Etherscan label / Protocol,https://etherscan.io/accounts/label/protocol,community
ethereum,0x56694577564fdd577a0abb20fe95c1e2756c2a11,Wrapped AdaSwap (ASW),protocol,,Etherscan label (octal mirror) / DeFi,https://etherscan.io/accounts/label/defi,community
ethereum,0x3383c5a8969dc413bfddc9656eb80a1408e4ba20,Wrapped ANATHA (wANATHA),protocol,,Etherscan label (octal mirror) / DeFi,https://etherscan.io/accounts/label/defi,community
ethereum,0x0f3adc247e91c3c50bc08721355a41037e89bc20,Wrapped ANC Token (ANC),protocol,,Etherscan label (octal mirror) / DeFi,https://etherscan.io/accounts/label/defi,community
ethereum,0x85f138bfee4ef8e540890cfb48f620571d67eda3,Wrapped AVAX (Wormhole),protocol,,Etherscan label / Bridge,https://etherscan.io/accounts/label/bridge,community
ethereum,0xe20b9e246db5a0d21bf9209e4858bc9a3ff7a034,Wrapped Banano (wBAN),protocol,,Etherscan label (octal mirror) / DeFi,https://etherscan.io/accounts/label/defi,community
ethereum,0xf5cb350b40726b5bcf170d12e162b6193b291b41,Wrapped BIS (wBIS),protocol,,Etherscan label / Protocol,https://etherscan.io/accounts/label/protocol,community
ethereum,0x418d75f65a02b3d53b2418fb8e1fe493759c7605,Wrapped BNB (Wormhole),protocol,,Etherscan label / Bridge,https://etherscan.io/accounts/label/bridge,community
ethereum,0x1f52453b32bfab737247114d56d756a6c37dd9ef,Wrapped Ether (WETH),protocol,,Etherscan label (octal mirror) / DeFi,https://etherscan.io/accounts/label/defi,community
ethereum,0x0b5326da634f9270fb84481dd6f94d3dc2ca7096,Wrapped ETHO (ETHO),protocol,,Etherscan label (octal mirror) / DeFi,https://etherscan.io/accounts/label/defi,community
ethereum,0x5c147e74d63b1d31aa3fd78eb229b65161983b2b,Wrapped Flow (WFLOW),protocol,,Etherscan label (octal mirror) / DeFi,https://etherscan.io/accounts/label/defi,community
ethereum,0x5abba0fa3630d389c7059db684b7328d6596397a,Wrapped Hong Kong Dollar (WHKD),protocol,,Etherscan label (octal mirror) / Stablecoin,https://etherscan.io/accounts/label/stablecoin,community
ethereum,0x2df380cd3eeb7f1ee5deb087fe9fbcf8959095ee,Wrapped Jax (WJAX),protocol,,Etherscan label / Stablecoin,https://etherscan.io/accounts/label/stablecoin,community
ethereum,0xca1262e77fb25c0a4112cfc9bad3ff54f617f2e6,Wrapped JAXNET (WJXN),protocol,,Etherscan label (octal mirror) / DeFi,https://etherscan.io/accounts/label/defi,community
ethereum,0x73a9fb46e228628f8f9bb9004eca4f4f529d3998,Wrapped LEO (WLEO),protocol,,Etherscan label (octal mirror) / DeFi,https://etherscan.io/accounts/label/defi,community
ethereum,0x7c9f4c87d911613fe9ca58b579f737911aad2d43,Wrapped Matic (Wormhole),protocol,,Etherscan label / Wormhole,https://etherscan.io/accounts/label/wormhole,community
ethereum,0xd2af830e8cbdfed6cc11bab697bb25496ed6fa62,Wrapped OUSD (WOUSD),protocol,,Etherscan label / Stablecoin,https://etherscan.io/accounts/label/stablecoin,community
ethereum,0xd1e2d5085b39b80c9948aeb1b9aa83af6756bcc5,Wrapped OXEN (wOXEN),protocol,,Etherscan label (octal mirror) / DeFi,https://etherscan.io/accounts/label/defi,community
ethereum,0x26b80fbfc01b71495f477d5237071242e0d959d7,Wrapped ROSE (Wormhole),protocol,,Etherscan label / Wormhole,https://etherscan.io/accounts/label/wormhole,community
ethereum,0x676ad1b33ae6423c6618c1aecf53baa29cf39ee5,Wrapped SDT Token,protocol,,Etherscan label / Stablecoin,https://etherscan.io/accounts/label/algorithmic-stablecoin,community
ethereum,0x6b5735cbdd0da81d18b5c2b3acaf8f27dcad9edb,Wrapped sGaas (wsGaas),protocol,,Etherscan label (octal mirror) / DeFi,https://etherscan.io/accounts/label/defi,community
ethereum,0x2657455b925acc98363073461572f3a1981a2db1,Wrapped Singapore Dollar (WSGD),protocol,,Etherscan label (octal mirror) / Stablecoin,https://etherscan.io/accounts/label/stablecoin,community
ethereum,0xee4dd716ffd955f2084839500646749722031572,WRAPPED SUMCOIN (WSUM),protocol,,Etherscan label (octal mirror) / DeFi,https://etherscan.io/accounts/label/defi,community
ethereum,0x5538ac3ce36e73bb851921f2a804b4657b5307bf,Wrapped SZO (WSZO),protocol,,Etherscan label (octal mirror) / DeFi,https://etherscan.io/accounts/label/defi,community
ethereum,0x7c974104df9dd7fb91205ab3d66d15aff1049de8,Wrapped USD (WUSD),protocol,,Etherscan label (octal mirror) / Stablecoin,https://etherscan.io/accounts/label/stablecoin,community
ethereum,0xc561586862e3129f660f6dfc24fd5dfe8dab3983,Wrapped WebDollar,protocol,,Etherscan label / Bridge,https://etherscan.io/accounts/label/bridge,community
ethereum,0x9ea7a3f50044eebfcea7acb08069e4fd238ba1fd,Wrapped YieldTopia (wYIELD),protocol,,Etherscan label (octal mirror) / DeFi,https://etherscan.io/accounts/label/defi,community
ethereum,0x952e116156d4b0ae398c1f85dd7683957be08526,WrappedPGO (wPGO),protocol,,Etherscan label (octal mirror) / DeFi,https://etherscan.io/accounts/label/defi,community
ethereum,0x67e74603df95cabbebc6795478c2402a01ea1517,Wurstcoin (WURST),protocol,,Etherscan label (octal mirror) / DeFi,https://etherscan.io/accounts/label/defi,community
ethereum,0x2b9ac6dc32d91215afb6757d88afadfb1b456c86,WyreBitcoin (WyBTC),protocol,,Etherscan label (octal mirror) / DeFi,https://etherscan.io/accounts/label/defi,community
ethereum,0x7f268357a8c2552623316e2562d90e642bb538e5,Wyvern Exchange Contract,protocol,,Etherscan label / OpenSea,https://etherscan.io/accounts/label/opensea,community
ethereum,0x546aaa98627797c04c48ac716db36314285b4b5a,X0swap Token (X0),protocol,,Etherscan label / DEX,https://etherscan.io/accounts/label/dex,community
ethereum,0x33dad834eca1290a330c4c4634bc3b64a0197120,X7 Protocol (X7),protocol,,Etherscan label / Protocol,https://etherscan.io/accounts/label/protocol,community
ethereum,0x7105aa393b9cf9b2497b460837313ea3dba67da0,X7DAO (X7DAO),protocol,,Etherscan label / Protocol,https://etherscan.io/accounts/label/protocol,community
ethereum,0x06d5ca7c9accd15a87d4993a421b7e702bdbab20,X7m105 (X7m105),protocol,,Etherscan label / Protocol,https://etherscan.io/accounts/label/protocol,community
ethereum,0x910dfc18d6ea3d6a7124a6f8b5458f281060fa4c,X8XToken (X8X),protocol,,Etherscan label / Stablecoin,https://etherscan.io/accounts/label/stablecoin,community
ethereum,0xd7c9f0e536dc865ae858b0c0453fe76d13c3beac,XAI Stablecoin (XAI),protocol,,Etherscan label (octal mirror) / Stablecoin,https://etherscan.io/accounts/label/stablecoin,community
ethereum,0x0e7f79e89ba8c4a13431129fb2db0d4f444b5b9a,Xank (XANK),protocol,,Etherscan label / Stablecoin,https://etherscan.io/accounts/label/stablecoin,community
ethereum,0x5de7cc4bcbca31c473f6d2f27825cfb09cc0bb16,XBE (XBE),protocol,,Etherscan label (octal mirror) / DeFi,https://etherscan.io/accounts/label/defi,community
ethereum,0xecbf566944250dde88322581024e611419715f7a,xBTC (xBTC),protocol,,Etherscan label (octal mirror) / DeFi,https://etherscan.io/accounts/label/defi,community
ethereum,0x7659ce147d0e714454073a5dd7003544234b6aa0,XCAD Token (XCAD),protocol,,Etherscan label (octal mirror) / DeFi,https://etherscan.io/accounts/label/defi,community
ethereum,0x000000000000d0151e748d25b766e77efe2a6c83,XDEFI Governance Token (XDEX),protocol,,Etherscan label (octal mirror) / DeFi,https://etherscan.io/accounts/label/defi,community
ethereum,0x953cd009a490176fceb3a26b9753e6f01645ff28,xDEUS (xDEUS),protocol,,Etherscan label (octal mirror) / DeFi,https://etherscan.io/accounts/label/defi,community
ethereum,0x17e4c54c20152998a569714fd6ea66a481ae234f,XdexToken (XDEX),protocol,,Etherscan label (octal mirror) / DeFi,https://etherscan.io/accounts/label/defi,community
ethereum,0x06450dee7fd2fb8e39061434babcfc05599a6fb8,XEN Crypto (XEN),protocol,,Etherscan label / Protocol,https://etherscan.io/accounts/label/protocol,community
ethereum,0xe4cfe9eaa8cdb0942a80b7bc68fd8ab0f6d44903,XEND (XEND),protocol,,Etherscan label (octal mirror) / DeFi,https://etherscan.io/accounts/label/defi,community
ethereum,0xc03a652efbbacfabde37cd66c7a4ff4332f7186c,XENO NFT HUB (XNO),protocol,,Etherscan label / DEX,https://etherscan.io/accounts/label/dex,community
ethereum,0xe577e0b200d00ebdecbfc1cd3f7e8e04c70476be,xEuro (xEUR),protocol,,Etherscan label / Stablecoin,https://etherscan.io/accounts/label/stablecoin,community
ethereum,0x5befbb272290dd5b8521d4a938f6c4757742c430,Xfinance (XFI),protocol,,Etherscan label (octal mirror) / DeFi,https://etherscan.io/accounts/label/defi,community
ethereum,0x4aa41bc1649c9c3177ed16caaa11482295fc7441,XFIT (XFIT),protocol,,Etherscan label (octal mirror) / DeFi,https://etherscan.io/accounts/label/defi,community
ethereum,0x6fcb6408499a7c0f242e32d77eb51ffa1dd28a7e,xHDX (xHDX),protocol,,Etherscan label (octal mirror) / DeFi,https://etherscan.io/accounts/label/defi,community
ethereum,0x295b42684f90c77da7ea46336001010f2791ec8c,Xi Token (XI),protocol,,Etherscan label / Protocol,https://etherscan.io/accounts/label/protocol,community
ethereum,0xf6650117017ffd48b725b4ec5a00b414097108a7,XIDO FINANCE (XIDO),protocol,,Etherscan label (octal mirror) / DeFi,https://etherscan.io/accounts/label/defi,community
ethereum,0xebf2096e01455108badcbaf86ce30b6e5a72aa52,XIDR (XIDR),protocol,,Etherscan label / Stablecoin,https://etherscan.io/accounts/label/stablecoin,community
ethereum,0x8f6a193c8b3c949e1046f1547c3a3f0836944e4b,xINCH (xINCHa),protocol,,Etherscan label (octal mirror) / DeFi,https://etherscan.io/accounts/label/defi,community
ethereum,0x6b33f15360cedbfb8f60539ec828ef52910aca9b,xINCH (xINCHb),protocol,,Etherscan label (octal mirror) / DeFi,https://etherscan.io/accounts/label/defi,community
ethereum,0xf1738912ae7439475712520797583ac784ea9033,XionGlobal Token (XGT),protocol,,Etherscan label (octal mirror) / DeFi,https://etherscan.io/accounts/label/defi,community
ethereum,0x0bfec35a1a3550deed3f6fc76dde7fc412729a91,xKNC (xKNCa),protocol,,Etherscan label (octal mirror) / DeFi,https://etherscan.io/accounts/label/defi,community
ethereum,0x06890d4c65a4cb75be73d7ccb4a8ee7962819e81,xKNC (xKNCb),protocol,,Etherscan label (octal mirror) / DeFi,https://etherscan.io/accounts/label/defi,community
ethereum,0x4937a209d4cdbd3ecd48857277cfd4da4d82914c,xMPL (xMPL),protocol,,Etherscan label (octal mirror) / DeFi,https://etherscan.io/accounts/label/defi,community
ethereum,0x31efc4aeaa7c39e54a33fdc3c46ee2bd70ae0a09,xPollinate: Transaction Manager,protocol,,Etherscan label / Bridge,https://etherscan.io/accounts/label/bridge,community
ethereum,0x01f7fd324b366380d2145dfa6c7a76fdb75f17b9,xRULER (xRULER),protocol,,Etherscan label (octal mirror) / DeFi,https://etherscan.io/accounts/label/defi,community
ethereum,0x69fa0fee221ad11012bab0fdb45d444d3d2ce71c,XRUNE Token (XRUNE),protocol,,Etherscan label / Protocol,https://etherscan.io/accounts/label/protocol,community
ethereum,0x7777777777697cfeecf846a76326da79cc606517,xSigma (SIG),protocol,,Etherscan label / DEX,https://etherscan.io/accounts/label/dex,community
ethereum,0x7f3edcdd180dbe4819bd98fee8929b5cedb3adeb,xToken (XTK),protocol,,Etherscan label (octal mirror) / DeFi,https://etherscan.io/accounts/label/defi,community
ethereum,0xfc0e2fe627c6329dc7d1fc57b43f30059665e803,XTRA Protocol (XTR),protocol,,Etherscan label (octal mirror) / DeFi,https://etherscan.io/accounts/label/defi,community
ethereum,0xda4d2152b2230e33c80b0a88b7c28b1c464ee3c2,xU3LP (xU3LPa),protocol,,Etherscan label (octal mirror) / DeFi,https://etherscan.io/accounts/label/defi,community
ethereum,0x420cf01fdc7e3c42c3d89ae8799baccbffa9ceaa,xU3LP (xU3LPb),protocol,,Etherscan label (octal mirror) / DeFi,https://etherscan.io/accounts/label/defi,community
ethereum,0x74e87fba6c4bcd17fe5f14d73f590ed3c13e821b,xU3LP (xU3LPc),protocol,,Etherscan label (octal mirror) / DeFi,https://etherscan.io/accounts/label/defi,community
ethereum,0xdd699eae49a3504a28aeb9bd76a3f0369fa08471,xU3LP (xU3LPd),protocol,,Etherscan label (octal mirror) / DeFi,https://etherscan.io/accounts/label/defi,community
ethereum,0x828ec6e678a40c251f1f37da389db0f820af6f9d,xU3LP (xU3LPe),protocol,,Etherscan label (octal mirror) / DeFi,https://etherscan.io/accounts/label/defi,community
ethereum,0x4296d40183356a770fd8ca3ba0592f0163be9ca3,xU3LP (xU3LPf),protocol,,Etherscan label (octal mirror) / DeFi,https://etherscan.io/accounts/label/defi,community
ethereum,0x9ed880b7f75a220c0450e4884521ba8d500eb4bb,xU3LP (xU3LPh),protocol,,Etherscan label (octal mirror) / DeFi,https://etherscan.io/accounts/label/defi,community
ethereum,0x5a50b3d55e9a1089029824a26caaa8f2abfc4bb0,xunii.finance (XUNII),protocol,,Etherscan label (octal mirror) / DeFi,https://etherscan.io/accounts/label/defi,community
ethereum,0x77777777772cf0455fb38ee0e75f38034dfa50de,XY Token (XY),protocol,,Etherscan label (octal mirror) / DeFi,https://etherscan.io/accounts/label/defi,community
ethereum,0x738e0c78e759611956894edca8a41955f2701ac5,XYfinance (XYFI),protocol,,Etherscan label (octal mirror) / DeFi,https://etherscan.io/accounts/label/defi,community
ethereum,0x0aacfbec6a24756c20d41914f2caba817c0d8521,YAM (YAM),protocol,,Etherscan label (octal mirror) / DeFi,https://etherscan.io/accounts/label/defi,community
ethereum,0xd75f1f81b69bdd4df8efbb70e9c6f4609009d753,YASHA (YASHA),protocol,,Etherscan label (octal mirror) / DeFi,https://etherscan.io/accounts/label/defi,community
ethereum,0x0ada190c81b814548ddc2f6adc4a689ce7c1fe73,yAxis V2 (YAXIS),protocol,,Etherscan label (octal mirror) / DeFi,https://etherscan.io/accounts/label/defi,community
ethereum,0x165c68077ac06c83800d19200e6e2b08d02de75d,yberSwap: Elastic Legacy Ticks Fees Reader,protocol,,Etherscan label / KyberSwap,https://etherscan.io/accounts/label/kyberswap,community
ethereum,0x01f64161e44d0453f905eebed52e4c1176339835,yCash (yC),protocol,,Etherscan label (octal mirror) / DeFi,https://etherscan.io/accounts/label/defi,community
ethereum,0x97a89ce35798841c586e2aff033c63a03bd238ae,YDFI Finance (YDFI),protocol,,Etherscan label (octal mirror) / DeFi,https://etherscan.io/accounts/label/defi,community
ethereum,0x35816b4066e48c67b6bc83d9d92f7918ba648fba,YEARN ETHEREUM YIELD (YEY),protocol,,Etherscan label (octal mirror) / DeFi,https://etherscan.io/accounts/label/defi,community
ethereum,0x59e7b5db9be0bdd26fa048d39e01fee456ab674e,Yearn Finance Bit2 (YFB2),protocol,,Etherscan label (octal mirror) / DeFi,https://etherscan.io/accounts/label/defi,community
ethereum,0x97f90da7aaa8c9980df57bfd94e6e4246b74307b,Yearn Finance Red (YFIR),protocol,,Etherscan label (octal mirror) / DeFi,https://etherscan.io/accounts/label/defi,community
ethereum,0xdf5e4e54d212f7a01cf94b3986f40933fcff589f,Yearn Finance: Buyback,protocol,,Etherscan label / Yearn,https://etherscan.io/accounts/label/yearn-finance,community
ethereum,0x6903223578806940bd3ff0c51f87aa43968424c8,Yearn Finance: Buyback 2,protocol,,Etherscan label / Yearn,https://etherscan.io/accounts/label/yearn-finance,community
ethereum,0xa696a63cc78dffa1a63e9e50587c197387ff6c7e,Yearn Finance: yvWBTC Token,protocol,,Etherscan label / Yearn,https://etherscan.io/accounts/label/yearn-finance,community
ethereum,0x5a08c1a3455e37ac6be0eae40f2a451d10529824,Yearn Gold Finance (YGF),protocol,,Etherscan label (octal mirror) / DeFi,https://etherscan.io/accounts/label/defi,community
ethereum,0xd0658324074d6249a51876438916f7c423075451,Yearn Land (yLand),protocol,,Etherscan label (octal mirror) / DeFi,https://etherscan.io/accounts/label/defi,community
ethereum,0x9c664f20c0a00a4949dffca76748c02754c875aa,Yearn Shark Finance (YSKF),protocol,,Etherscan label (octal mirror) / DeFi,https://etherscan.io/accounts/label/defi,community
ethereum,0x03e8f56ad0d759bcfff960863388bfdb2efd1579,yearn.finance cash (YFI CASH),protocol,,Etherscan label (octal mirror) / DeFi,https://etherscan.io/accounts/label/defi,community
ethereum,0x0a61c2146a7800bdc278833f21ebf56cd660ee2a,Yearn.Finance: Stealth Relayer,protocol,,Etherscan label / Yearn,https://etherscan.io/accounts/label/yearn-finance,community
ethereum,0xc454f4e1ddb39c8de9663287d52b0e4feb4ca45e,Yearn.Finance: Stealth Vault,protocol,,Etherscan label / Yearn,https://etherscan.io/accounts/label/yearn-finance,community
ethereum,0x35f5a420ef9bcc748329021fbd4ed0986abdf201,Yearn.Finance: The Blue Pill,protocol,,Etherscan label / Yearn,https://etherscan.io/accounts/label/yearn-finance,community
ethereum,0x38acefad338b870373fb8c810fe705569e1c7225,yearn4.finance (YF4),protocol,,Etherscan label (octal mirror) / DeFi,https://etherscan.io/accounts/label/defi,community
ethereum,0x2d407ddb06311396fe14d4b49da5f0471447d45c,yearn: Deployer,protocol,,Etherscan label / Yearn,https://etherscan.io/accounts/label/yearn-finance,community
ethereum,0x710295b5f326c2e47e6dd2e7f6b5b0f7c5ac2f24,yearn: Deployer 1,protocol,,Etherscan label / Yearn,https://etherscan.io/accounts/label/yearn-finance,community
ethereum,0xbedf3cf16ba1fce6c3b751903cf77e51d51e05b8,yearn: Deployer 10,protocol,,Etherscan label / Yearn,https://etherscan.io/accounts/label/yearn-finance,community
ethereum,0xc6387e937bcef8de3334f80edc623275d42457ff,yearn: Deployer 12,protocol,,Etherscan label / Yearn,https://etherscan.io/accounts/label/yearn-finance,community
ethereum,0x7d96ab1f847c3564b8f9a93f35e1027ada74aec2,Yearn: Deployer 4,protocol,,Etherscan label / Yearn,https://etherscan.io/accounts/label/yearn-finance,community
ethereum,0x7bacf22f747f2f4b983081c0aa76dddfecd008ab,yearn: Deployer 5,protocol,,Etherscan label / Yearn,https://etherscan.io/accounts/label/yearn-finance,community
ethereum,0xe15461b18ee31b7379019dc523231c57d1cbc18c,yearn: Deployer 6,protocol,,Etherscan label / Yearn,https://etherscan.io/accounts/label/yearn-finance,community
ethereum,0x50c1a2ea0a861a967d9d0ffe2ae4012c2e053804,yearn: Deployer 7,protocol,,Etherscan label / Yearn,https://etherscan.io/accounts/label/yearn-finance,community
ethereum,0x0b634a8d61b09820e9f72f79cdcbc8a4d0aad26b,Yearn: Deployer 8,protocol,,Etherscan label / Yearn,https://etherscan.io/accounts/label/yearn-finance,community
ethereum,0x27b5739e22ad9033bcbf192059122d163b60349d,Yearn: st-yCRV Token,protocol,,Etherscan label / Yearn,https://etherscan.io/accounts/label/yearn-finance,community
ethereum,0xa069e33994dcc24928d99f4bbeda83aaef00b5f3,yearn: Strategy Curve YCRV,protocol,,Etherscan label / Yearn,https://etherscan.io/accounts/label/yearn-finance,community
ethereum,0x93a62da5a14c80f265dabc077fcee437b1a0efde,yearn: Treasury Vault,protocol,,Etherscan label / Yearn,https://etherscan.io/accounts/label/yearn-finance,community
ethereum,0xd0660cd418a64a1d44e9214ad8e459324d8157f1,Yearn: WOOFY Token,protocol,,Etherscan label / Yearn,https://etherscan.io/accounts/label/yearn-finance,community
ethereum,0x9ca85572e6a3ebf24dedd195623f188735a5179f,yearn: y3Crv Vault,protocol,,Etherscan label / Yearn,https://etherscan.io/accounts/label/yearn-finance,community
ethereum,0x29e240cfd7946ba20895a7a02edb25c210f9f324,yearn: yaLINK Vault,protocol,,Etherscan label (octal mirror) / Yearn,https://etherscan.io/accounts/label/yearn-finance,community
ethereum,0x04bc0ab673d88ae9dbc9da2380cb6b79c4bca9ae,yearn: yBUSD Token,protocol,,Etherscan label / Yearn,https://etherscan.io/accounts/label/yearn-finance,community
ethereum,0xfcc5c47be19d06bf83eb04298b026f81069ff65b,Yearn: yCRV Token,protocol,,Etherscan label / Yearn,https://etherscan.io/accounts/label/yearn-finance,community
ethereum,0x5dbcf33d8c2e976c6b560249878e6f1491bca25c,yearn: yCRV Vault,protocol,,Etherscan label / Yearn,https://etherscan.io/accounts/label/yearn-finance,community
ethereum,0x27b7b1ad7288079a66d12350c828d3c00a6f07d7,yearn: yCRV-IB Vault,protocol,,Etherscan label (octal mirror) / Yearn,https://etherscan.io/accounts/label/yearn-finance,community
ethereum,0x7047f90229a057c13bf847c0744d646cfb6c9e1a,yearn: yCRV-renBTC Vault,protocol,,Etherscan label (octal mirror) / Yearn,https://etherscan.io/accounts/label/yearn-finance,community
ethereum,0x975f1bc238303593efab00d63cf0fc5f519a8de0,yearn: yCurve Zap In,protocol,,Etherscan label / DeFi,https://etherscan.io/accounts/label/defi,community
ethereum,0xed03415e5705c5abbf8e94c491b715df526cad55,yearn: yCurve Zap Out,protocol,,Etherscan label / DeFi,https://etherscan.io/accounts/label/defi,community
ethereum,0x2c3a2558e9b91e893e53bce94de3457a29f6b262,yearn: yCurve Zap Swap,protocol,,Etherscan label / DeFi,https://etherscan.io/accounts/label/defi,community
ethereum,0x16de59092dae5ccf4a1e6439d611fd0653f0bd01,yearn: yDAI Token,protocol,,Etherscan label / Yearn,https://etherscan.io/accounts/label/yearn-finance,community
ethereum,0x9d25057e62939d3408406975ad75ffe834da4cdd,yearn: yDAI Token 2,protocol,,Etherscan label / Yearn,https://etherscan.io/accounts/label/yearn-finance,community
ethereum,0xc2cb1040220768554cf699b0d863a3cd4324ce32,yearn: yDAI Token 3,protocol,,Etherscan label / Yearn,https://etherscan.io/accounts/label/yearn-finance,community
ethereum,0xacd43e627e64355f1861cec6d3a6688b31a6f952,yearn: yDAI Vault,protocol,,Etherscan label (octal mirror) / Yearn,https://etherscan.io/accounts/label/yearn-finance,community
ethereum,0x19d3364a399d251e894ac732651be8b0e4e85001,yearn: yDAI Vault V2,protocol,,Etherscan label (octal mirror) / Yearn,https://etherscan.io/accounts/label/yearn-finance,community
ethereum,0x020171085bcd43b6fd36ad8c95ad61848b1211a2,Yearn: yGifts,protocol,,Etherscan label / Yearn,https://etherscan.io/accounts/label/yearn-finance,community
ethereum,0xec0d8d3ed5477106c6d4ea27d90a60e594693c90,yearn: yGUSD Vault,protocol,,Etherscan label / Yearn,https://etherscan.io/accounts/label/yearn-finance,community
ethereum,0x881b06da56bb5675c54e4ed311c21e54c5025298,yearn: yLINK Vault,protocol,,Etherscan label (octal mirror) / Yearn,https://etherscan.io/accounts/label/yearn-finance,community
ethereum,0xf61718057901f84c4eec4339ef8f0d86d2b45600,yearn: ySUSD Token,protocol,,Etherscan label / Yearn,https://etherscan.io/accounts/label/yearn-finance,community
ethereum,0x36324b8168f960a12a8fd01406c9c78143d41380,yearn: ySUSD Token 2,protocol,,Etherscan label / Yearn,https://etherscan.io/accounts/label/yearn-finance,community
ethereum,0x73a052500105205d34daf004eab301916da8190f,yearn: yTUSD Token,protocol,,Etherscan label / Yearn,https://etherscan.io/accounts/label/yearn-finance,community
ethereum,0x37d19d1c4e1fa9dc47bd1ea12f742a0887eda74a,yearn: yTUSD Vault,protocol,,Etherscan label (octal mirror) / Yearn,https://etherscan.io/accounts/label/yearn-finance,community
ethereum,0x4b5bfd52124784745c1071dcb244c6688d2533d3,yearn: yUSD Token,protocol,,Etherscan label / Yearn,https://etherscan.io/accounts/label/yearn-finance,community
ethereum,0xd6ad7a6750a7593e092a9b218d66c0a814a3436e,yearn: yUSDC Token,protocol,,Etherscan label / Yearn,https://etherscan.io/accounts/label/yearn-finance,community
ethereum,0xa2609b2b43ac0f5ebe27deb944d2a399c201e3da,yearn: yUSDC Token 2,protocol,,Etherscan label / Yearn,https://etherscan.io/accounts/label/yearn-finance,community
ethereum,0x26ea744e5b887e5205727f55dfbe8685e3b21951,yearn: yUSDC Token 3,protocol,,Etherscan label / Yearn,https://etherscan.io/accounts/label/yearn-finance,community
ethereum,0x597ad1e0c13bfe8025993d9e79c69e1c0233522e,yearn: yUSDC Vault,protocol,,Etherscan label / Yearn,https://etherscan.io/accounts/label/yearn-finance,community
ethereum,0x5f18c75abdae578b483e5f43f12a39cf75b973a9,yearn: yUSDC Vault V2,protocol,,Etherscan label (octal mirror) / Yearn,https://etherscan.io/accounts/label/yearn-finance,community
ethereum,0x83f798e925bcd4017eb265844fddabb448f1707d,yearn: yUSDT Token,protocol,,Etherscan label / Yearn,https://etherscan.io/accounts/label/yearn-finance,community
ethereum,0xa1787206d5b1be0f432c4c4f96dc4d1257a1dd14,yearn: yUSDT Token 2,protocol,,Etherscan label / Yearn,https://etherscan.io/accounts/label/yearn-finance,community
ethereum,0xe6354ed5bc4b393a5aad09f21c46e101e692d447,yearn: yUSDT Token 3,protocol,,Etherscan label / Yearn,https://etherscan.io/accounts/label/yearn-finance,community
ethereum,0x2f08119c6f07c006695e079aafc638b8789faf18,yearn: yUSDT Vault,protocol,,Etherscan label (octal mirror) / Yearn,https://etherscan.io/accounts/label/yearn-finance,community
ethereum,0xd9788f3931ede4d5018184e198699dc6d66c1915,yearn: yvAAVE Token,protocol,,Etherscan label / Yearn,https://etherscan.io/accounts/label/yearn-finance,community
ethereum,0x4213458c69c19e6792510e1153cb0c5834665fdc,yearn: yvBalancer-BoostedAaveUSD Token,protocol,,Etherscan label / Yearn,https://etherscan.io/accounts/label/yearn-finance,community
ethereum,0xa9412ffd7e0866755ae0dda3318470a61f62abe8,yearn: yvBlpFUD Token,protocol,,Etherscan label / Yearn,https://etherscan.io/accounts/label/yearn-finance,community
ethereum,0x9d409a0a012cfba9b15f6d4b36ac57a46966ab9a,yearn: yvBOOST Vault,protocol,,Etherscan label (octal mirror) / Yearn,https://etherscan.io/accounts/label/yearn-finance,community
ethereum,0x4a3fe75762017db0ed73a71c9a06db7768db5e66,yearn: yvCOMP Token,protocol,,Etherscan label / Yearn,https://etherscan.io/accounts/label/yearn-finance,community
ethereum,0xe537b5cc158eb71037d4125bdd7538421981e6aa,yearn: yvCurve-3Crypto Token,protocol,,Etherscan label / Yearn,https://etherscan.io/accounts/label/yearn-finance,community
ethereum,0x8078198fc424986ae89ce4a910fc109587b6abf3,yearn: yvCurve-3Crypto-f Token,protocol,,Etherscan label / Yearn,https://etherscan.io/accounts/label/yearn-finance,community
ethereum,0x5ab64c599fcc59f0f2726a300b03166a395578da,yearn: yvCurve-3EUR Token,protocol,,Etherscan label / Yearn,https://etherscan.io/accounts/label/yearn-finance,community
ethereum,0x82c83dda32db09f63f9a59a129278f3fdc3eee67,yearn: yvCurve-3EUR-f Token,protocol,,Etherscan label / Yearn,https://etherscan.io/accounts/label/yearn-finance,community
ethereum,0x84e13785b5a27879921d6f685f041421c7f482da,yearn: yvCurve-3pool Token,protocol,,Etherscan label / Yearn,https://etherscan.io/accounts/label/yearn-finance,community
ethereum,0x39caf13a104ff567f71fd2a4c68c026fdb6e740b,yearn: yvCurve-Aave Token,protocol,,Etherscan label / Yearn,https://etherscan.io/accounts/label/yearn-finance,community
ethereum,0x321d570790fd2f109fe4e55aa419adf2fce0c842,yearn: yvCurve-agEUR-EUROC-f Token,protocol,,Etherscan label / Yearn,https://etherscan.io/accounts/label/yearn-finance,community
ethereum,0x718abe90777f5b778b52d553a5abaa148dd0dc5d,yearn: yvCurve-alETH Token,protocol,,Etherscan label / Yearn,https://etherscan.io/accounts/label/yearn-finance,community
ethereum,0xa74d4b67b3368e83797a35382afb776baae4f5c8,yearn: yvCurve-alUSD Token,protocol,,Etherscan label / Yearn,https://etherscan.io/accounts/label/yearn-finance,community
ethereum,0x4cbb6a5ec00ceec252a7091559484f7adb83165f,yearn: yvCurve-alUSD-f Token,protocol,,Etherscan label / Yearn,https://etherscan.io/accounts/label/yearn-finance,community
ethereum,0x132d8d2c76db3812403431facb00f3453fc42125,yearn: yvCurve-ankrETH Token,protocol,,Etherscan label / Yearn,https://etherscan.io/accounts/label/yearn-finance,community
ethereum,0x8fa3a9ecd9efb07a8ce90a6eb014cf3c0e3b32ef,yearn: yvCurve-BBTC Token,protocol,,Etherscan label / Yearn,https://etherscan.io/accounts/label/yearn-finance,community
ethereum,0x2d59aa422a7aae58038cf8ae6ed07330cc7d3ae8,yearn: yvCurve-bLUSDLUSD3-f-f Token,protocol,,Etherscan label / Yearn,https://etherscan.io/accounts/label/yearn-finance,community
ethereum,0x8ee57c05741aa9db947a744e713c15d4d19d8822,yearn: yvCurve-BUSD Token,protocol,,Etherscan label / Yearn,https://etherscan.io/accounts/label/yearn-finance,community
ethereum,0xf614d3864ef53510909a94c618a5ec1ff75103bf,yearn: yvCurve-cbETH-f Token,protocol,,Etherscan label / Yearn,https://etherscan.io/accounts/label/yearn-finance,community
ethereum,0xd6ea40597be05c201845c0bfd2e96a60bacde267,yearn: yvCurve-Compound Token,protocol,,Etherscan label / Yearn,https://etherscan.io/accounts/label/yearn-finance,community
ethereum,0x6f0ace0f94f4b9890dfa99a4175b3ef0288c16b3,yearn: yvCurve-CRV-ETH-f Token,protocol,,Etherscan label / Yearn,https://etherscan.io/accounts/label/yearn-finance,community
ethereum,0x6a5468752f8db94134b6508dabac54d3b45efce6,yearn: yvCurve-CRVETH Token,protocol,,Etherscan label / Yearn,https://etherscan.io/accounts/label/yearn-finance,community
ethereum,0x75a291f0232add37d72dd1dcff55b715755ecdee,yearn: yvCurve-CVX-ETH-f Token,protocol,,Etherscan label / Yearn,https://etherscan.io/accounts/label/yearn-finance,community
ethereum,0x4560b99c904aad03027b5178cca81584744ac01f,yearn: yvCurve-cvxCRV Token,protocol,,Etherscan label / Yearn,https://etherscan.io/accounts/label/yearn-finance,community
ethereum,0x1635b506a88fbf428465ad65d00e8d6b6e5846c3,yearn: yvCurve-CVXETH Token,protocol,,Etherscan label / Yearn,https://etherscan.io/accounts/label/yearn-finance,community
ethereum,0xd88dbba3f9c4391ee46f5ff548f289054db6e51c,yearn: yvCurve-DOLA Token,protocol,,Etherscan label / Yearn,https://etherscan.io/accounts/label/yearn-finance,community
ethereum,0xe5f625e8f4d2a038ae9583da254945285e5a77a4,yearn: yvCurve-DOLAFRAXBP3CRV-f-f Token,protocol,,Etherscan label / Yearn,https://etherscan.io/accounts/label/yearn-finance,community
ethereum,0x30fcf7c6cdfc46ec237783d94fc78553e79d4e9c,yearn: yvCurve-DUSD Token,protocol,,Etherscan label / Yearn,https://etherscan.io/accounts/label/yearn-finance,community
ethereum,0x8b9c0c24307344b6d7941ab654b2aeee25347473,yearn: yvCurve-EURN Token,protocol,,Etherscan label / Yearn,https://etherscan.io/accounts/label/yearn-finance,community
ethereum,0x25212df29073fffa7a67399acefc2dd75a831a1a,yearn: yvCurve-EURS Token,protocol,,Etherscan label / Yearn,https://etherscan.io/accounts/label/yearn-finance,community
ethereum,0x801ab06154bf539dea4385a39f5fa8534fb53073,yearn: yvCurve-EURSUSDC Token,protocol,,Etherscan label / Yearn,https://etherscan.io/accounts/label/yearn-finance,community
ethereum,0x0d4ea8536f9a13e4fba16042a46c30f092b06aa5,yearn: yvCurve-EURT Token,protocol,,Etherscan label / Yearn,https://etherscan.io/accounts/label/yearn-finance,community
ethereum,0xbcbb5b54fa51e7b7dc920340043b203447842a6b,yearn: yvCurve-EURTUSD Token,protocol,,Etherscan label / Yearn,https://etherscan.io/accounts/label/yearn-finance,community
ethereum,0xb4ada607b9d6b2c9ee07a275e9616b84ac560139,yearn: yvCurve-FRAX Token,protocol,,Etherscan label / Yearn,https://etherscan.io/accounts/label/yearn-finance,community
ethereum,0xb37094c1b5614bd6ece40afb295c26f4377069d3,yearn: yvCurve-FRAX-f Token,protocol,,Etherscan label / Yearn,https://etherscan.io/accounts/label/yearn-finance,community
ethereum,0x1a5ebff0e881aec34837845e4d0eb430a1b4b737,yearn: yvCurve-FRAXBP-f Token,protocol,,Etherscan label / Yearn,https://etherscan.io/accounts/label/yearn-finance,community
ethereum,0x2a38b9b0201ca39b17b460ed2f11e4929559071e,yearn: yvCurve-GUSD Token,protocol,,Etherscan label / Yearn,https://etherscan.io/accounts/label/yearn-finance,community
ethereum,0x054af22e1519b020516d72d749221c24756385c9,yearn: yvCurve-HUSD Token,protocol,,Etherscan label / Yearn,https://etherscan.io/accounts/label/yearn-finance,community
ethereum,0x1b905331f7de2748f4d6a0678e1521e20347643f,yearn: yvCurve-ibAUD Token,protocol,,Etherscan label / Yearn,https://etherscan.io/accounts/label/yearn-finance,community
ethereum,0x1025b1641d1f23c289412dd5e5701e9810103a93,yearn: yvCurve-ibAUD-USDC Token,protocol,,Etherscan label / Yearn,https://etherscan.io/accounts/label/yearn-finance,community
ethereum,0x5e69e8b51b71c8596817fd442849bd44219bb095,yearn: yvCurve-ibBTC Token,protocol,,Etherscan label / Yearn,https://etherscan.io/accounts/label/yearn-finance,community
ethereum,0x490bd0886f221a5f79713d3e84404355a9293c50,yearn: yvCurve-ibCHF Token,protocol,,Etherscan label / Yearn,https://etherscan.io/accounts/label/yearn-finance,community
ethereum,0x2e5c7e9b1da0d9cb2832ebb06241d18552a85400,yearn: yvCurve-ibCHF-USDC Token,protocol,,Etherscan label / Yearn,https://etherscan.io/accounts/label/yearn-finance,community
ethereum,0x67e019bfbd5a67207755d04467d6a70c0b75bf60,yearn: yvCurve-ibEUR Token,protocol,,Etherscan label / Yearn,https://etherscan.io/accounts/label/yearn-finance,community
ethereum,0xd347e7a3ddf5ce4c42e19a4f30eeaa761795c72b,yearn: yvCurve-ibEUR-f Token,protocol,,Etherscan label / Yearn,https://etherscan.io/accounts/label/yearn-finance,community
ethereum,0xe5edce53e39cbc6d819e2c340bcf295e0084ff7c,yearn: yvCurve-ibEUR-USDC Token,protocol,,Etherscan label / Yearn,https://etherscan.io/accounts/label/yearn-finance,community
ethereum,0x595a68a8c9d5c230001848b69b1947ee2a607164,yearn: yvCurve-ibGBP Token,protocol,,Etherscan label / Yearn,https://etherscan.io/accounts/label/yearn-finance,community
ethereum,0x6b5ce31af687a671a804d8070ddda99cab926dfe,yearn: yvCurve-ibGBP-USDC Token,protocol,,Etherscan label / Yearn,https://etherscan.io/accounts/label/yearn-finance,community
ethereum,0x59518884eebfb03e90a18adbaaab770d4666471e,yearn: yvCurve-ibJPY Token,protocol,,Etherscan label / Yearn,https://etherscan.io/accounts/label/yearn-finance,community
ethereum,0x9a39f31dd5edf5919a5c0c2433ce053fad2e0336,yearn: yvCurve-ibJPY-USDC Token,protocol,,Etherscan label / Yearn,https://etherscan.io/accounts/label/yearn-finance,community
ethereum,0x528d50dc9a333f01544177a924893fa1f5b9f748,yearn: yvCurve-ibKRW Token,protocol,,Etherscan label / Yearn,https://etherscan.io/accounts/label/yearn-finance,community
ethereum,0xf6b9dfe6bc42ed2eab44d6b829017f7b78b29f88,yearn: yvCurve-ibKRW-USDC Token,protocol,,Etherscan label / Yearn,https://etherscan.io/accounts/label/yearn-finance,community
ethereum,0xa8e0c42f45c877e611c76f2d4bf57476f2014381,yearn: yvCurve-IronBank-f Token,protocol,,Etherscan label / Yearn,https://etherscan.io/accounts/label/yearn-finance,community
ethereum,0xf2db9a7c0acd427a680d640f02d90f6186e71725,yearn: yvCurve-LINK Token,protocol,,Etherscan label / Yearn,https://etherscan.io/accounts/label/yearn-finance,community
ethereum,0x5fa5b62c8af877cb37031e0a3b2f34a78e3c56a6,yearn: yvCurve-LUSD Token,protocol,,Etherscan label / Yearn,https://etherscan.io/accounts/label/yearn-finance,community
ethereum,0xad86df2e8f989c828b25a7da5eb1ec363283fa3f,yearn: yvCurve-LUSD-f Token,protocol,,Etherscan label / Yearn,https://etherscan.io/accounts/label/yearn-finance,community
ethereum,0x2dfb14e32e2f8156ec15a2c21c3a6c053af52be8,yearn: yvCurve-MIM Token,protocol,,Etherscan label / Yearn,https://etherscan.io/accounts/label/yearn-finance,community
ethereum,0xa540744dedbda9ef64cf753f0e851efe4a419ea9,yearn: yvCurve-MIM-f Token,protocol,,Etherscan label / Yearn,https://etherscan.io/accounts/label/yearn-finance,community
ethereum,0xd8c620991b8e626c099eaab29b1e3eea279763bb,yearn: yvCurve-MIMUST Token,protocol,,Etherscan label / Yearn,https://etherscan.io/accounts/label/yearn-finance,community
ethereum,0x133cb5cf617a33f5d02cffff579435776ef29fb0,yearn: yvCurve-multibtc3CRV-f-f Token,protocol,,Etherscan label / Yearn,https://etherscan.io/accounts/label/yearn-finance,community
ethereum,0x8cc94ccd0f3841a468184aca3cc478d2148e1757,yearn: yvCurve-mUSD Token,protocol,,Etherscan label / Yearn,https://etherscan.io/accounts/label/yearn-finance,community
ethereum,0xe9dc63083c464d6edccff23444ff3cfc6886f6fb,yearn: yvCurve-oBTC Token,protocol,,Etherscan label / Yearn,https://etherscan.io/accounts/label/yearn-finance,community
ethereum,0xf59d66c1d593fb10e2f8c2a6fd2c958792434b9c,yearn: yvCurve-OUSD Token,protocol,,Etherscan label / Yearn,https://etherscan.io/accounts/label/yearn-finance,community
ethereum,0x80bbee2fa460da291e796b9045e93d19ef948c6a,yearn: yvCurve-Pax Token,protocol,,Etherscan label / Yearn,https://etherscan.io/accounts/label/yearn-finance,community
ethereum,0x2d5d4869381c4fce34789bc1d38acce747e295ae,yearn: yvCurve-RAI Token,protocol,,Etherscan label / Yearn,https://etherscan.io/accounts/label/yearn-finance,community
ethereum,0xbfedbcbe27171c418cdabc2477042554b1904857,yearn: yvCurve-rETH Token,protocol,,Etherscan label / Yearn,https://etherscan.io/accounts/label/yearn-finance,community
ethereum,0x5c0a86a32c129538d62c106eb8115a8b02358d57,yearn: yvCurve-rETHwstETH Token,protocol,,Etherscan label / Yearn,https://etherscan.io/accounts/label/yearn-finance,community
ethereum,0xc116df49c02c5fd147de25baa105322ebf26bd97,yearn: yvCurve-RSV Token,protocol,,Etherscan label / Yearn,https://etherscan.io/accounts/label/yearn-finance,community
ethereum,0xb5de7250128775a317b3f775a7afcec73571b732,yearn: yvCurve-sETH-f Token,protocol,,Etherscan label / Yearn,https://etherscan.io/accounts/label/yearn-finance,community
ethereum,0x5b8c556b8b2a78696f0b9b830b3d67623122e270,yearn: yvCurve-stETH-f Token,protocol,,Etherscan label / Yearn,https://etherscan.io/accounts/label/yearn-finance,community
ethereum,0x5faf6a2d186448dfa667c51cb3d695c7a6e52d8e,yearn: yvCurve-stETH-WETH Token,protocol,,Etherscan label / Yearn,https://etherscan.io/accounts/label/yearn-finance,community
ethereum,0x5a770dbd3ee6baf2802d29a901ef11501c44797a,yearn: yvCurve-sUSD Token,protocol,,Etherscan label / Yearn,https://etherscan.io/accounts/label/yearn-finance,community
ethereum,0x5b2384d566d2e4a0b29b8eccb642c63199cd393c,yearn: yvCurve-sUSD-f Token,protocol,,Etherscan label / Yearn,https://etherscan.io/accounts/label/yearn-finance,community
ethereum,0x23d3d0f1c697247d5e0a9efb37d8b0ed0c464f7f,yearn: yvCurve-tBTC Token,protocol,,Etherscan label / Yearn,https://etherscan.io/accounts/label/yearn-finance,community
ethereum,0x3d980e50508cfd41a13837a60149927a11c03731,yearn: yvCurve-triCrypto Token,protocol,,Etherscan label / Yearn,https://etherscan.io/accounts/label/yearn-finance,community
ethereum,0x3d27705c64213a5dcd9d26880c1bcfa72d5b6b0e,yearn: yvCurve-USDK Token,protocol,,Etherscan label / Yearn,https://etherscan.io/accounts/label/yearn-finance,community
ethereum,0x6fafca7f49b4fd9dc38117469cd31a1e5aec91f5,yearn: yvCurve-USDM Token,protocol,,Etherscan label / Yearn,https://etherscan.io/accounts/label/yearn-finance,community
ethereum,0x8cdf57760be305f32e03b3d231e5a81e550c6295,yearn: yvCurve-USDN-f Token,protocol,,Etherscan label / Yearn,https://etherscan.io/accounts/label/yearn-finance,community
ethereum,0xc4daf3b5e2a9e93861c3fbdd25f1e943b8d87417,yearn: yvCurve-USDP Token,protocol,,Etherscan label / Yearn,https://etherscan.io/accounts/label/yearn-finance,community
ethereum,0x28a5b95c101df3ded0c0d9074db80c438774b6a9,yearn: yvCurve-USDT Token,protocol,,Etherscan label / Yearn,https://etherscan.io/accounts/label/yearn-finance,community
ethereum,0x1c6a9783f812b3af3abbf7de64c3cd7cc7d1af44,yearn: yvCurve-UST Token,protocol,,Etherscan label / Yearn,https://etherscan.io/accounts/label/yearn-finance,community
ethereum,0x790a60024bc3aea28385b60480f15a0771f26d09,yearn: yvCurve-YFIETH Token,protocol,,Etherscan label / Yearn,https://etherscan.io/accounts/label/yearn-finance,community
ethereum,0xda816459f1ab5631232fe5e97a05bbbb94970c95,Yearn: yvDAI Vault,protocol,,Etherscan label / Yearn,https://etherscan.io/accounts/label/yearn-finance,community
ethereum,0xc5bddf9843308380375a611c18b50fb9341f502a,yearn: yveCRV-DAO Vault,protocol,,Etherscan label / Yearn,https://etherscan.io/accounts/label/yearn-finance,community
ethereum,0xe11ba472f74869176652c35d30db89854b5ae84d,yearn: yvHEGIC Vault,protocol,,Etherscan label / Yearn,https://etherscan.io/accounts/label/yearn-finance,community
ethereum,0xb09f2a67a731466182518fae980feae96479d80b,yearn: yvKP3RETH-f Token,protocol,,Etherscan label / Yearn,https://etherscan.io/accounts/label/yearn-finance,community
ethereum,0x671a912c10bba0cfa74cfc2d6fba9ba1ed9530b2,yearn: yvLINK Token,protocol,,Etherscan label / Yearn,https://etherscan.io/accounts/label/yearn-finance,community
ethereum,0x378cb52b00f9d0921cb46dfc099cff73b42419dc,yearn: yvLUSD Token,protocol,,Etherscan label / Yearn,https://etherscan.io/accounts/label/yearn-finance,community
ethereum,0xe0db48b4f71752c4bef16de1dbd042b82976b8c7,yearn: yvmUSD Vault,protocol,,Etherscan label / Yearn,https://etherscan.io/accounts/label/yearn-finance,community
ethereum,0x873fb544277fd7b977b196a826459a69e27ea4ea,yearn: yvRAI Token,protocol,,Etherscan label / Yearn,https://etherscan.io/accounts/label/yearn-finance,community
ethereum,0xf29ae508698bdef169b89834f76704c3b205aedf,yearn: yvSNX Token,protocol,,Etherscan label / Yearn,https://etherscan.io/accounts/label/yearn-finance,community
ethereum,0xa5ca62d95d24a4a350983d5b8ac4eb8638887396,yearn: yvsUSD Token,protocol,,Etherscan label / Yearn,https://etherscan.io/accounts/label/yearn-finance,community
ethereum,0x6d765cbe5bc922694afe112c140b8878b9fb0390,yearn: yvSUSHI Token,protocol,,Etherscan label / Yearn,https://etherscan.io/accounts/label/yearn-finance,community
ethereum,0xfd0877d9095789caf24c98f7cce092fa8e120775,yearn: yvTUSD Token,protocol,,Etherscan label / Yearn,https://etherscan.io/accounts/label/yearn-finance,community
ethereum,0xfbeb78a723b8087fd2ea7ef1afec93d35e8bed42,yearn: yvUNI Token,protocol,,Etherscan label / Yearn,https://etherscan.io/accounts/label/yearn-finance,community
ethereum,0xa354f35829ae975e850e23e9615b11da1b3dc4de,Yearn: yvUSDC Vault,protocol,,Etherscan label / Yearn,https://etherscan.io/accounts/label/yearn-finance,community
ethereum,0x7da96a3891add058ada2e826306d812c638d87a7,yearn: yvUSDT Token,protocol,,Etherscan label / Yearn,https://etherscan.io/accounts/label/yearn-finance,community
ethereum,0xe1237aa7f535b0cc33fd973d66cbf830354d16c7,yearn: yWETH Vault,protocol,,Etherscan label / Yearn,https://etherscan.io/accounts/label/yearn-finance,community
ethereum,0x04aa51bbcb46541455ccf1b8bef2ebc5d3787ec9,yearn: yWTBC Token,protocol,,Etherscan label / Yearn,https://etherscan.io/accounts/label/yearn-finance,community
ethereum,0xba2e7fed597fd0e3e70f5130bcdbbfe06bb94fe1,yearn: yYFI Vault,protocol,,Etherscan label (octal mirror) / Yearn,https://etherscan.io/accounts/label/yearn-finance,community
ethereum,0x61467bb3da6033357a30aa19f071e6f585a7ad77,YearnFinanceCash (YFCH),protocol,,Etherscan label (octal mirror) / DeFi,https://etherscan.io/accounts/label/defi,community
ethereum,0x14be9bde94102e13971e8f98acecac823cb7fd30,YearnFinanceConnect (YFIC),protocol,,Etherscan label (octal mirror) / DeFi,https://etherscan.io/accounts/label/defi,community
ethereum,0xe06ea2a92c4811732e14cbc1453a35fa78a2f176,Yearns Finance (YFIs),protocol,,Etherscan label (octal mirror) / DeFi,https://etherscan.io/accounts/label/defi,community
ethereum,0xeea9ae787f3a620072d13b2cdc8cabffb9c0ab96,YearnSecure (YSEC),protocol,,Etherscan label (octal mirror) / DeFi,https://etherscan.io/accounts/label/defi,community
ethereum,0xddd05c42769c2d339d9c4364326f46545190acf6,YearnSpaceFinance (YSF),protocol,,Etherscan label (octal mirror) / DeFi,https://etherscan.io/accounts/label/defi,community
ethereum,0xa1ac1450ee86c35d1f959f2792cb8cef726bb60d,YearnSwap (YFSW),protocol,,Etherscan label (octal mirror) / DeFi,https://etherscan.io/accounts/label/defi,community
ethereum,0x7815bda662050d84718b988735218cffd32f75ea,YEL Token (YEL),protocol,,Etherscan label / Protocol,https://etherscan.io/accounts/label/protocol,community
ethereum,0xff034d12353867fc4228f4ae3e689cd6dcaad120,YFBitcoin (YFBTC),protocol,,Etherscan label (octal mirror) / DeFi,https://etherscan.io/accounts/label/defi,community
ethereum,0xc162e46e891da3e7a2ac2f3df2a305c9ae938d4f,yfChain (YFC),protocol,,Etherscan label (octal mirror) / DeFi,https://etherscan.io/accounts/label/defi,community
ethereum,0xf4cd3d3fda8d7fd6c5a500203e38640a70bf9577,YfDAI.finance (Yf-DAI),protocol,,Etherscan label (octal mirror) / DeFi,https://etherscan.io/accounts/label/defi,community
ethereum,0x68763e696bdee1726e5a2d100fceaa5bd6c2fb3e,YFEthereum (YFETH),protocol,,Etherscan label (octal mirror) / DeFi,https://etherscan.io/accounts/label/defi,community
ethereum,0x7232607b74818995c70c3820ddc0ea670aa8cbd7,YFFB Finance (YFFB),protocol,,Etherscan label (octal mirror) / DeFi,https://etherscan.io/accounts/label/defi,community
ethereum,0x90d702f071d2af33032943137ad0ab4280705817,yffs.finance (YFFS),protocol,,Etherscan label (octal mirror) / DeFi,https://etherscan.io/accounts/label/defi,community
ethereum,0xbd0001bb1a7ebdc64899161b48c60bcbef62004e,YFFU.Finance 2.0 (YFFU2),protocol,,Etherscan label (octal mirror) / DeFi,https://etherscan.io/accounts/label/defi,community
ethereum,0x09843b9137fc5935b7f3832152f9074db5d2d1ee,YFI3.money (YFI3),protocol,,Etherscan label (octal mirror) / DeFi,https://etherscan.io/accounts/label/defi,community
ethereum,0x065ccf8d682995be66e38eaee3c2475f636634ab,YFIW.FINANCE (YFIW),protocol,,Etherscan label (octal mirror) / DeFi,https://etherscan.io/accounts/label/defi,community
ethereum,0xa4f779074850d320b5553c9db5fc6a8ab15bd34a,YFIX.finance (YFIX),protocol,,Etherscan label (octal mirror) / DeFi,https://etherscan.io/accounts/label/defi,community
ethereum,0xc926598f780dfdb3fb11bfb2c142c9091d4bca55,YFIZ.FINANCE (YFIZ),protocol,,Etherscan label (octal mirror) / DeFi,https://etherscan.io/accounts/label/defi,community
ethereum,0x28cb7e841ee97947a86b06fa4090c8451f64c0be,YFLink (YFL),protocol,,Etherscan label (octal mirror) / DeFi,https://etherscan.io/accounts/label/defi,community
ethereum,0x8282df223ac402d04b2097d16f758af4f70e7db0,YFLink Synthetic (sYFL),protocol,,Etherscan label (octal mirror) / DeFi,https://etherscan.io/accounts/label/defi,community
ethereum,0xad43bbde9b4e1a2894984a55a2f490c4adc1773b,yfMeta Finance (yfMeta),protocol,,Etherscan label (octal mirror) / DeFi,https://etherscan.io/accounts/label/defi,community
ethereum,0x1df6f1bb7454e5e4ba3bca882d3148fbf9b5697a,YFSCIENCE (YFSI),protocol,,Etherscan label (octal mirror) / DeFi,https://etherscan.io/accounts/label/defi,community
ethereum,0xa279dab6ec190ee4efce7da72896eb58ad533262,yfu.finance (YFU),protocol,,Etherscan label (octal mirror) / DeFi,https://etherscan.io/accounts/label/defi,community
ethereum,0xf55a93b613d172b86c2ba3981a849dae2aecde2f,YFX (YFX),protocol,,Etherscan label (octal mirror) / DeFi,https://etherscan.io/accounts/label/defi,community
ethereum,0x033e52f513f9b98e129381c6708f9faa2dee5db5,Ygov.finance: Balancer,protocol,,Etherscan label / DeFi,https://etherscan.io/accounts/label/defi,community
ethereum,0xb01419e74d8a2abb1bbad82925b19c36c191a701,Ygov.finance: Fee Rewards,protocol,,Etherscan label / Yearn,https://etherscan.io/accounts/label/yearn-finance,community
ethereum,0x3a22df48d84957f907e67f4313e3d43179040d6e,Ygov.finance: Governance,protocol,,Etherscan label / DeFi,https://etherscan.io/accounts/label/defi,community
ethereum,0x0001fb050fe7312791bf6475b96569d83f695c9f,Ygov.finance: yearn,protocol,,Etherscan label / DeFi,https://etherscan.io/accounts/label/defi,community
ethereum,0x5a51cd77b7a16fbf7dd4c494521b741a625debc9,YHFI.FINANCE (YHFI),protocol,,Etherscan label (octal mirror) / DeFi,https://etherscan.io/accounts/label/defi,community
ethereum,0xdcb01cc464238396e213a6fdd933e36796eaff9f,Yield (YLD),protocol,,Etherscan label (octal mirror) / DeFi,https://etherscan.io/accounts/label/defi,community
ethereum,0x71a3f165217c2e7a0fe2568b40f9f7438c66f861,Yield Bank (yB),protocol,,Etherscan label (octal mirror) / DeFi,https://etherscan.io/accounts/label/defi,community
ethereum,0xf37e0ca79a2924932f8c48cfbe40fa9616a9cc41,Yield Farming XL (YFXL),protocol,,Etherscan label (octal mirror) / DeFi,https://etherscan.io/accounts/label/defi,community
ethereum,0xa8b61cff52564758a204f841e636265bebc8db9b,Yield Protocol (YIELD),protocol,,Etherscan label (octal mirror) / DeFi,https://etherscan.io/accounts/label/defi,community
ethereum,0x88cb253d4c8cab8cdf7948a9251db85a13669e23,Yieldly (YLDY),protocol,,Etherscan label (octal mirror) / DeFi,https://etherscan.io/accounts/label/defi,community
ethereum,0x794baab6b878467f93ef17e2f2851ce04e3e34c8,YIN Finance (YIN),protocol,,Etherscan label (octal mirror) / DeFi,https://etherscan.io/accounts/label/defi,community
ethereum,0xb7ba8461664de526a3ae44189727dfc768625902,YMPL (YMPL),protocol,,Etherscan label (octal mirror) / DeFi,https://etherscan.io/accounts/label/defi,community
ethereum,0xcac7a8aec77372449412ca7c1fc945b615eaa957,Yolex.io (YEX),protocol,,Etherscan label / DEX,https://etherscan.io/accounts/label/dex,community
ethereum,0x4374f26f0148a6331905edf4cd33b89d8eed78d1,Yoshi.exchange,protocol,,Etherscan label / DEX,https://etherscan.io/accounts/label/dex,community
ethereum,0xaa03c063f7cd3e1636e384090cb7dc537dec64ac,YouFuture (YFTT),protocol,,Etherscan label (octal mirror) / DeFi,https://etherscan.io/accounts/label/defi,community
ethereum,0x1d32916cfa6534d261ad53e2498ab95505bd2510,YouSwap (YOU),protocol,,Etherscan label / DEX,https://etherscan.io/accounts/label/dex,community
ethereum,0xd9a947789974bad9be77e45c2b327174a9c59d71,Ystar (YSR),protocol,,Etherscan label (octal mirror) / DeFi,https://etherscan.io/accounts/label/defi,community
ethereum,0x96f9632b25f874769969ff91219fccb6cedf26d2,YstarFarming (YF),protocol,,Etherscan label (octal mirror) / DeFi,https://etherscan.io/accounts/label/defi,community
ethereum,0x397e10ee5e315f69b23cb6c8a913a589b5850c80,YUGEN (YGN),protocol,,Etherscan label (octal mirror) / DeFi,https://etherscan.io/accounts/label/defi,community
ethereum,0x81ab848898b5ffd3354dbbefb333d5d183eedcb5,yUSD Synthetic Token Expiring 1 Sep... (yUSD-SEP20),protocol,,Etherscan label (octal mirror) / DeFi,https://etherscan.io/accounts/label/defi,community
ethereum,0xc56c2b7e71b54d38aab6d52e94a04cbfa8f604fa,Z.com USD (ZUSD),protocol,,Etherscan label / Stablecoin,https://etherscan.io/accounts/label/stablecoin,community
ethereum,0x98a90499b62ae48e151a66b0f647570b5a473b1c,ZAC Finance (ZAC),protocol,,Etherscan label (octal mirror) / DeFi,https://etherscan.io/accounts/label/defi,community
ethereum,0xd8ce941666e429bbd969c1af11f474b505c69bc5,ZAKUJIRA (KUJIRA),protocol,,Etherscan label (octal mirror) / DeFi,https://etherscan.io/accounts/label/defi,community
ethereum,0x7d7470bc321a60cb11c7989356ad66a161c56628,ZAP (ZAP),protocol,,Etherscan label (octal mirror) / DeFi,https://etherscan.io/accounts/label/defi,community
ethereum,0xf1f3ca6268f330fda08418db12171c3173ee39c9,Zapper NFT V2,protocol,,Etherscan label / Zapper,https://etherscan.io/accounts/label/zapper-fi,community
ethereum,0x4422610f73f4143a3936f8fa300329bba8833b54,Zapper.Fi Uniswap V2 Zap Out,protocol,,Etherscan label / Zapper,https://etherscan.io/accounts/label/zapper-fi,community
ethereum,0x5531b2eaa05d8b6fb855e15f1d21e6a3a3794b4d,Zapper.Fi: 1Inch Zap In,protocol,,Etherscan label / Zapper,https://etherscan.io/accounts/label/zapper-fi,community
ethereum,0x7f249dbd212158e1ac449f0a37ca956c8186ac80,Zapper.Fi: Balancer Add,protocol,,Etherscan label / Zapper,https://etherscan.io/accounts/label/zapper-fi,community
ethereum,0x647965b19280988a75c3a1369938c8927e6c8715,Zapper.Fi: Balancer Zap In,protocol,,Etherscan label / Zapper,https://etherscan.io/accounts/label/zapper-fi,community
ethereum,0xa2acfaaaa01c4999385104787c1f24a9cf95b725,Zapper.Fi: Balancer Zap in V2.5,protocol,,Etherscan label / Zapper,https://etherscan.io/accounts/label/zapper-fi,community
ethereum,0x00d0f137b51692d0ac708bde7b367a373865cffe,Zapper.Fi: Balancer Zap Out,protocol,,Etherscan label / Zapper,https://etherscan.io/accounts/label/zapper-fi,community
ethereum,0xa14eeefa753a166a5651bce7b84094f614df0d05,Zapper.Fi: Bancor Add,protocol,,Etherscan label / Zapper,https://etherscan.io/accounts/label/zapper-fi,community
ethereum,0x52fc6455f258760705e70f70160b06619bfe0adb,Zapper.Fi: cDAI Unipool,protocol,,Etherscan label / DeFi,https://etherscan.io/accounts/label/defi,community
ethereum,0xd17cda470bd0237fae82ef254c84d06d0e4cc02f,Zapper.Fi: CHAI Unipool,protocol,,Etherscan label / DeFi,https://etherscan.io/accounts/label/defi,community
ethereum,0xe5e8506a590766d738d80affc6b5e538c4b92f82,Zapper.Fi: Compound Zap,protocol,,Etherscan label / Zapper,https://etherscan.io/accounts/label/zapper-fi,community
ethereum,0x77ed360e62ca6f2d1582f00da8b0b8489ca1e2e2,Zapper.Fi: Curve Add,protocol,,Etherscan label / Zapper,https://etherscan.io/accounts/label/zapper-fi,community
ethereum,0x47c964e8d93843ab0c185bdeab5cbf57b9ec613a,Zapper.Fi: Curve Remove,protocol,,Etherscan label / Zapper,https://etherscan.io/accounts/label/zapper-fi,community
ethereum,0x456974df1042ba7a46fd49512a8778ac3b840a21,Zapper.Fi: Curve Zap in,protocol,,Etherscan label / Zapper,https://etherscan.io/accounts/label/zapper-fi,community
ethereum,0x7a0a6906de7714d27413f5092ed1a0636a3fbc9a,Zapper.Fi: Curve Zap In 2,protocol,,Etherscan label / Zapper,https://etherscan.io/accounts/label/zapper-fi,community
ethereum,0x983dd5dc5a99ec27bb850b865ca99407b38722bf,Zapper.Fi: Curve Zap Out,protocol,,Etherscan label / Zapper,https://etherscan.io/accounts/label/zapper-fi,community
ethereum,0xe03a338d5c305613afc3877389dd3b0617233387,Zapper.Fi: Curve Zap Out 2,protocol,,Etherscan label / Zapper,https://etherscan.io/accounts/label/zapper-fi,community
ethereum,0x8dfcb49766c0296e4373a0300b52c3637614db59,Zapper.Fi: DAI LLP 100% ETH,protocol,,Etherscan label / DeFi,https://etherscan.io/accounts/label/defi,community
ethereum,0x929a10efda7099865dad8286aee8715078902d51,Zapper.Fi: DAI Unipool,protocol,,Etherscan label / DeFi,https://etherscan.io/accounts/label/defi,community
ethereum,0x19327c8fc14585b075b98583613f5e46488e4c7f,Zapper.Fi: Deployer 1,protocol,,Etherscan label / Zapper,https://etherscan.io/accounts/label/zapper-fi,community
ethereum,0x1ee8c303f5ab9b36bc30b9345dec7e9a748fa693,Zapper.Fi: Double Bull,protocol,,Etherscan label / DeFi,https://etherscan.io/accounts/label/defi,community
ethereum,0x04b35ef193e2357328ae79914569721a7ffd6146,Zapper.Fi: ETH Bull,protocol,,Etherscan label / DeFi,https://etherscan.io/accounts/label/defi,community
ethereum,0xe34b087bf3c99e664316a15b01e5295eb3512760,Zapper.Fi: Ethereum to Polygon Bridge,protocol,,Etherscan label / Bridge,https://etherscan.io/accounts/label/bridge,community
ethereum,0x97402249515994cc0d22092d3375033ad0ea438a,Zapper.Fi: General UniPool,protocol,,Etherscan label / Zapper,https://etherscan.io/accounts/label/zapper-fi,community
ethereum,0xab297faf67d486c8d03fbcd8f026fed0d71254b9,Zapper.Fi: Harvest Add,protocol,,Etherscan label / Zapper,https://etherscan.io/accounts/label/zapper-fi,community
ethereum,0x98e562a87c5243eef333e43cb1834223f526c434,Zapper.Fi: Harvest Zap In,protocol,,Etherscan label / Zapper,https://etherscan.io/accounts/label/zapper-fi,community
ethereum,0xebd5e23927891fbfda10487ccc9a1a1a7b9a4210,Zapper.Fi: Lender,protocol,,Etherscan label / DeFi,https://etherscan.io/accounts/label/defi,community
ethereum,0x20ef0c900f8e7ec3a1a89a761f0670ae9e3dd709,Zapper.Fi: LINK LLP 100% ETH,protocol,,Etherscan label / DeFi,https://etherscan.io/accounts/label/defi,community
ethereum,0x408609f5acab253d41cb5dfce913ff367937313b,Zapper.Fi: LINK LLP 100% LINK,protocol,,Etherscan label / DeFi,https://etherscan.io/accounts/label/defi,community
ethereum,0x8e8b9cf6d411b6c8dacc63c306f2691ed195d91d,Zapper.Fi: LINK Unipool,protocol,,Etherscan label / Zapper,https://etherscan.io/accounts/label/zapper-fi,community
ethereum,0x13240b97c40d7e306cedf3adc9cb057cec74c361,Zapper.Fi: MKR Unipool,protocol,,Etherscan label / DeFi,https://etherscan.io/accounts/label/defi,community
ethereum,0x3b122c376e472ae6ae7a4739bebf7b68e045b285,Zapper.Fi: Moderate Bull,protocol,,Etherscan label / DeFi,https://etherscan.io/accounts/label/defi,community
ethereum,0xe80a9a878c4bed81f3803de10beff08ca8cd8c61,Zapper.Fi: Mushrooms Zap In,protocol,,Etherscan label / Zapper,https://etherscan.io/accounts/label/zapper-fi,community
ethereum,0x924cc11fd506fce3dab461aa71a6bb823669ece3,Zapper.Fi: Old Curve Zap in,protocol,,Etherscan label / Zapper,https://etherscan.io/accounts/label/zapper-fi,community
ethereum,0x026bdac2f308c0109a864138cca1a623f7828f4a,Zapper.Fi: Old Uniswap V2 Zap In,protocol,,Etherscan label / Zapper,https://etherscan.io/accounts/label/zapper-fi,community
ethereum,0x775ee938186fddc13bd7c89d24820e1b0758f91d,Zapper.Fi: Old Uniswap V2 Zap In 2,protocol,,Etherscan label / Zapper,https://etherscan.io/accounts/label/zapper-fi,community
ethereum,0xeee503b78e96f24c47c9ad8c287990e51697a99c,Zapper.Fi: Old Uniswap Zap in V2,protocol,,Etherscan label / Zapper,https://etherscan.io/accounts/label/zapper-fi,community
ethereum,0xcfa897e2c4e0a64eaa9ca41f607820a09134353a,Zapper.Fi: Old Uniswap Zap Out V2,protocol,,Etherscan label / Zapper,https://etherscan.io/accounts/label/zapper-fi,community
ethereum,0x2346722daa00ebbd0fc452c0e7ab7976bdafeae8,Zapper.Fi: Old Zapper Swap,protocol,,Etherscan label / DeFi,https://etherscan.io/accounts/label/defi,community
ethereum,0x12c085210a498369720f68c3020a60edf1542e4a,Zapper.Fi: Olympus Zap,protocol,,Etherscan label / Zapper,https://etherscan.io/accounts/label/zapper-fi,community
ethereum,0xc695f73c1862e050059367b2e64489e66c525983,Zapper.Fi: Pickle Zap In,protocol,,Etherscan label / Zapper,https://etherscan.io/accounts/label/zapper-fi,community
ethereum,0x2e61170a7dcab6438e403aa7a8a7143d39ed0a65,Zapper.Fi: PoolTogether Add,protocol,,Etherscan label / Zapper,https://etherscan.io/accounts/label/zapper-fi,community
ethereum,0x4752b3bf9dabd61fe8150760ec580b183d9fda57,Zapper.Fi: PoolTogether Zap In,protocol,,Etherscan label / Zapper,https://etherscan.io/accounts/label/zapper-fi,community
ethereum,0xd3eba712988df0f8a7e5073719a40ce4cbf60b33,Zapper.Fi: sETH Unipool,protocol,,Etherscan label / DeFi,https://etherscan.io/accounts/label/defi,community
ethereum,0xe3385df5b47687405a02fc24322dedb7df381852,Zapper.Fi: SNX Unipool,protocol,,Etherscan label / DeFi,https://etherscan.io/accounts/label/defi,community
ethereum,0xecb53d65816444dbbf6a326b8df959caeda3faf9,Zapper.Fi: Super Saver,protocol,,Etherscan label / DeFi,https://etherscan.io/accounts/label/defi,community
ethereum,0xcff6ef0b9916682b37d80c19cff8949bc1886bc2,Zapper.FI: Sushiswap Add,protocol,,Etherscan label / Zapper,https://etherscan.io/accounts/label/zapper-fi,community
ethereum,0x3351be9654188571a3e32388da582947928111ce,Zapper.FI: Sushiswap Remove,protocol,,Etherscan label / Zapper,https://etherscan.io/accounts/label/zapper-fi,community
ethereum,0x5abfbe56553a5d794330eaccf556ca1d2a55647c,Zapper.Fi: Sushiswap Zap In,protocol,,Etherscan label / Zapper,https://etherscan.io/accounts/label/zapper-fi,community
ethereum,0x3098cfaaba3795ab98dc2d5066ec4d2584ae7c68,Zapper.Fi: Sushiswap Zap Out,protocol,,Etherscan label / Zapper,https://etherscan.io/accounts/label/zapper-fi,community
ethereum,0x606563f8dc27f316b77f22d14d9cd025b4f70469,Zapper.Fi: UniPool General,protocol,,Etherscan label / DeFi,https://etherscan.io/accounts/label/defi,community
ethereum,0x4316e3ad83ca2cf0ea5e3b25e3de2fa7f93cfe9c,Zapper.Fi: Unipool UnZap,protocol,,Etherscan label / DeFi,https://etherscan.io/accounts/label/defi,community
ethereum,0x6d313883c6db5ea58bdd5546f403f1fe27e92690,Zapper.Fi: Uniswap V1 - Uniswap V2 Pipe,protocol,,Etherscan label / Zapper,https://etherscan.io/accounts/label/zapper-fi,community
ethereum,0x5e6531d99e9099cb3936c048daf6ba0b3f79b9e2,Zapper.FI: Uniswap V1 Remove,protocol,,Etherscan label / Zapper,https://etherscan.io/accounts/label/zapper-fi,community
ethereum,0x5acedba6c402e2682d312a7b4982eda0ccf2d2e3,Zapper.Fi: Uniswap V2 Add,protocol,,Etherscan label / Zapper,https://etherscan.io/accounts/label/zapper-fi,community
ethereum,0x69090d6968b12b79cd403ee33e871284dc7e92f6,Zapper.Fi: Uniswap V2 Remove,protocol,,Etherscan label / Zapper,https://etherscan.io/accounts/label/zapper-fi,community
ethereum,0x80c5e6908368cb9db503ba968d7ec5a565bfb389,Zapper.Fi: Uniswap V2 Zap In,protocol,,Etherscan label / Zapper,https://etherscan.io/accounts/label/zapper-fi,community
ethereum,0x6d9893fa101cd2b1f8d1a12de3189ff7b80fdc10,Zapper.Fi: Uniswap V2 Zap In 2,protocol,,Etherscan label / Zapper,https://etherscan.io/accounts/label/zapper-fi,community
ethereum,0x343e3a490c9251dc0eaa81da146ba6abe6c78b2d,Zapper.Fi: Uniswap Zap Out V2,protocol,,Etherscan label / Zapper,https://etherscan.io/accounts/label/zapper-fi,community
ethereum,0x21091c5ea13854ab0965090dc4fc20280f1a5730,Zapper.Fi: wBTC LLP 100% ETH,protocol,,Etherscan label / DeFi,https://etherscan.io/accounts/label/defi,community
ethereum,0xe4b7b00a802834bea733f06a0a24a869f2765df7,Zapper.Fi: wBTC LLP 100% wBTC,protocol,,Etherscan label / DeFi,https://etherscan.io/accounts/label/defi,community
ethereum,0x4ebee4cf5ba7de81f222fefa4e5d0c30c4968fff,Zapper.Fi: wBTC Unipool,protocol,,Etherscan label / DeFi,https://etherscan.io/accounts/label/defi,community
ethereum,0x462991d18666c578f787e9ec0a74cd18d2971e5f,Zapper.Fi: Yearn yVault Add,protocol,,Etherscan label / Zapper,https://etherscan.io/accounts/label/zapper-fi,community
ethereum,0xb0880df8420974ef1b040111e5e0e95f05f8fee1,Zapper.Fi: Yearn yVault Add or Remove,protocol,,Etherscan label / Zapper,https://etherscan.io/accounts/label/zapper-fi,community
ethereum,0x92be6adb6a12da0ca607f9d87db2f9978cd6ec3e,Zapper.Fi: Yearn yVault Zap In,protocol,,Etherscan label / Zapper,https://etherscan.io/accounts/label/zapper-fi,community
ethereum,0xd6b88257e91e4e4d4e990b3a858c849ef2dfde8c,Zapper.Fi: Yearn yVault Zap Out,protocol,,Etherscan label / Zapper,https://etherscan.io/accounts/label/zapper-fi,community
ethereum,0x2fba0b21a553f0f268293be7abb07a54fffd2b02,Zapper.Fi: Zap Out V2,protocol,,Etherscan label / Zapper,https://etherscan.io/accounts/label/zapper-fi,community
ethereum,0xacdf47c844eff0ecb218d8945e28a9a484af8d07,Zapper.Fi: Zapper Swap V1,protocol,,Etherscan label / DeFi,https://etherscan.io/accounts/label/defi,community
ethereum,0x2f085edec7113e54a1747bd9572b213e662c6165,ZARP (Rand Reserve),protocol,,Etherscan label / Stablecoin,https://etherscan.io/accounts/label/stablecoin,community
ethereum,0xb755506531786c8ac63b756bab1ac387bacb0c04,ZARP Stablecoin,protocol,,Etherscan label / Stablecoin,https://etherscan.io/accounts/label/stablecoin,community
ethereum,0x8cb24ed2e4f7e2065f4eb2be5f6b0064b1919850,ZARP Stablecoin (ZARP),protocol,,Etherscan label (octal mirror) / Stablecoin,https://etherscan.io/accounts/label/stablecoin,community
ethereum,0xb24f135c954b71b75dd413b288835b5a8d4afa74,ZenFinance (ZEN),protocol,,Etherscan label (octal mirror) / DeFi,https://etherscan.io/accounts/label/defi,community
ethereum,0x33a9f9bace23cfb8dad597a564d055ad415648ff,ZENTEREST 0x (zenZRX),protocol,,Etherscan label (octal mirror) / DeFi,https://etherscan.io/accounts/label/defi,community
ethereum,0x49a39e062aaf28950f9d0d5fd423dfb3175c0bb1,ZENTEREST Alpha Finance (zenALPHA),protocol,,Etherscan label (octal mirror) / DeFi,https://etherscan.io/accounts/label/defi,community
ethereum,0xa24c0e9195481821f9b5292e8c6a4209cc8cc3c9,ZENTEREST API3 (zenAPI3),protocol,,Etherscan label (octal mirror) / DeFi,https://etherscan.io/accounts/label/defi,community
ethereum,0x4a5b823592c2a1e95502c0b55afba2397e71799d,ZENTEREST Badger DAO (zenBADGER),protocol,,Etherscan label (octal mirror) / DeFi,https://etherscan.io/accounts/label/defi,community
ethereum,0x31b992fda33c6c52c602cf379b9bbe1745a903f7,ZENTEREST BAL (zenBAL),protocol,,Etherscan label (octal mirror) / DeFi,https://etherscan.io/accounts/label/defi,community
ethereum,0x1b6d730a1dcaeb870ba3b0c6e51f801c1cca0499,ZENTEREST Bancor Network Token (zenBNT),protocol,,Etherscan label (octal mirror) / DeFi,https://etherscan.io/accounts/label/defi,community
ethereum,0x132e549262f2b2ad48aa306c3d389e55bb510419,ZENTEREST BAO (zenBAO),protocol,,Etherscan label (octal mirror) / DeFi,https://etherscan.io/accounts/label/defi,community
ethereum,0xa6b8cbb493fe5682d627bdb9a6b361488086a2fd,ZENTEREST Celsius Network (zenCEL),protocol,,Etherscan label (octal mirror) / DeFi,https://etherscan.io/accounts/label/defi,community
ethereum,0x4e50972850822f8be8a034e23891b7063893cc34,ZENTEREST Cornichon (zenCORN),protocol,,Etherscan label (octal mirror) / DeFi,https://etherscan.io/accounts/label/defi,community
ethereum,0x144bdf52690c59b510da5dbc09bb5f145fbdb8e1,ZENTEREST CRV (zenCRV),protocol,,Etherscan label (octal mirror) / DeFi,https://etherscan.io/accounts/label/defi,community
ethereum,0x07d22cd5d483b1242518d5cd26b21b552f0cfcdb,ZENTEREST DVG Token (zenDVG),protocol,,Etherscan label (octal mirror) / DeFi,https://etherscan.io/accounts/label/defi,community
ethereum,0x25942b9496282ce18c3b8d8c722ccf8e5112b252,ZENTEREST Enjin Coin (zenENJ),protocol,,Etherscan label (octal mirror) / DeFi,https://etherscan.io/accounts/label/defi,community
ethereum,0xa8e31ad81d609ff616645849987fef30a3ffabd9,ZENTEREST FRAX (zenFRAX),protocol,,Etherscan label (octal mirror) / DeFi,https://etherscan.io/accounts/label/defi,community
ethereum,0x650d62fcb1f22a10a2b810bfe305c1312a24a367,ZENTEREST FTT (zenFTT),protocol,,Etherscan label (octal mirror) / DeFi,https://etherscan.io/accounts/label/defi,community
ethereum,0x15fcfd53fec9b72cf3725649f3ec4603077ad21e,ZENTEREST HEGIC (zenHEGIC),protocol,,Etherscan label (octal mirror) / DeFi,https://etherscan.io/accounts/label/defi,community
ethereum,0xd7756be9aedc211a9d5677d7d67295e6d7dd86c7,ZENTEREST Injective Protocol (zenINJ),protocol,,Etherscan label (octal mirror) / DeFi,https://etherscan.io/accounts/label/defi,community
ethereum,0xf9aea09993e1a43b5f7dcdbd67cda89690a51491,ZENTEREST KeeperDAO (zenROOK),protocol,,Etherscan label (octal mirror) / DeFi,https://etherscan.io/accounts/label/defi,community
ethereum,0x180087a6a87fd6b09a78c9b9b87b71335906c61d,ZENTEREST Kyber Network (zenKNC),protocol,,Etherscan label (octal mirror) / DeFi,https://etherscan.io/accounts/label/defi,community
ethereum,0x6a4e7daf7e1244944bda17390b1ec5f44c9df671,ZENTEREST Kylin Network (zenKYL),protocol,,Etherscan label (octal mirror) / DeFi,https://etherscan.io/accounts/label/defi,community
ethereum,0xaab14c2115aad338cedb93e423834897651a3ee2,ZENTEREST Labs Group (zenLABS),protocol,,Etherscan label (octal mirror) / DeFi,https://etherscan.io/accounts/label/defi,community
ethereum,0xa3c5409a987c9325d8598b4731bf513a41c2287d,ZENTEREST Maker (zenMKR),protocol,,Etherscan label (octal mirror) / DeFi,https://etherscan.io/accounts/label/defi,community
ethereum,0xa3968dabf386d99f67c92c4e3c7cfdf2c0ccc396,ZENTEREST Matic Network (zenMATIC),protocol,,Etherscan label (octal mirror) / DeFi,https://etherscan.io/accounts/label/defi,community
ethereum,0x4dd6d5d861edcd361455b330fa28c4c9817da687,ZENTEREST MPH (zenMPH),protocol,,Etherscan label (octal mirror) / DeFi,https://etherscan.io/accounts/label/defi,community
ethereum,0x7283fe6ae81f39d07850b78f282037b65448a2bc,ZENTEREST OMG Network (zenOMG),protocol,,Etherscan label (octal mirror) / DeFi,https://etherscan.io/accounts/label/defi,community
ethereum,0x2dd28391d7552363eed30eb172116cf3e13eca23,ZENTEREST PAID Network (zenPAID),protocol,,Etherscan label (octal mirror) / DeFi,https://etherscan.io/accounts/label/defi,community
ethereum,0x223f6fc2696beeb0d096a72b8db674e6bd520398,ZENTEREST Rari Governance Token (zenRGT),protocol,,Etherscan label (octal mirror) / DeFi,https://etherscan.io/accounts/label/defi,community
ethereum,0x7a665de4b80835295901dd84ece07e942a9fe400,ZENTEREST renBTC (zenRENBTC),protocol,,Etherscan label (octal mirror) / DeFi,https://etherscan.io/accounts/label/defi,community
ethereum,0xb15e13bc622315e29a7142fea3d0c67464b44e97,ZENTEREST rHEGIC (zenrHEGIC),protocol,,Etherscan label (octal mirror) / DeFi,https://etherscan.io/accounts/label/defi,community
ethereum,0x3bdbd2b661560bcdf59bdc74576f65e2f714b836,ZENTEREST RUNE (zenRUNE),protocol,,Etherscan label (octal mirror) / DeFi,https://etherscan.io/accounts/label/defi,community
ethereum,0x290a565ec7c28557ae872de2f3a5ce500f46a5d2,ZENTEREST SRM (zenSRM),protocol,,Etherscan label (octal mirror) / DeFi,https://etherscan.io/accounts/label/defi,community
ethereum,0xab576bcbb0c3303c9e680fbfdeca67e062eae59c,ZENTEREST TerraUSD (zenUST),protocol,,Etherscan label (octal mirror) / DeFi,https://etherscan.io/accounts/label/defi,community
ethereum,0x90ea640fd96b10d79b95166ea9d4b5fb2fb4f4be,ZENTEREST The Graph Token (zenGRT),protocol,,Etherscan label (octal mirror) / DeFi,https://etherscan.io/accounts/label/defi,community
ethereum,0x1badcb0833072b986c845681d3c73603adc5ba54,ZENTEREST UMA (zenUMA),protocol,,Etherscan label (octal mirror) / DeFi,https://etherscan.io/accounts/label/defi,community
ethereum,0x8fb35c58e48660a29c80452d3c7bf98fe81de921,ZENTEREST UTRUST (zenUTK),protocol,,Etherscan label (octal mirror) / DeFi,https://etherscan.io/accounts/label/defi,community
ethereum,0xe3334e66634acf17b2b97ab560ec92d6861b25fa,ZENTEREST WHITE (zenWHITE),protocol,,Etherscan label (octal mirror) / DeFi,https://etherscan.io/accounts/label/defi,community
ethereum,0xa07be94d721df448b63ec6c3160138a2b2619e1d,ZENTEREST Wrapped NXM (zenWNXM),protocol,,Etherscan label (octal mirror) / DeFi,https://etherscan.io/accounts/label/defi,community
ethereum,0x0c91f1795e012bcef586c925f747f23b0969b5ea,ZENTEREST zHEGIC (zenzHEGIC),protocol,,Etherscan label (octal mirror) / DeFi,https://etherscan.io/accounts/label/defi,community
ethereum,0x8ec3e4978e531565a46c22fbe0423be1bb8e1156,ZENTEREST zLOT (zenzLOT),protocol,,Etherscan label (octal mirror) / DeFi,https://etherscan.io/accounts/label/defi,community
ethereum,0x06fe76b2f432fdfecaef1a7d4f6c3d41b5861672,Zerion: DeFi SDK AdapterRegistry v0.1,protocol,,Etherscan label / DeFi,https://etherscan.io/accounts/label/defi,community
ethereum,0xadfc6460233221eca99dac25d00f98d32ea3989e,Zerion: DeFi SDK AdapterRegistry v1.0,protocol,,Etherscan label / DeFi,https://etherscan.io/accounts/label/defi,community
ethereum,0xd291328a6c202c5b18dcb24f279f69de1e065f70,Zerion: DeFi SDK Core v1.0,protocol,,Etherscan label / DeFi,https://etherscan.io/accounts/label/defi,community
ethereum,0xb2be281e8b11b47fec825973fc8bb95332022a54,Zerion: DeFi SDK v1.0,protocol,,Etherscan label / DeFi,https://etherscan.io/accounts/label/defi,community
ethereum,0xb0d8e79f484ec6df92bfc032735d7f9b19e361ef,ZEROGAS (0GAS),protocol,,Etherscan label / DEX,https://etherscan.io/accounts/label/dex,community
ethereum,0x011864d37035439e078d64630777ec518138af05,Zerogoki Token,protocol,,Etherscan label / Protocol,https://etherscan.io/accounts/label/protocol,community
ethereum,0x104b9b1c41c6764e88edf1207f498902d840fe2a,Zeroswap: BSC Bridge,protocol,,Etherscan label / Bridge,https://etherscan.io/accounts/label/bridge,community
ethereum,0x0dd1f24cf4ff96f197a795d02d0ba1eb53448bcc,Zeroswap: Polygon Bridge,protocol,,Etherscan label / Bridge,https://etherscan.io/accounts/label/bridge,community
ethereum,0xc91a71a1ffa3d8b22ba615ba1b9c01b2bbbf55ad,ZigZag (ZZ),protocol,,Etherscan label / DEX,https://etherscan.io/accounts/label/dex,community
ethereum,0x0ed442dd6030f60050f053d9ca99dd8409f8b77a,Zillow (ZLW),protocol,,Etherscan label (octal mirror) / DeFi,https://etherscan.io/accounts/label/defi,community
ethereum,0xe4815ae53b124e7263f08dcdbbb757d41ed658c6,Zks (ZKS),protocol,,Etherscan label (octal mirror) / DeFi,https://etherscan.io/accounts/label/defi,community
ethereum,0x8eca806aecc86ce90da803b080ca4e3a9b8097ad,ZKSwap,protocol,,Etherscan label / Bridge,https://etherscan.io/accounts/label/bridge,community
ethereum,0x6de5bdc580f55bc9dacafcb67b91674040a247e3,ZKSwap: V2 Bridge,protocol,,Etherscan label / Bridge,https://etherscan.io/accounts/label/bridge,community
ethereum,0x5cdaf83e077dbac2692b5864ca18b61d67453be8,ZKSwap: ZKSpace Bridge,protocol,,Etherscan label / Bridge,https://etherscan.io/accounts/label/bridge,community
ethereum,0xabea9132b05a70803a4e85094fd0e1800777fbef,zkSync,protocol,,Etherscan label / Bridge,https://etherscan.io/accounts/label/bridge,community
ethereum,0xd55bd2c12b30075b325bc35aef0b46363b3818f8,ZOMBIE.FINANCE (ZOMBIE),protocol,,Etherscan label (octal mirror) / DeFi,https://etherscan.io/accounts/label/defi,community
ethereum,0x09f098b155d561fc9f7bccc97038b7e3d20baf74,ZooDAO (ZOO),protocol,,Etherscan label (octal mirror) / DeFi,https://etherscan.io/accounts/label/defi,community
ethereum,0x045eb7e34e94b28c7a3641bc5e1a1f61f225af9f,ZPAY (ZPAE),protocol,,Etherscan label (octal mirror) / DeFi,https://etherscan.io/accounts/label/defi,community
ethereum,0xfaff15c6cdaca61a4f87d329689293e07c98f578,ZPR_NFT,protocol,,Etherscan label / Zapper,https://etherscan.io/accounts/label/zapper-fi,community
ethereum,0x94d8db14831c2c08943798542c450df2844913e5,ZUPLO (ZLP),protocol,,Etherscan label (octal mirror) / DeFi,https://etherscan.io/accounts/label/defi,community
ethereum,0xc75f15ada581219c95485c578e124df3985e4ce0,zzz.finance (ZZZ),protocol,,Etherscan label (octal mirror) / DeFi,https://etherscan.io/accounts/label/defi,community
ethereum,0xb8c2c29ee19d8307cb7255e1cd9cbde883a267d5,Nick Johnson,person,,ENS blog beginners guide cites nick.eth as Nick Johnson example,https://ens.domains/blog/post/beginners-guide-to-ethereum-and-ens,official
ethereum,0x10f5d45854e038071485ac9e402308cf80d2d2fe,Tim Beiko,person,,timbeiko.eth Mirror author identity (self-attributed ENS),https://tim.mirror.xyz/,official
ethereum,0xd8da6bf26964af9d7eed9e03e53415d37aa96045,Vitalik Buterin,person,,public,https://vitalik.ca,official
ethereum,0xfd22004806a6846ea67ad883356be810f0428793,6529,person,,punk6529.eth (self-used public ENS; community attribution caveat),https://app.ens.domains/punk6529.eth,community
ethereum,0x068484f7bd2b7d7c5a698d89e75ddcaf3a92b879,Alex Beregszaszi,person,,axic.eth (EVM / Solidity ENS; self-used public ENS; community attribution caveat),https://app.ens.domains/axic.eth,community
ethereum,0x27fd13b48b27e9eca9804c1fd857ba44f755dc62,Alex Stokes,person,,ralexstokes.eth (EF researcher ENS; self-used public ENS; community attribution caveat),https://app.ens.domains/ralexstokes.eth,community
ethereum,0xd3cdb511c245a01e820aae6bf4bdd5359b2ccc68,Andre Cronje,person,,andrecronje.eth (public ENS; self-used public ENS; community attribution caveat),https://app.ens.domains/andrecronje.eth,community
ethereum,0xb506a2bae5352ba03040a323a73dbe3f9dc42bbf,Ansgar Dietrichs,person,,adietrichs.eth (EF researcher ENS; self-used public ENS; community attribution caveat),https://app.ens.domains/adietrichs.eth,community
ethereum,0x648aa14e4424e0825a5ce739c8c68610e143fb79,Anthony Sassano,person,,sassal.eth (self-used public ENS; community attribution caveat),https://app.ens.domains/sassal.eth,community
ethereum,0x198dbc9a9879d398bcacf139d8c130c466e272af,Arnetheduck,person,,arnetheduck.eth (Nimbus ENS; self-used public ENS; community attribution caveat),https://app.ens.domains/arnetheduck.eth,community
ethereum,0x34aa3f359a9d614239015126635ce7732c18fdf3,Austin Griffith,person,,austingriffith.eth (BuidlGuidl / Scaffold-ETH ENS; self-used public ENS; community attribution caveat),https://app.ens.domains/austingriffith.eth,community
ethereum,0x0916c04994849c676ab2667ce5bbdf7ccc94310a,Balaji Srinivasan,person,,balajis.eth (public ENS; self-used public ENS; community attribution caveat),https://app.ens.domains/balajis.eth,community
ethereum,0x0035fc5208ef989c28d47e552e92b0c507d2b318,banteg,person,,banteg.eth (Yearn contributor ENS; self-used public ENS; community attribution caveat),https://app.ens.domains/banteg.eth,community
ethereum,0x915aa445720020eb1a59151e831111369b08e118,Barnabe Monnot,person,,barnabe.eth (EF researcher ENS; self-used public ENS; community attribution caveat),https://app.ens.domains/barnabe.eth,community
ethereum,0xd262d146e869915444d0f34ecdaabab5ab43007e,Ben Edgington,person,,benjaminion.eth (Teku / EF ENS; self-used public ENS; community attribution caveat),https://app.ens.domains/benjaminion.eth,community
ethereum,0xfdbf9ee70baf09f77e5479673e63df529b9b0087,Benjamin Muller,person,,bmuller.eth (builder ENS; self-used public ENS; community attribution caveat),https://app.ens.domains/bmuller.eth,community
ethereum,0x983110309620d911731ac0932219af06091b6744,Brantly Millegan,person,,brantly.eth (widely self-used ENS; community attribution caveat),https://app.ens.domains/brantly.eth,community
ethereum,0xd334741d0766b257b18f2d058e844e17e346a0c1,Carl Beekhuizen,person,,carlbeek.eth (EF researcher ENS; self-used public ENS; community attribution caveat),https://app.ens.domains/carlbeek.eth,community
ethereum,0x30dd44c838c57d6ea8c3401c1e32cea040c290e6,ChainYoda,person,,chainyoda.eth (public ENS; self-used public ENS; community attribution caveat),https://app.ens.domains/chainyoda.eth,community
ethereum,0x9759e0ec15e75c71c503ad16cb99311c591b4b0f,Christian Reitwiessner,person,,chriseth.eth (Solidity ENS; self-used public ENS; community attribution caveat),https://app.ens.domains/chriseth.eth,community
ethereum,0x02c15d12240e1dfe098f89e6ef9ef5bc4e477025,Dan Finlay,person,,danfinlay.eth (MetaMask co-founder ENS; self-used public ENS; community attribution caveat),https://app.ens.domains/danfinlay.eth,community
ethereum,0x2f86a929be52dab975a82d852ee94c60adde177b,Dan Robinson,person,,danrobinson.eth (Paradigm ENS; self-used public ENS; community attribution caveat),https://app.ens.domains/danrobinson.eth,community
ethereum,0x634c474a393e4498bc2f0c1dee16a50e9e0ebe2b,Dankrad Feist,person,,dankrad.eth (EF researcher ENS; self-used public ENS; community attribution caveat),https://app.ens.domains/dankrad.eth,community
ethereum,0x6c73e9148ac9acd1a96d554b6b20905414f8696f,Danny Ryan,person,,dannyryan.eth (EF researcher ENS; community attribution caveat),https://app.ens.domains/dannyryan.eth,community
ethereum,0x1c0aa8ccd568d90d61659f060d1bfb1e6f855a20,David Mihal,person,,dmihal.eth (CryptoStats / cryptofees ENS; self-used public ENS; community attribution caveat),https://app.ens.domains/dmihal.eth,community
ethereum,0xb6b440e2d16c85bbf8a1780f18dbd3be2981628f,Dom Hofmann,person,,dhof.eth (Zora co-founder ENS; self-used public ENS; community attribution caveat),https://app.ens.domains/dhof.eth,community
ethereum,0x59e6f460680f62fb957a2798edda82b258750640,elopio,person,,elopio.eth (Ethereum contributor ENS; self-used public ENS; community attribution caveat),https://app.ens.domains/elopio.eth,community
ethereum,0x7903fbcb275f33e68b9435320e3788d0c1f06592,ethchris,person,,ethchris.eth (builder ENS; self-used public ENS; community attribution caveat),https://app.ens.domains/ethchris.eth,community
ethereum,0x1c277bd41a276f87d3e92bccd50c7364aa2ffc69,Evan Huestis,person,,fubuloubu.eth (ApeWorx ENS; self-used public ENS; community attribution caveat),https://app.ens.domains/fubuloubu.eth,community
ethereum,0xe1c1875d51159d09e94771eab644784ece29833d,Fabian Vogelsteller,person,,frozeman.eth (ERC-20 / Mist ENS; self-used public ENS; community attribution caveat),https://app.ens.domains/frozeman.eth,community
ethereum,0xc9c022fcfebe730710ae93ca9247c5ec9d9236d0,frolic,person,,frolic.eth (builder ENS; self-used public ENS; community attribution caveat),https://app.ens.domains/frolic.eth,community
ethereum,0x38f64793438429ae49a5c17ac793acf147225f66,Gavin Wood,person,,gavofyork.eth (Ethereum co-founder ENS; self-used public ENS; community attribution caveat),https://app.ens.domains/gavofyork.eth,community
ethereum,0x2abc80332a8dfa064bd2f361e8b72d76ef8637c5,Georgios Konstantopoulos,person,,gakonst.eth (Paradigm / Foundry ENS; self-used public ENS; community attribution caveat),https://app.ens.domains/gakonst.eth,community
ethereum,0x0c32f6f38f119c50d53686a1dbaac6f6166dfe6e,Gregory Markou,person,,thegostep.eth (Chainsafe / gostep ENS; self-used public ENS; community attribution caveat),https://app.ens.domains/thegostep.eth,community
ethereum,0x839395e20bbb182fa440d08f850e6c7a8f6f0780,Griff Green,person,,griff.eth (Giveth co-founder ENS; community attribution caveat),https://app.ens.domains/griff.eth,community
ethereum,0x598a11f39abfd20793fdd5c02f179976761f7481,Harikrishnan Mulackal,person,,hrkrshnn.eth (Solidity compiler ENS; self-used public ENS; community attribution caveat),https://app.ens.domains/hrkrshnn.eth,community
ethereum,0xcec63f9b8a81011026ea1c9d49fbc5c54cc82d6f,Hasu,person,,hasufl.eth (research ENS; self-used public ENS; community attribution caveat),https://app.ens.domains/hasufl.eth,community
ethereum,0x50ec05ade8280758e2077fcbc08d878d4aef79c3,Hayden Adams,person,,hayden.eth (Uniswap founder ENS; community attribution caveat),https://app.ens.domains/hayden.eth,community
ethereum,0xb12d314ef27f7e7b928c9d6c715acfe7613d18ac,Hsiao-Wei Wang,person,,hww.eth (EF researcher ENS; self-used public ENS; community attribution caveat),https://app.ens.domains/hww.eth,community
ethereum,0x80d63799b1e08a80f73fb7a83264b5c31600bf3a,Hudson Jameson,person,,souptacular.eth (souptacular.eth public ENS; self-used public ENS; community attribution caveat),https://app.ens.domains/souptacular.eth,community
ethereum,0x18c8df1fb7fb44549f90d1c2bb1dc8b690cd0559,Iain Nash,person,,iainnash.eth (Zora eng ENS; self-used public ENS; community attribution caveat),https://app.ens.domains/iainnash.eth,community
ethereum,0x5bb3e1774923b75ecb804e2559149bbd2a39a414,James Young,person,,jamesyoung.eth (builder ENS; self-used public ENS; community attribution caveat),https://app.ens.domains/jamesyoung.eth,community
ethereum,0x8957e95950bcf7e40ba2bd8007b47ac67dcffa2d,Jannik Luhn,person,,jannikluhn.eth (Ethereum contributor ENS; self-used public ENS; community attribution caveat),https://app.ens.domains/jannikluhn.eth,community
ethereum,0x866b3c4994e1416b7c738b9818b31dc246b95eee,Jeff Lau,person,,jefflau.eth (ENS eng ENS; self-used public ENS; community attribution caveat),https://app.ens.domains/jefflau.eth,community
ethereum,0xcf8036070c46d39b9d8318aa3954579ddcba92ec,jgm,person,,jgm.eth (builder ENS; self-used public ENS; community attribution caveat),https://app.ens.domains/jgm.eth,community
ethereum,0x4c64c7929895e76fbda25764d6ac44b75419b80e,Jordi Baylina,person,,jordibaylina.eth (iden3 / Polygon zkEVM ENS; self-used public ENS; community attribution caveat),https://app.ens.domains/jordibaylina.eth,community
ethereum,0x6b2b69c6e5490be701abfbfa440174f808c1a33b,Jorge Izquierdo,person,,izqui.eth (Aragon co-founder ENS; self-used public ENS; community attribution caveat),https://app.ens.domains/izqui.eth,community
ethereum,0x5f43cd8b5eead549de4444a644b4cb425a4ea5b2,joseph.eth,person,,joseph.eth (self-used public ENS; self-used public ENS; community attribution caveat),https://app.ens.domains/joseph.eth,community
ethereum,0xd41bdbd4101e02057b7f621f681540ef3ac81e55,karmacoma,person,,karmacoma.eth (security / builder ENS; self-used public ENS; community attribution caveat),https://app.ens.domains/karmacoma.eth,community
ethereum,0x8bf0083ecea9bbe0b6ca47bdb3cd1c39f10bdf02,kipto,person,,kipto.eth (builder ENS; self-used public ENS; community attribution caveat),https://app.ens.domains/kipto.eth,community
ethereum,0x4566af7d0a1ab367a269ac4e6c89cae7e0224531,Kosala Hemachandra,person,,kosala.eth (MyEtherWallet ENS; self-used public ENS; community attribution caveat),https://app.ens.domains/kosala.eth,community
ethereum,0x3171ee768024dc298808d900df37f4e9e1cb9b87,soska,person,,soska.eth (self-used public ENS; community attribution caveat),https://app.ens.domains/soska.eth,community
ethereum,0xf67eeb6e0461b63c13114785401e739af8c131a3,kumavis,person,,kumavis.eth (MetaMask eng ENS; self-used public ENS; community attribution caveat),https://app.ens.domains/kumavis.eth,community
ethereum,0xa016804e2112ed15073cd7d23b5233a8b3cac478,Lane Rettig,person,,lanerettig.eth (Ethereum contributor ENS; self-used public ENS; community attribution caveat),https://app.ens.domains/lanerettig.eth,community
ethereum,0x2b888954421b424c5d3d9ce9bb67c9bd47537d12,Lefteris Karapetsas,person,,lefteris.eth (Rotki founder ENS; self-used public ENS; community attribution caveat),https://app.ens.domains/lefteris.eth,community
ethereum,0x0000006916a87b82333f4245046623b23794c65c,lightclient,person,,lightclient.eth (EF / go-ethereum ENS; self-used public ENS; community attribution caveat),https://app.ens.domains/lightclient.eth,community
ethereum,0x5e349eca2dc61abcd9dd99ce94d04136151a09ee,Linda Xie,person,,lindaxie.eth (Scalar / investor ENS; self-used public ENS; community attribution caveat),https://app.ens.domains/lindaxie.eth,community
ethereum,0xffd1ac3e8818adcbe5c597ea076e8d3210b45df5,Makoto Inoue,person,,makoto.eth (ENS eng ENS; self-used public ENS; community attribution caveat),https://app.ens.domains/makoto.eth,community
ethereum,0x6f2a8ee9452ba7d336b3fba03cac27f7818aead6,Mariano Conti,person,,mariano.eth (former Maker oracle lead ENS; self-used public ENS; community attribution caveat),https://app.ens.domains/mariano.eth,community
ethereum,0xe158dcc1779fce4c48c8d3155ec35fae7c52d093,Martin Holst Swende,person,,holiman.eth (geth security ENS; self-used public ENS; community attribution caveat),https://app.ens.domains/holiman.eth,community
ethereum,0x13489a7f09ea0dfe9fdc41390cfbb57f4b6ff0b3,Maurelian,person,,maurelian.eth (Optimism security ENS; self-used public ENS; community attribution caveat),https://app.ens.domains/maurelian.eth,community
ethereum,0x0294dde5d521eed2c1ecf6b1464ac1fade9313c9,Micah Zoltu,person,,micahzoltu.eth (Ethereum contributor ENS; self-used public ENS; community attribution caveat),https://app.ens.domains/micahzoltu.eth,community
ethereum,0xe340b00b6b622c136ffa5cff130ec8edcddcb39d,Miguel Piedrafita,person,,m1guelpf.eth (builder ENS; self-used public ENS; community attribution caveat),https://app.ens.domains/m1guelpf.eth,community
ethereum,0xdf85ca6fd65e4b5a3dfa076b3f585437f3aabd18,Mikhail Kalinin,person,,mikhailkalinin.eth (consensus researcher ENS; self-used public ENS; community attribution caveat),https://app.ens.domains/mikhailkalinin.eth,community
ethereum,0xeab841b49ea16eb9e66f4aacd1052ab8738e5d52,Moody Salem,person,,moodysalem.eth (Uniswap eng ENS; self-used public ENS; community attribution caveat),https://app.ens.domains/moodysalem.eth,community
ethereum,0xb2ebc9b3a788afb1e942ed65b59e9e49a1ee500d,Nader Dabit,person,,dabit.eth (developer relations ENS; self-used public ENS; community attribution caveat),https://app.ens.domains/dabit.eth,community
ethereum,0x5554672e67ba866b9861701d0e0494ab324ad19a,nixo,person,,nixo.eth (builder ENS; self-used public ENS; community attribution caveat),https://app.ens.domains/nixo.eth,community
ethereum,0xac469c5df1ce6983ff925d00d1866ab780d402a4,norswap,person,,norswap.eth (builder ENS; self-used public ENS; community attribution caveat),https://app.ens.domains/norswap.eth,community
ethereum,0x8dbd1b711dc621e1404633da156fcc779e1c6f3e,Odysseas,person,,odysseas.eth (builder ENS; self-used public ENS; community attribution caveat),https://app.ens.domains/odysseas.eth,community
ethereum,0x20f41376c713072937eb02be70ee1ed0d639966c,Patrick Collins,person,,patrickalphac.eth (Cyfrin / education ENS; self-used public ENS; community attribution caveat),https://app.ens.domains/patrickalphac.eth,community
ethereum,0xe9fa0c8b5d7f79dec36d3f448b1ac4cedede4e69,pcaversaccio,person,,pcaversaccio.eth (security researcher ENS; self-used public ENS; community attribution caveat),https://app.ens.domains/pcaversaccio.eth,community
ethereum,0xa3eac0016f6581ac34768c0d4b99ddcd88071c3c,pet3rpan,person,,pet3rpan.eth (self-used public ENS; community attribution caveat),https://app.ens.domains/pet3rpan.eth,community
ethereum,0x0a13fa23a5ccbabb3817cff029b9b8e843d59f72,Peter Szilagyi,person,,karalabe.eth (go-ethereum lead ENS; self-used public ENS; community attribution caveat),https://app.ens.domains/karalabe.eth,community
ethereum,0xdf6c53df56f3992fc44195518a2d8b16306af9ff,Piper Merriam,person,,pipermerriam.eth (Ethereum tooling ENS; self-used public ENS; community attribution caveat),https://app.ens.domains/pipermerriam.eth,community
ethereum,0x7eae9e62add4f023cc521e2c5de1b6527a395cd2,Potuz,person,,potuz.eth (consensus client researcher ENS; self-used public ENS; community attribution caveat),https://app.ens.domains/potuz.eth,community
ethereum,0xf71e9c766cdf169edfbe2749490943c1dc6b8a55,Preston Van Loon,person,,prestonvanloon.eth (Prysm ENS; self-used public ENS; community attribution caveat),https://app.ens.domains/prestonvanloon.eth,community
ethereum,0xb21c33de1fab3fa15499c62b59fe0cc3250020d1,protolambda,person,,protolambda.eth (Ethereum researcher ENS; self-used public ENS; community attribution caveat),https://app.ens.domains/protolambda.eth,community
ethereum,0x3ed7bf997b7a91e9e8ab9ee2f7ce983bd37d6392,Raul Jordan,person,,rauljordan.eth (Prysm ENS; self-used public ENS; community attribution caveat),https://app.ens.domains/rauljordan.eth,community
ethereum,0x932f1d969f13d314f3d0a234a3ffcc88372cdff1,rekmarks,person,,rekmarks.eth (MetaMask eng ENS; self-used public ENS; community attribution caveat),https://app.ens.domains/rekmarks.eth,community
ethereum,0x5555763613a12d8f3e73be831dff8598089d3dca,Richard Moore,person,,ricmoo.eth (ethers.js ENS; self-used public ENS; community attribution caveat),https://app.ens.domains/ricmoo.eth,community
ethereum,0x64dcbead3b25b94c1c07158c8a6ad6517b95513e,Robert Leshner,person,,rleshner.eth (Compound founder ENS; self-used public ENS; community attribution caveat),https://app.ens.domains/rleshner.eth,community
ethereum,0xf65475e74c1ed6d004d5240b06e3088724dfda5d,Rune Christensen,person,,rune.eth (MakerDAO founder ENS; self-used public ENS; community attribution caveat),https://app.ens.domains/rune.eth,community
ethereum,0xc95c558daa63b1a79331b2ab4a2a7af375384d3b,samczsun,person,,samczsun.eth (security researcher ENS; self-used public ENS; community attribution caveat),https://app.ens.domains/samczsun.eth,community
ethereum,0x337280867ea1feaf9a47c79dc853dcf785bdd16d,Scoopy Trooples,person,,scoopy.eth (Alchemix founder ENS; self-used public ENS; community attribution caveat),https://app.ens.domains/scoopy.eth,community
ethereum,0xa87922d0074bcd82ac82816633cce68472548955,shemnon,person,,shemnon.eth (Besu / client ENS; self-used public ENS; community attribution caveat),https://app.ens.domains/shemnon.eth,community
ethereum,0x374bd185ee19fd9f8682eb875e5d0546a8d58cdd,Simon de la Rouviere,person,,simondlr.eth (builder ENS; self-used public ENS; community attribution caveat),https://app.ens.domains/simondlr.eth,community
ethereum,0x2e21f5d32841cf8c7da805185a041400bf15f21a,Stani Kulechov,person,,stani.eth (Aave founder ENS; community attribution caveat),https://app.ens.domains/stani.eth,community
ethereum,0xb5ce0a850edaffe5457e715def728835d3345968,Tarun Chitra,person,,tarunchitra.eth (Gauntlet ENS; self-used public ENS; community attribution caveat),https://app.ens.domains/tarunchitra.eth,community
ethereum,0x481f50a5bdccc0bc4322c4dca04301433ded50f0,Taylor Monahan,person,,tayvano.eth (MyCrypto founder ENS; community attribution caveat),https://app.ens.domains/tayvano.eth,community
ethereum,0xb2fba7f4384c517e1524846aba89393b3ef42042,Terence Tsao,person,,terence.eth (Prysm ENS; self-used public ENS; community attribution caveat),https://app.ens.domains/terence.eth,community
ethereum,0x7ae7d67ff01e8cc30ab8e534c2466b031f6b2b91,transmissions11,person,,t11s.eth (Solmate / Solady author ENS; self-used public ENS; community attribution caveat),https://app.ens.domains/t11s.eth,community
ethereum,0x5531db3f21a1723e6f4d95f93bc8220c6e9cffa2,Trent Van Epps,person,,trent.eth (Protocol Guild ENS; self-used public ENS; community attribution caveat),https://app.ens.domains/trent.eth,community
ethereum,0x1f5d295778796a8b9f29600a585ab73d452acb1c,Vectorized,person,,vectorized.eth (Solady author ENS; self-used public ENS; community attribution caveat),https://app.ens.domains/vectorized.eth,community
ethereum,0x7bfaf4c59aa4f011672b8e77789e1eb41abd654d,William Schwab,person,,wschwab.eth (builder ENS; self-used public ENS; community attribution caveat),https://app.ens.domains/wschwab.eth,community
ethereum,0x3e331406313e4b79a0bf8486428e65df19dd8d80,yupuday,person,,yupuday.eth (builder ENS; self-used public ENS; community attribution caveat),https://app.ens.domains/yupuday.eth,community
